facility_code,name,zip,address,longitude,latitude,method,matching_level
A010033,医療法人社団　池田内科,001-0901,北海道札幌市北区新琴似一条１３－１－７,141.30420215,43.11116242,geocoding,
A010038,医療法人社団　健志会　しのろ駅前医院,002-8024,北海道札幌市北区篠路四条６－１１－１７,141.3631033,43.14589833,geocoding,
A010037,医療法人社団　清香会　おおしま内科胃腸科クリニック,003-0023,北海道札幌市白石区南郷通１８丁目北３－２８,141.43469012,43.03150647,geocoding,
A010022,医療法人社団　小川医院,003-0027,北海道札幌市白石区本通１６丁目北１１－１４,141.43419265,43.03652812,geocoding,
A010098,医療法人社団　結樹会　スターフィールドクリニック札幌,003-0801,北海道札幌市白石区菊水１条３－２－１２　ＫＡＷＡＭＵＲＡ　ＢＬＤ　１階,141.37200551,43.05547155,geocoding,
A010029,中島内科胃腸科クリニック,003-0811,北海道札幌市白石区菊水上町１－３－３６,141.38235698,43.06422366,geocoding,
A010041,ＳＡＭ　ＣＬＩＮＩＣ,004-0033,北海道札幌市厚別区上野幌三条６－５－６,141.48045397,43.01028783,geocoding,
A010044,新札幌耳鼻咽喉科医院,004-0051,北海道札幌市厚別区厚別中央一条６－２－１５新札幌センタービル２階,141.47556659,43.0400957,geocoding,
A010082,医療法人　基仁会　新道東おおた内科,007-0837,北海道札幌市東区北三十七条東１５－１－２４,141.36799652,43.1074175,geocoding,
A050036,医療法人　工藤胃腸内科クリニック,010-0001,秋田県秋田市中通１－３－５秋田キャッスルホテル２Ｆ,140.12046261,39.71777778,geocoding,
A050059,大野小児科医院,010-0013,秋田県秋田市南通築地２－１５,140.12476821,39.71127309,geocoding,
A050065,ひかり桜ケアクリニック,010-0042,秋田県秋田市桜２－１７－２３,140.14972697,39.70928796,geocoding,
A050013,高橋内科医院,010-0042,秋田県秋田市桜４－１－１,140.15141018,39.70820757,geocoding,
A050068,男鹿みなと市民病院,010-0511,秋田県男鹿市船川港船川字海岸通り１号８－６,139.84680554,39.88500102,geocoding,3.0
A050043,お肌のクリニック,010-0864,秋田県秋田市手形住吉町１－３三愛会ビル２Ｆ,140.13002514,39.72532448,geocoding,
A050045,大町内科外科クリニック,010-0921,秋田県秋田市大町１－２－２３,140.11818208,39.72033854,geocoding,
A050005,医療法人　武田胃腸クリニック,010-0921,秋田県秋田市大町１－６－１２,140.11337411,39.72100499,geocoding,
A050001,島田クリニック,010-0931,秋田県秋田市川元山下町７－２１,140.10537522,39.71278619,geocoding,
A050006,はらだ小児科医院,010-0953,秋田県秋田市山王中園町２－１６,140.09705079,39.71436355,geocoding,
A050062,えのきこどもクリニック,010-0972,秋田県秋田市八橋田五郎２－１３－１８,140.09407798,39.72958121,geocoding,
A050008,中込内科医院,010-0973,秋田県秋田市八橋本町３－１－５,140.10181382,39.72300444,geocoding,
A050031,医療法人　健雄会　雄和もてぎクリニック,010-1223,秋田県秋田市雄和妙法字上大部９０－１,140.17005836,39.59212224,geocoding,
A050044,医療法人　杏仁会　御所野ひかりクリニック,010-1423,秋田県秋田市仁井田字横山２６０－１,140.15251415,39.67737239,geocoding,
A050061,小松内科クリニック,010-1425,秋田県秋田市御野場新町２－１０－１２,140.12318672,39.67131942,geocoding,
A050023,医療法人　藤盛レィディーズクリニック,010-8506,秋田県秋田市東通仲町４－１－４Ｆ,140.13146732,39.71581724,geocoding,
A050048,真崎耳鼻咽喉科医院,011-0946,秋田県秋田市土崎港中央６－８－３,140.07421994,39.75536927,geocoding,
A050037,医療法人　健生会　佐藤外科胃腸科,012-0037,秋田県湯沢市字沖鶴１６７－２,140.47795871,39.17362459,geocoding,
A050042,渡辺内科循環器科医院,013-0060,秋田県横手市条里３－３－１０,140.55366628,39.31607498,geocoding,
A050012,和賀胃腸科内科医院,013-0063,秋田県横手市婦気大堤字谷地添１２６,140.55302018,39.30330711,geocoding,
A050064,大野医院,014-0325,秋田県仙北市角館町東勝楽丁１７,140.56262669,39.59656773,geocoding,
A050003,かとうファミリークリニック,014-1201,秋田県仙北市田沢湖生保内字浮世坂７４－１,140.72127799,39.69714653,geocoding,
A050016,浅野耳鼻咽喉科医院,015-0802,秋田県由利本荘市表尾崎町１７－４,140.04813772,39.38702998,geocoding,
A050052,梵天内科クリニック,015-0843,秋田県由利本荘市東梵天１７１－１,140.06427055,39.38446588,geocoding,
A050034,佐々木産婦人科医院,015-0874,秋田県由利本荘市給人町３７－１,140.04254337,39.38843527,geocoding,
A050035,たなか耳鼻咽喉科医院,016-0861,秋田県能代市字彩霞長根３３－１,140.02880242,40.19365541,geocoding,
A050018,ふじた耳鼻咽喉科クリニック,017-0042,秋田県大館市字観音堂４２４－１,140.57420003,40.28334221,geocoding,
A050024,石田脳神経外科クリニック,017-0046,秋田県大館市清水１－１－６０,140.55229098,40.28592464,geocoding,
A030018,江村胃腸科内科医院,020-0044,岩手県盛岡市城西町７－３３,141.12611126,39.70328802,geocoding,
A030019,ゆとりが丘クリニック,020-0638,岩手県滝沢市土沢５４１,141.10269782,39.7478159,geocoding,
A030011,医療法人　ちだ内科・外科クリニック,020-0824,岩手県盛岡市東安庭１－２３－６０,141.16408896,39.68038592,geocoding,
A030001,医療法人社団　愛和会　盛岡南病院,020-0835,岩手県盛岡市津志田１３地割１８－４,141.15592961,39.65646858,geocoding,
A030031,医療法人泰悠会　大浦内科・歯科クリニック,020-0836,岩手県盛岡市津志田西二丁目１３－３,141.15028808,39.66381766,geocoding,6.0
A030027,医療法人　遠山病院,020-0877,岩手県盛岡市下ノ橋町６－１４,141.14885653,39.69705056,geocoding,
A030006,医療法人　中野内科循環器科クリニック,021-0053,岩手県一関市山目字中野５７－１,141.11468172,38.93483134,geocoding,
A030030,えんどう消化器科内科クリニック,022-0004,岩手県大船渡市猪川町字中井沢７－２,141.71333736,39.09172224,geocoding,6.0
A030007,いしかわ内科クリニック,024-0055,岩手県北上市大堤南１－１－２５,141.09935675,39.2617526,geocoding,
A030003,医療法人　愛久会　きたかみ駅前内科クリニック,024-0061,岩手県北上市大通り１－３－１おでんせプラザぐろーぶ２Ｆ,141.12001541,39.28199265,geocoding,
A030023,医療法人社団こうぶん会　みやこ後藤医院,027-0083,岩手県宮古市大通り１－３－２４,141.95193721,39.6415278,geocoding,
A030016,医療法人　弘誠会　阿部医院,029-0302,岩手県一関市東山町長坂字町３７９,141.24696785,38.98133083,geocoding,
A020015,医療法人　内科おひさまクリニック,030-0823,青森県青森市橋本１－９－２６,140.75386709,40.82402944,geocoding,
A020031,川口内科,030-0847,青森県青森市東大野１－８－４,140.74271003,40.8006318,geocoding,
A020008,高　内科小児科医院,030-0957,青森県青森市蛍沢３－１２－１５,140.80251062,40.79848089,geocoding,
A020023,剛　整形外科クリニック,030-0966,青森県青森市花園２－２２－３,140.77479011,40.82566589,geocoding,
A020040,医療法人　北村耳鼻咽喉科医院,031-0802,青森県八戸市小中野３－１－３０,141.50987605,40.51711103,geocoding,
A020019,医療法人　橋本耳鼻科クリニック,031-0823,青森県八戸市湊高台５－２０－１８,141.53665447,40.50782103,geocoding,
A020001,医療法人　悠陽　えと内科医院,034-0083,青森県十和田市西三番町１－２８,141.21103203,40.61356928,geocoding,
A020028,医療法人　相原内科医院,036-8062,青森県弘前市青山３－８－２,140.48036946,40.62228025,geocoding,
A020011,田中外科内科医院,038-3662,青森県北津軽郡板柳町大字板柳字土井２００,140.45507391,40.69802095,geocoding,
A020041,八戸西健診プラザ,039-1103,青森県八戸市長苗代字中坪７４－１,141.45058826,40.5168099,geocoding,
A020032,田名部整形外科,039-1165,青森県八戸市石堂１－５－２５,141.4796877,40.52809227,geocoding,
A010061,医療法人社団　守一会　北美原クリニック,041-0802,北海道函館市石川町３５０－１８,140.74441765,41.82707334,geocoding,
A010077,社会医療法人　仁生会　西堀病院,041-8555,北海道函館市中道２－６－１１,140.75835374,41.80579832,geocoding,
A010072,医療法人社団　三ッ山病院,047-0032,北海道小樽市稲穂１－９－２,140.99708899,43.19398035,geocoding,
A010089,医療法人社団　下地内科クリニック,050-0063,北海道室蘭市港北町１－１１－４,140.98563177,42.36111993,geocoding,
A010090,医療法人社団　はざま小児科クリニック,050-0073,北海道室蘭市宮の森町４－１２－１８,141.02648497,42.35545474,geocoding,
A010080,一般財団法人ハスカッププラザ　苫小牧市保健センター,053-0018,北海道苫小牧市旭町２－９－７,141.60538233,42.63121314,geocoding,
A010102,医療法人社団　保生会　沖医院,053-0018,北海道苫小牧市旭町４－４－１５,141.6064403,42.63346296,geocoding,6.0
A010007,吉川医院,053-0022,北海道苫小牧市表町５－２－３,141.59988795,42.6381456,geocoding,
A010010,医療法人社団　にっしん内科クリニック,053-0833,北海道苫小牧市日新町２－６－４３,141.54031767,42.63024685,geocoding,
A010008,医療法人社団　内科消化器科　サンクリニック,059-0032,北海道登別市新生町３－１１－１１,141.06245953,42.37524839,geocoding,
A010070,医療法人　札幌コロンビア内科,060-0001,北海道札幌市中央区北一条西３丁目時計台スクエアビル４階,141.35232617,43.0628784,geocoding,
A010086,医療法人社団　富田内科クリニック,060-0002,北海道札幌市中央区北二条西１－１マルイト札幌ビル２階,141.35566747,43.06446724,geocoding,
A010097,船員保険　北海道健康管理センター,060-0002,北海道札幌市中央区北二条西１－１マルイト札幌ビル４・５Ｆ,141.35566747,43.06446724,geocoding,
A010085,クリニック・イン・ザ・モーニング,060-0004,北海道札幌市中央区北四条西１６－１－３　栗林幌西ビル１階,141.3306945,43.06390244,geocoding,
A010101,医療法人社団進興会　札幌フジクリニック,060-0004,北海道札幌市中央区北四条西５－１アスティ４５　５Ｆ,141.34814298,43.06609734,geocoding,
A010088,社会医療法人交雄会メディカル　さっぽろ大通り内視鏡クリニック,060-0042,北海道札幌市中央区大通西４－６－１,141.35164022,43.06112025,geocoding,
A010003,公益財団法人パブリックヘルスリサーチセンター札幌商工診療所,060-0061,北海道札幌市中央区南一条西５－１５－２,141.35005437,43.05892322,geocoding,
A010069,一般財団法人　札幌同交会病院,060-0062,北海道札幌市中央区南２条西１９－２９１,141.32918972,43.05450627,geocoding,
A010100,医療法人社団　結仁会　浜田内科消化器科クリニック,060-0063,北海道札幌市中央区南三条西２－１－１Ｈ＆Ｂプラザ４Ｆ,141.356004,43.05690144,geocoding,
A010096,一般社団法人　日本健康倶楽部　北海道支部　さつきた健診の杜クリニック,060-0807,北海道札幌市北区北７条西４丁目１番地２　ＫＤＸ札幌ビル９Ｆ,141.34950932,43.06945256,geocoding,
A010006,公益財団法人　北海道結核予防会　札幌複十字総合健診センター,060-0808,北海道札幌市北区北８条西３－２８札幌エルプラザ５階,141.3499092,43.07091907,geocoding,
A010104,医療法人社団　明日佳　札幌きたはち健診センター,060-0808,北海道札幌市北区北八条西１－３さつきた８・１ビル１Ｆ,141.35307836,43.07153024,geocoding,6.0
A010017,医療法人社団　啓仁会　福島医院,061-3212,北海道石狩市花川北二条２－２０２－２,141.30694328,43.15941285,geocoding,
A010009,医療法人　新産健会　スマイル健康クリニック,062-0052,北海道札幌市豊平区月寒東二条１６－１－９６,141.41168168,43.02049859,geocoding,
A010105,南さっぽろ内科消化器クリニック,062-0931,北海道札幌市豊平区平岸１条２２丁目２－１５　ビッグハウスエクストラ２Ｆ,141.35767841,43.01469495,geocoding,6.0
A010049,クリニックもりや,063-0051,北海道札幌市西区宮の沢一条１－１－３宮の沢１条ビル２階,141.26606203,43.09453015,geocoding,
A010056,医療法人社団　友善会　琴似ファミリークリニック,063-0814,北海道札幌市西区琴似４条２丁目１－２コルテナⅡ１階,141.30274017,43.0816493,geocoding,
A010013,医療法人社団　太田内科歯科,063-0833,北海道札幌市西区発寒１３条３－７－４５,141.29404823,43.09918307,geocoding,
A010014,医療法人新産健会　ことに・メディカル・サポート・クリニック,063-0841,北海道札幌市西区八軒一条西１丁目ザ・タワープレイス１Ｆ,141.30852296,43.08226052,geocoding,
A010063,医療法人社団　小泉呼吸器科・内科クリニック,064-0801,北海道札幌市中央区南一条西２７－１－４１,141.31700733,43.05508077,geocoding,
A010004,医療法人社団明日佳　札幌健診センター,064-0810,北海道札幌市中央区南１０条西１－１－３０ホテルライフォート札幌５Ｆ,141.35716279,43.04700535,geocoding,
A010099,医療法人　同仁会　新千歳空港クリニック,066-0012,北海道千歳市美々９８７－２２新千歳空港ビル１Ｆ,141.67916917,42.78579806,geocoding,
A010103,医療法人社団仁尚会　千歳駅北クリニック,066-0027,北海道千歳市末広４－８－１０－２,141.6543214,42.83161992,geocoding,6.0
A010058,医療法人社団　尾谷内科,066-0037,北海道千歳市新富２－５－５,141.63698681,42.83303576,geocoding,
A010046,医療法人社団　岩見沢レディースクリニック,068-0028,北海道岩見沢市八条西１９－３－１,141.75278763,43.19144098,geocoding,
A010074,医療法人社団　ＣＯ・ＣＲＥＡ　江別記念病院,069-0812,北海道江別市幸町２２－１,141.53531885,43.10084674,geocoding,
A010043,医療法人社団　森野会　緑苑クリニック,069-0815,北海道江別市野幌末広町２－１２,141.51712928,43.0927609,geocoding,
A010002,医療法人一誠会　はらだ内科内視鏡健診クリニック,070-0031,北海道旭川市１条通１６丁目右７号,142.37243207,43.76125554,geocoding,
A010081,医療法人　社団　功和会　佐久間病院,070-0035,北海道旭川市５条通７丁目左７号,142.36057747,43.77025402,geocoding,
A010048,山川内科医院,080-0011,北海道帯広市西一条南１１－２０,143.20444906,42.91933868,geocoding,
A010075,医療法人社団　たかはし内科・呼吸器内科クリニック,080-0013,北海道帯広市西三条南４－１４三条メディカルセンタービル３Ｆ,143.20025742,42.9275819,geocoding,
A010064,トキワ医院,087-0041,北海道根室市常盤町２－４,145.5812535,43.33232826,geocoding,
A010068,医療法人　ケイ・アイ　オホーツクリハビリテーション病院,099-2102,北海道北見市端野町２区７９３－１,143.94226643,43.84923006,geocoding,
A130574,パレスクリニック,100-0003,東京都千代田区一ツ橋１－１－１パレスサイドビル１Ｆ,139.75708061,35.69116103,geocoding,
A131153,クリニックフォア大手町,100-0004,東京都千代田区大手町１－２－１Ｏｔｅｍａｃｈｉ　Ｏｎｅ　地下１階,139.76332197,35.68799765,geocoding,
A130971,リーレクリニック大手町,100-0004,東京都千代田区大手町１－３－２大手町カンファレンスセンター地下１階,139.76354415,35.68862815,geocoding,
A131331,医療法人財団　京映会　大手町あおぞら健診クリニック,100-0004,東京都千代田区大手町２－１－１大手町野村ビルＢ１Ｆ,139.76623296,35.68524248,geocoding,
A131231,医療法人社団　ＭＹメディカル　ＭＹメディカルクリニック大手町,100-0004,東京都千代田区大手町２－３－１大手町プレイス地下２階,139.76716063,35.686784,geocoding,
A130613,医療法人社団　榊原厚生会　榊原サピアタワークリニック,100-0005,東京都千代田区丸の内１－７－１２サピアタワー７Ｆ,139.76846338,35.68384824,geocoding,
A131169,ＭＡＲＵ　Ｂｙ　Ｔｏｋｙｏ　Ｂｕｓｉｎｅｓｓ　Ｃｌｉｎｉｃ,100-0005,東京都千代田区丸の内１－８－２鉄鋼ビルディング１階,139.77018826,35.68300116,geocoding,
A130915,医療法人社団　ウイリング　鉄鋼ビル丸の内クリニック,100-0005,東京都千代田区丸の内１－８－２鉄鋼ビルディング地下１階,139.77018826,35.68300116,geocoding,
A131387,Ｔｏｋｙｏ　Ｓｔａｔｉｏｎ　Ｉｎｔｅｒｎａｔｉｏｎａｌ　Ｃｌｉｎｉｃ,100-0005,東京都千代田区丸の内１－９－１　ＪＲ東日本東京駅構内グランルーフ１Ｆ,139.76677464,35.68183174,geocoding,
A131167,東京ビジネスクリニック　グランスタ丸の内,100-0005,東京都千代田区丸の内１－９－１ＪＲ東日本東京駅構内地下１階,139.76677464,35.68183174,geocoding,
A130527,一般財団法人　日本がん知識普及協会　付属　有楽町電気ビルクリニック,100-0006,東京都千代田区有楽町１－７－１,139.76123364,35.67441296,geocoding,
A131154,日比谷クリニック,100-0006,東京都千代田区有楽町１－７－１有楽町電気ビル南館３階,139.76123364,35.67441296,geocoding,
A131128,クリニックフォア有楽町,100-0006,東京都千代田区有楽町２－７－１イトシアＢ１Ｆ,139.76375288,35.67428804,geocoding,
A130923,帝国クリニック,100-0011,東京都千代田区内幸町１－１－１帝国ホテル本館４階,139.75954221,35.67180487,geocoding,
A130019,医療法人社団　青十字会　日比谷国際クリニック,100-0011,東京都千代田区内幸町２－２－３日比谷国際ビル地下１階,139.75435659,35.67037711,geocoding,
A130727,一般財団法人　健康医学協会　附属　霞が関ビル診療所,100-6003,東京都千代田区霞が関３－２－５霞が関ビル３階,139.74720716,35.67131016,geocoding,
A131000,医療法人社団　Ｔ．Ｏ．Ｐ．ドクターズ　東京国際クリニック,100-6209,東京都千代田区丸の内１－１１－１パシフィックセンチュリープレイス丸の内９Ｆ,139.76683582,35.67810437,geocoding,
A131252,ウェルスリープクリニック東京,100-6210,東京都千代田区丸の内１－１１－１パシフィックセンチュリープレイス丸の内１０Ｆ,139.76683582,35.67810437,geocoding,
A130805,読売健康保険組合　読売クリニック,100-8055,東京都千代田区大手町１－７－１読売新聞ビル６Ｆ,139.76449414,35.687145,geocoding,
A130032,医療法人社団　友好会　秋葉原メディカルクリニック,101-0021,東京都千代田区外神田１－１６－９朝風二号館ビル６Ｆ,139.77246843,35.69728303,geocoding,
A131415,医療法人社団ウイリング　ヘルスケアクリニック秋葉原,101-0021,東京都千代田区外神田１－１７－６アトレ秋葉原１　　５Ｆ,139.77284615,35.6986329,geocoding,
A131244,医療法人社団　友好会　秋葉原メディカルクリニック　アネックス,101-0022,東京都千代田区神田練塀町６８ムラタヤビル４Ｆ,139.77490155,35.70087161,geocoding,
A130995,医療法人社団　碧桜　秋葉原駅クリニック,101-0025,東京都千代田区神田佐久間町２－１大原ビル４Ｆ,139.77582391,35.69748032,geocoding,
A131313,スリークラウンメディカル,101-0032,東京都千代田区岩本町１－１３－５ＳＳスマートビル１階,139.7790768,35.69349752,geocoding,6.0
A131395,岩本町アザレアクリニック,101-0032,東京都千代田区岩本町３－４－１広瀬ビル２Ｆ,139.77698236,35.69490841,geocoding,
A130938,医療法人社団　鈴森内科クリニック,101-0033,東京都千代田区神田岩本町１番地岩本町ビル４Ｆ,139.77481567,35.69606101,geocoding,
A130473,医療法人財団　同仁記念会　明和病院　健診センター,101-0041,東京都千代田区神田須田町１－１８－３階,139.77106021,35.69551929,geocoding,
A131109,神田すこやかクリニック,101-0041,東京都千代田区神田須田町１－３０－１パークホームズ千代田淡路町１０４,139.76954087,35.6949943,geocoding,
A130341,二宮内科クリニック,101-0044,東京都千代田区鍛冶町１－９－１第２大久保ビル３Ｆ,139.77244638,35.69039765,geocoding,
A130850,奥田医院,101-0046,東京都千代田区神田多町２－９,139.76878815,35.69423603,geocoding,
A130099,医療法人社団　裕健会　神田クリニック健康管理センター,101-0047,東京都千代田区内神田２－４－１,139.76868825,35.68991427,geocoding,
A131500,クリニックフォア神保町,101-0051,東京都千代田区神田神保町２－８－１４神保町専大通りビル１Ｆ,139.75551662,35.69679093,geocoding,6.0
A130143,医療法人社団　雄治会　小川町メディカルクリニック,101-0052,東京都千代田区神田小川町２－１２進興ビルＢ１Ｆ,139.76482167,35.69519692,geocoding,
A130016,医療法人財団　福音医療会　神田キリスト教診療所,101-0053,東京都千代田区神田美土代町７ー４,139.76613276,35.69338882,geocoding,
A130930,医療法人社団　寿会　千代田診療所,101-0054,東京都千代田区神田錦町１－９,139.76397734,35.69272772,geocoding,
A131408,医療法人財団　小畑会　浜田病院,101-0062,東京都千代田区神田駿河台２－５,139.76083553,35.70039345,geocoding,6.0
A130367,水道橋メディカルクリニック,101-0065,東京都千代田区西神田１－４－１１－３０１,139.75702193,35.69993784,geocoding,
A130598,公益財団法人　結核予防会　総合健診推進センター,101-8372,東京都千代田区神田三崎町１－３－１２,139.75596363,35.70085437,geocoding,
A131129,クリニックフォア飯田橋,102-0071,東京都千代田区富士見２－７－１プラーノ１Ｆ,139.74457289,35.70068188,geocoding,
A130472,医療法人社団　慶洋会　ケイアイ飯田橋クリニック,102-0072,東京都千代田区飯田橋３－１０－１０ガーデン・エア・タワー２階,139.75053352,35.70046262,geocoding,
A130234,医療法人社団　高典会　飯田橋クリニック,102-0072,東京都千代田区飯田橋４－６－９ＳＴビル２Ｆ,139.74693378,35.70091803,geocoding,
A131392,飯田橋みみ・はな・のどクリニック,102-0072,東京都千代田区飯田橋４－９－１０細谷ビル６Ｆ,139.74554776,35.70175124,geocoding,
A130969,九段下駅前ココクリニック,102-0073,東京都千代田区九段北１－２－１九段中央ビル３階,139.75183361,35.69606036,geocoding,
A130160,一般財団法人　全日本労働福祉協会　九段クリニック,102-0073,東京都千代田区九段北１－９－５,139.75095027,35.69770182,geocoding,
A131254,一般社団法人　ミエルカクリニック　ＬＳクリニック東京,102-0074,東京都千代田区九段南１－６－５九段会館テラスＢ１０９,139.74937273,35.69508818,geocoding,
A131467,医療法人社団Ｎｏｂｉｓｕｋｏ　半蔵門のびすここどもクリニック,102-0082,東京都千代田区一番町４－１６プルミエール一番町１Ｆ,139.74268469,35.6878249,geocoding,6.0
A130558,半蔵門心療クリニック,102-0083,東京都千代田区麹町１－１０澤田麹町ビルＢ１Ｆ,139.74238482,35.68513908,geocoding,
A130812,麹町クリニック,102-0083,東京都千代田区麹町３－４－７啓ビル５階,139.73770469,35.68443626,geocoding,
A130561,佐々木内科クリニック,102-0083,東京都千代田区麹町４－４－６麹町４丁目小倉ビル２Ｆ,139.7352077,35.68425566,geocoding,
A131310,医療法人社団リンク　ＴＭクリニック麹町,102-0083,東京都千代田区麹町６－２－３０麹町ニュー彌彦ビル２Ｆ,139.73334671,35.68521663,geocoding,
A130738,常喜医院,102-0085,東京都千代田区六番町７－１番町グロリアビル１階,139.73444097,35.68739697,geocoding,
A130719,大森胃腸科,102-0092,東京都千代田区隼町２－１５,139.74187383,35.68313095,geocoding,
A131156,医療法人社団プラタナス　あなたのための統合ヘルスクリニック　イーク紀尾井町,102-0094,東京都千代田区紀尾井町１－２東京ガーデンテラス紀尾井町３Ｆ,139.73694799,35.67969495,geocoding,
A130944,紀尾井町内科,102-0094,東京都千代田区紀尾井町３－１ＫＫＤビル１階,139.735255,35.68195037,geocoding,
A130726,一般財団法人　健康医学協会　附属　東都クリニック,102-0094,東京都千代田区紀尾井町４－１ホテルニューオータニガーデンタワー２Ｆ,139.73493562,35.68120044,geocoding,
A131316,浜町どいクリニック,103-0004,東京都中央区東日本橋１－１－４－１Ｆ,139.78519071,35.69032583,geocoding,
A130721,医療法人社団　墨水会　浜町センタービルクリニック,103-0007,東京都中央区日本橋浜町２－３１－１浜町センタービル７階,139.78732154,35.68775399,geocoding,
A130887,医療法人社団　進興会　浜町公園クリニック,103-0007,東京都中央区日本橋浜町２－４２－１０東京紙商健保会館,139.78757989,35.6879012,geocoding,
A131447,さいとう内科・循環器クリニック,103-0011,東京都中央区日本橋大伝馬町１３－８－３Ｆ,139.78108791,35.69102841,geocoding,6.0
A131210,らいふサイエンス内科クリニック,103-0012,東京都中央区日本橋堀留町２－６－６ライフサイエンスビル５階,139.78089071,35.68936469,geocoding,
A131424,ｉこころクリニック日本橋,103-0012,東京都中央区日本橋堀留町２－６－６ライフサイエンスビル８Ｆ,139.78089904,35.68936747,geocoding,6.0
A130355,医療法人社団　高柳耳鼻咽喉科,103-0013,東京都中央区日本橋人形町２－２１－１－ＦＳビル２階,139.78448787,35.68593184,geocoding,
A131095,みんなの内科クリニック人形町・水天宮,103-0013,東京都中央区日本橋人形町２－２－３アライヴ人形町６階,139.78403773,35.68474861,geocoding,
A131035,医療法人社団　平郁会　日本橋かきがら町クリニック,103-0014,東京都中央区日本橋蛎殻町１－１０－４宮田ビル２階,139.78137661,35.68353198,geocoding,
A130766,ＫＫＣウエルネス東京日本橋健診クリニック,103-0015,東京都中央区日本橋箱崎町５－１４アルゴ日本橋ビル１階,139.78401223,35.67978244,geocoding,
A130778,つぶく医院,103-0016,東京都中央区日本橋小網町３－１２,139.78292353,35.68095452,geocoding,
A130126,医療法人社団　東京ハート会　日本橋ハートクリニック,103-0021,東京都中央区日本橋本石町３－２－１２社労士ビル２Ｆ,139.77083261,35.68743681,geocoding,
A130353,医療法人社団　小池医院,103-0022,東京都中央区日本橋室町１－１２－９,139.77548805,35.68618987,geocoding,
A130119,医療法人社団　中央みなと会　三井タワークリニック,103-0022,東京都中央区日本橋室町２－１－１日本橋三井タワー５Ｆ,139.77291032,35.68639255,geocoding,
A130358,日本橋内科・アレルギー科クリニック,103-0022,東京都中央区日本橋室町２－４－３－７Ｆ,139.77387974,35.68745634,geocoding,
A131147,日本橋室町三井タワー　ミッドタウンクリニック,103-0022,東京都中央区日本橋室町３－２－１日本橋室町三井タワー７Ｆ,139.77225754,35.68774515,geocoding,
A131089,日本橋・重田クリニック,103-0022,東京都中央区日本橋室町４－２－１３－５Ｆ,139.7719214,35.68976992,geocoding,
A130810,茅場町パークサイドクリニック,103-0025,東京都中央区日本橋茅場町２－２－１東石ビル１階,139.77764327,35.67952673,geocoding,
A130716,日本橋茅場町耳鼻咽喉科,103-0025,東京都中央区日本橋茅場町２－８－１０碧山ビル３Ｆ,139.77897093,35.67928791,geocoding,
A131102,鉄鋼会館診療所,103-0025,東京都中央区日本橋茅場町３－２－１０鉄鋼会館５階,139.77697661,35.67809908,geocoding,
A130033,医療法人社団兜中央会　中島クリニック,103-0026,東京都中央区日本橋兜町８－８,139.77774056,35.68125711,geocoding,
A131215,サルスクリニック日本橋,103-0027,東京都中央区日本橋２－８－１東京日本橋タワーアネックス地下１階,139.77511295,35.68156534,geocoding,
A131482,医療法人社団知正会　東京センタークリニック,103-0027,東京都中央区日本橋２－９－１０Ｌ．Ｂｉｚ日本橋３Ｆ,139.7748963,35.68136258,geocoding,6.0
A130552,医療法人社団　遼風会　栗原クリニック東京・日本橋,103-0027,東京都中央区日本橋３－２－６岩上ビル２階,139.77184095,35.68042092,geocoding,
A130111,医療法人財団　明理会　ＩＭＳ　Ｍｅ－Ｌｉｆｅクリニック東京,103-0027,東京都中央区日本橋３－６－２日本橋フロント２Ｆ,139.77248812,35.67960713,geocoding,
A130242,日本橋えがわクリニック,103-0028,東京都中央区八重洲１－４－１０八重洲仲通りビル８階,139.77176315,35.68225961,geocoding,6.0
A130430,八重洲ヤヨイクリニック,103-0028,東京都中央区八重洲１－５－２０東京建物八重洲さくら通りビル４Ｆ,139.7704216,35.6818735,geocoding,
A131332,ホリスティッククリニック東京,104-0028,東京都中央区八重洲２－１１－３ＬＩＮＥＶＩＥＷ京橋　３Ｆ,139.76677202,35.67575185,geocoding,
A130557,医療法人社団　ＢＯＨ　細野クリニック,104-0031,東京都中央区京橋１－６－１１カンケン京橋ビル２Ｆ,139.77210485,35.67742959,geocoding,
A131173,医療法人社団明日望　東京アスボクリニック,104-0031,東京都中央区京橋２－２－１京橋エドグラン２４Ｆ,139.76944118,35.67749617,geocoding,
A130954,医療法人社団　順医会　京橋クリニック,104-0031,東京都中央区京橋２－５－２２キムラヤビル２階,139.77023004,35.6764963,geocoding,
A130644,医療法人扶桑会（財団）　中田診療所,104-0031,東京都中央区京橋２－８－１６中田診療所内科宛,139.77119383,35.67721292,geocoding,
A131118,京橋内科医院,104-0031,東京都中央区京橋２－８－２１昭和ビル別館４Ｆ,139.77082163,35.67747399,geocoding,
A131364,一般社団法人　白鯨会　八丁堀内科・泌尿器科・消化器内科　イサナクリニック,104-0032,東京都中央区八丁堀４－６－５キスワイヤ八丁堀ビル４Ｆ,139.77526857,35.67451332,geocoding,
A130713,医療法人社団　進興会　東京ダイヤビルクリニック,104-0033,東京都中央区新川１－２８－２５東京ダイヤビルディング３号館１Ｆ,139.78434832,35.67501352,geocoding,
A130013,医療法人社団　中央みなと会　中央みなとクリニック,104-0044,東京都中央区明石町８－１聖路加タワー２階,139.77870469,35.66708367,geocoding,
A130797,医療法人社団　慶友　慶友銀座クリニック,104-0045,東京都中央区築地１－１３－１１－２Ｆ,139.76982761,35.66772224,geocoding,
A130122,医療法人社団　春令会　築地クリニック,104-0045,東京都中央区築地６－２５－１０築地センタービル２・３Ｆ,139.77196647,35.66485595,geocoding,
A131120,医療法人社団　晴月会　月島耳鼻咽喉科,104-0052,東京都中央区月島１－８－１アイマークタワー２階,139.78319607,35.66446187,geocoding,
A130233,医療法人社団慶仁舎　月島タワークリニック,104-0052,東京都中央区月島２－１０－２ムーンアイランドタワー２Ｆ－２０２,139.78420713,35.66343701,geocoding,
A131464,月島きずなクリニック,104-0052,東京都中央区月島２－７－９,139.78429603,35.66270931,geocoding,6.0
A131460,医療法人社団新未来　晴海トリトン夢未来クリニック,104-0053,東京都中央区晴海１－８－１６晴海トリトンスクエア３Ｆ,139.78245191,35.65732652,geocoding,6.0
A131333,医療法人社団　晴月会　晴海耳鼻咽喉科,104-0053,東京都中央区晴海５－２－３１ららテラスＨＡＲＵＭＩ　ＦＬＡＧ　３Ｆ,139.77503884,35.65177972,geocoding,
A131334,一般社団法人　健陽会　勝どきビュータワークリニック,104-0054,東京都中央区勝どき１－８－１勝どきビュータワー２Ｆ,139.77666903,35.6597011,geocoding,
A131443,医療法人社団健杏会　杉野内科クリニック,104-0054,東京都中央区勝どき２－９－１２ＨＢビル勝どき３Ｆ,139.77810781,35.65925397,geocoding,6.0
A130654,医療法人社団東会　やべ耳鼻咽喉科,104-0061,東京都中央区銀座１－６－１３－１０６ギンザビル４Ｆ,139.76734146,35.67450478,geocoding,
A130921,吉川医院,104-0061,東京都中央区銀座１－９－１７,139.76870803,35.67391043,geocoding,
A131137,銀座リハビリ整形外科,104-0061,東京都中央区銀座３－２－１１ＧＩＮＺＡ　ＳＡＬＯＮＥ　３Ｆ,139.76482228,35.67314652,geocoding,
A131073,松屋通りクリニック,104-0061,東京都中央区銀座３丁目１２－１１第２タチバナ銀座ビル３階,139.76869981,35.67024417,geocoding,
A130124,医療法人社団　神和会　銀座富士クリニック,104-0061,東京都中央区銀座４－１１－２,139.7682693,35.67021916,geocoding,
A130040,医療法人財団　湖聖会　銀座医院,104-0061,東京都中央区銀座４－１２－１５歌舞伎座タワー１６Ｆ,139.76805267,35.66975808,geocoding,
A130464,銀座並木通りクリニック,104-0061,東京都中央区銀座４－２－２第一弥生ビル７Ｆ,139.76445843,35.67281044,geocoding,
A131296,医療法人社団　医成会　みらいメディカルクリニック銀座,104-0061,東京都中央区銀座５－９－１５銀座清月堂ビル４Ｆ,139.76492514,35.67006909,geocoding,
A131066,銀座内科・神経内科クリニック,104-0061,東京都中央区銀座６－１２－１０銀座龍岡ビル２Ｆ,139.76422804,35.66880532,geocoding,
A130799,レイクリニック,104-0061,東京都中央区銀座６－７－７第３岩月ビル２０１,139.76264756,35.6703801,geocoding,
A131386,医療法人順正会　ヴェスタクリニック銀座,104-0061,東京都中央区銀座７－１３－２ティアラグレイス銀座タワー８Ｆ,139.7646447,35.66813873,geocoding,
A130333,松本クリニック銀座,104-0061,東京都中央区銀座７－１５－３第５安田ビル２Ｆ,139.76535857,35.66721663,geocoding,
A130113,銀座高沢内科,104-0061,東京都中央区銀座８－１２－５峯田ビル３Ｆ,139.76298376,35.66746932,geocoding,
A130630,銀座ハートクリニック,104-0061,東京都中央区銀座８－１６－５銀座中央ビル１Ｆ,139.76371431,35.66591673,geocoding,
A130226,銀座しまだ内科クリニック,104-0061,東京都中央区銀座８－４－２６イワキビル４Ｆ,139.76028667,35.66949958,geocoding,
A131502,ＴＡＫＡＮＡＷＡ　ＧＡＴＥＷＡＹ　Ｃｌｉｎｉｃｓ　睡眠・呼吸器,104-0074,東京都港区高輪２－２２－１ＴＨＥ　ＬＩＮＫＰＩＬＬＡＲ２　５階,139.74075342,35.63760543,geocoding,6.0
A131182,虎ノ門中村クリニック,105-0001,東京都港区虎ノ門３－１０－４虎ノ門ガーデン１０３,139.74773237,35.6648081,geocoding,
A130438,神谷町クリニック,105-0001,東京都港区虎ノ門３－１７－１ＴＯＫＹＵＲＥＩＴ虎ノ門ビル１階,139.74656028,35.66416092,geocoding,
A131290,かつき虎ノ門クリニック,105-0001,東京都港区虎ノ門３－８－２６巴町アネックス地下一階,139.74751844,35.66631349,geocoding,6.0
A130635,医療法人社団藤美会　藤美クリニック,105-0003,東京都港区西新橋１－２４－１６平和ビル６階,139.75136524,35.66874388,geocoding,
A130928,医療法人社団ＧＲＡＣＥ　チームメディカルクリニック,105-0003,東京都港区西新橋１－５－１４内幸町ビル１階,139.75316228,35.66940219,geocoding,
A130793,西新橋みむろクリニック,105-0003,東京都港区西新橋１－５－９－４Ｆル・グラシエルＢＬＤＧ．７０,139.7538289,35.66913001,geocoding,
A130029,医療法人社団康生会　シーエスケー・クリニック,105-0004,東京都港区新橋１－１３－１２堤ビル４Ｆ,139.75786194,35.66803579,geocoding,
A130605,医療法人社団　神州　日比谷公園健診クリニック,105-0004,東京都港区新橋１－１８－１航空会館４Ｆ,139.75558987,35.66891619,geocoding,
A131113,クリニックフォア新橋,105-0004,東京都港区新橋１－４－５ＦＰＧリンクス新橋９Ｆ,139.75920906,35.66791084,geocoding,
A131047,銀座ベレアージュクリニック　ＫＯＭＡＴＳＵ健診センター,105-0004,東京都港区新橋２－１９－４新橋ＳＮＴビル　２階,139.75972295,35.66672765,geocoding,6
A131223,医療法人社団　東雲会　新橋虎ノ門健康クリニック,105-0004,東京都港区新橋３－１－９－３０１新橋ビルディング３Ｆ,139.75423176,35.66621923,geocoding,
A130045,医療法人社団　新青会　新橋青木クリニック,105-0004,東京都港区新橋３－２３－４,139.75795095,35.66456673,geocoding,
A130008,医療法人社団　進興会　セラヴィ新橋クリニック,105-0004,東京都港区新橋４－３－１新虎安田ビル４Ｆ,139.75455955,35.66523601,geocoding,
A131064,医療法人社団　悠翔会　悠翔会在宅クリニック新橋,105-0004,東京都港区新橋５－１４－１０新橋スクエアビル７Ｆ,139.75610955,35.66196975,geocoding,
A131335,一般財団法人　労働医学研究会　新橋クリニック,105-0004,東京都港区新橋５－１５－５交通ビル２Ｆ,139.75592345,35.66210306,geocoding,
A131493,一般社団法人患者目線　患者目線のクリニック,105-0004,東京都東京都港区新橋１－９－５ＫＤＸ新橋駅前ビル８Ｆ,139.76002291,35.66713316,geocoding,6
A130027,医療法人社団　ケイセイ会　パークサイドクリニック,105-0011,東京都港区芝公園２－６－８日本女子会館ビル２Ｆ,139.75061856,35.65557585,geocoding,
A130774,医療法人社団　生栄会　浜松町メディカルクリニック,105-0012,東京都港区芝大門２－３－１１芝清水ビル１Ｆ,139.7538405,35.65578147,geocoding,
A131224,ＤＮ画像診断クリニック東京,105-0012,東京都港区芝大門２－５－５住友芝大門ビル１Ｆ,139.75407939,35.65519265,geocoding,
A131479,医療法人社団天宣会　汐留健診クリニック,105-0013,東京都港区浜松町１－１７－１０,139.75604302,35.65813682,geocoding,6
A131068,ながさき内科医院,105-0013,東京都港区浜松町２－３－１日本生命浜松町クレアタワー４Ｆ,139.75561257,35.65597594,geocoding,
A130359,芝公園クリニック,105-0014,東京都港区芝３－１５－５－３Ｆ,139.7454163,35.65362315,geocoding,
A130023,医療法人社団　六医会　汐留シティセンターセントラルクリニック,105-0021,東京都港区東新橋１－５－２汐留シティセンター３Ｆ,139.76105066,35.66538616,geocoding,
A131201,竹芝水辺のクリニック,105-0022,東京都港区海岸１－１０－３０アトレ竹芝タワー棟３階,139.76281475,35.6559928,geocoding,
A130714,医療法人社団　進興会　浜松町ハマサイトクリニック,105-0022,東京都港区海岸１－２－２０汐留ビルディング２Ｆ,139.75959554,35.65697593,geocoding,
A130610,芝浦スリーワンクリニック,105-0023,東京都港区芝浦１－３－１０チサンホテル浜松町１Ｆ,139.75566554,35.64996827,geocoding,
A131298,虎ノ門ヒルズ桜十字クリニック,105-5505,東京都港区虎ノ門２－６－３　虎ノ門ヒルズステーションタワー５Ｆ,139.74734897,35.66755779,geocoding,
A130039,城山ガーデン桜十字クリニック,105-6003,東京都港区虎ノ門４－３－１城山トラストタワー３Ｆ,139.74313555,35.66481911,geocoding,
A131237,ＴＯＫＹＯウェルネスクリニック神谷町,105-6902,東京都港区虎ノ門４－１－１神谷町トラストタワー２Ｆ,139.74536589,35.66516912,geocoding,
A130578,汐留ガーデンクリニック,105-7090,東京都港区東新橋１－８－２カレッタ汐留Ｂ１,139.76235058,35.66492792,geocoding,
A130845,医療法人社団　優春会　伊原医院,105-7290,東京都港区東新橋１－７－１汐留メディアタワー地下２階,139.75954532,35.66328913,geocoding,
A130360,医療法人社団　光輝会　麻布光輝クリニック,106-0031,東京都港区西麻布３－３－２,139.72705389,35.65805833,geocoding,
A130038,泉ガーデン桜十字クリニック,106-0032,東京都港区六本木１－６－３泉ガーデンウイングＢ１Ｆ,139.73902759,35.66421073,geocoding,
A130941,六本木ＨＡＴクリニック,106-0032,東京都港区六本木３－１－１六本木Ｔ－ＣＵＢＥ　２Ｆ,139.73825538,35.66576054,geocoding,
A130271,医療法人社団　健徳会　わかばクリニック,106-0032,東京都港区六本木７－１５－１０クローバービル６Ｆ,139.73069784,35.6627718,geocoding,
A130815,さくら坂クリニック　ＳｏｐｈｙＡｎｃｅ,106-0032,東京都港区六本木７－７－１３アトラスタワー六本木２Ｆ,139.72857572,35.66486319,geocoding,
A131365,医療法人社団　なかよし会　麻布台クリニック,106-0041,東京都港区麻布台１－３－１麻布台ヒルズ森ＪＰタワー４Ｆ,139.74062203,35.6609028,geocoding,
A130885,医療法人社団　ヴェリタス・メディカル・パートナーズ　麻布医院,106-0045,東京都港区麻布十番１－１１－１エスティメゾン麻布十番３階,139.73620037,35.65590045,geocoding,
A131434,東京タワーヴュークリニック麻布十番,106-0045,東京都港区麻布十番２－１４－６イイダビル１Ｆ,139.7356199,35.65478945,geocoding,6
A130083,医療法人社団　桜倫会　麻布整形外科クリニック,106-0045,東京都港区麻布十番３－６－９ヒルサイド麻布１階,139.73459783,35.65307294,geocoding,
A131367,広尾クリニック内科・消化器,106-0047,東京都港区南麻布５－１０－２６－７Ｆ,139.72244062,35.65286712,geocoding,
A131508,六本木ヒルズ桜十字クリニック,106-6106,東京都港区六本木６－１０－１六本木ヒルズ森タワー６階,139.72924528,35.66040813,geocoding,6
A130133,医療法人財団厚生会　古川橋病院,106-8581,東京都港区南麻布２－１０－２１,139.73524518,35.64800964,geocoding,
A130970,湊メディカルクリニック,107-0052,東京都港区赤坂２－１１－３福田ビルウエスト２Ｆ,139.74117995,35.67013236,geocoding,
A131400,赤坂メディカルクリニック,107-0052,東京都港区赤坂２－１７－２２赤坂トラストタワー１Ｆ,139.7407661,35.67000459,geocoding,
A130241,医療法人社団　順幸会　小林メディカルクリニック東京,107-0052,東京都港区赤坂２－３－５赤坂スターゲイトプラザ２階,139.74174375,35.67121837,geocoding,
A130383,医療法人社団　大星会　大星クリニック,107-0052,東京都港区赤坂２－９－１１オリックス赤坂２丁目ビルＢ１,139.74094938,35.67115447,geocoding,
A130285,医療法人社団　健若会　東京予防医療クリニック,107-0052,東京都港区赤坂３－１３－１０新赤坂ビル５Ｆ,139.73728851,35.67300695,geocoding,
A130802,赤坂桜十字クリニック,107-0052,東京都港区赤坂３－２１－１３キーストーン赤坂ビル２Ｆ,139.7357135,35.67668707,geocoding,
A130586,医療法人順齢會　赤坂おだやかクリニック,107-0052,東京都港区赤坂５－３－１赤坂Ｂｉｚタワー２階,139.73643302,35.67332912,geocoding,
A131186,一般社団法人　秀令会　ＭＥＰ南青山,107-0062,東京都港区南青山１－３－３パークアクシス南青山一丁目タワーＮ棟５階,139.7252813,35.67151795,geocoding,
A130894,中山医院,107-0062,東京都港区南青山３－１４－１９,139.71451308,35.66491846,geocoding,
A131481,Ｓｔａｙ　Ｆｉｔ　Ｃｌｉｎｉｃ,107-0062,東京都港区南青山３－１－５－５Ｆ,139.71650442,35.66849588,geocoding,6
A130012,一般財団法人　産業医学研究財団　アークヒルズクリニック,107-6003,東京都港区赤坂１－１２－３２アーク森ビル３Ｆ,139.74010516,35.66715489,geocoding,
A131229,医療法人社団　赤坂パークビル脳神経外科　菅原クリニック　東京脳ドック,107-6102,東京都港区赤坂５－２－２０赤坂パークビル２Ｆ,139.73336664,35.67275966,geocoding,
A130712,医療法人社団ミッドタウンクリニック　東京ミッドタウンクリニック,107-6206,東京都港区赤坂９－７－１ミッドタウン・タワー６Ｆ,139.73132543,35.66610479,geocoding,
A130522,医療法人社団　赤坂記念小澁会　メディカルスクエア赤坂,107-6402,東京都港区赤坂２－１７－２２赤坂トラストタワー２Ｆ,139.7407661,35.67000459,geocoding,
A130926,東京シティクリニック三田,108-0014,東京都港区芝４－５－８池藤ビル２階,139.75129374,35.64880718,geocoding,
A130769,医療法人社団　健勝会　港三田クリニック,108-0014,東京都港区芝５－１－１３ＭＡビル三田Ⅱ６階,139.74509145,35.64999022,geocoding,
A130076,医療法人社団　重宣会　鈴木胃腸消化器クリニック,108-0014,東京都港区芝５－２７－１,139.74566372,35.64714611,geocoding,
A131360,医療法人社団　ＭＹメディカル　ＭＹメディカルクリニック田町三田,108-0014,東京都港区芝５－３３－１１田町タワー４Ｆ,139.74852461,35.64679344,geocoding,
A131112,クリニックフォア田町,108-0023,東京都港区芝浦３－１－３２なぎさテラス４階,139.74867189,35.64469368,geocoding,
A131414,芝浦クリニック,108-0023,東京都港区芝浦３－１６－１中野興産ビル１Ｆ,139.74973857,35.64219402,geocoding,
A130154,芝浦健診クリニック,108-0023,東京都港区芝浦３－１８－１７東京港健保３Ｆ,139.75053019,35.64188297,geocoding,
A130980,医療法人社団　広進会　芝浦アイランド皮フ科,108-0023,東京都港区芝浦４－２０－４芝浦アイランドブルームホームズ２階,139.75186354,35.63890839,geocoding,
A130877,医療法人社団白慈会　白金坂の上診療所,108-0071,東京都港区白金台４－７－８ストーリア白金２階,139.72556864,35.6379439,geocoding,
A131139,医療法人社団千和会　白金タワークリニック,108-0072,東京都港区白金１－１７－１,139.73335103,35.64465442,geocoding,
A130786,医療法人社団勝優会　たまちホームクリニック,108-0073,東京都港区三田３－１－４Ｎｅｔ．１三田ビル１階,139.7433028,35.64771821,geocoding,
A131326,五良会クリニック白金高輪,108-0074,東京都港区高輪１－３－１プレミストタワー白金高輪１Ｆ,139.73500647,35.64369068,geocoding,
A131193,白金高輪駅前内科糖尿病クリニック,108-0074,東京都港区高輪１－４－１３－２階,139.73419547,35.64245469,geocoding,
A131074,医療法人社団　暁心会　品川ハートメディカルクリニック,108-0074,東京都港区高輪２－１５－１１高輪ホワイトマンション１階,139.73883693,35.63736095,geocoding,
A131497,医療法人社団創青会　ＴＡＫＡＮＡＷＡ　ＧＡＴＥＷＡＹ　Ｃｌｉｎｉｃｓ　内科・健診,108-0074,東京都港区高輪２－２２ー１ＴＨＥＬＩＮＫＰＩＬＬＡＲ２４Ｆ,139.74075342,35.63760543,geocoding,6
A130384,城南高輪クリニック,108-0074,東京都港区高輪３－５－２０－１Ｆ,139.73137658,35.63388059,geocoding,
A130814,一般財団法人　ライフ・プランニング・センター　日野原記念クリニック,108-0074,東京都港区高輪４－１０－８京急第７ビル２Ｆ,139.73559581,35.6289257,geocoding,
A130984,東京インターナショナルクリニック,108-0074,東京都港区高輪４－１８－１９ネットロックビル２Ｆ,139.73420438,35.6256455,geocoding,6
A131390,品川シーズンテラス健診クリニック,108-0075,東京都港区港南１－２－７０品川シーズンテラス５Ｆ,139.74248957,35.63257275,geocoding,
A131532,東京品川フロントクリニック,108-0075,東京都港区港南２－１６－１品川イーストワンタワー３０７－Ａ,139.740751,35.62780379,geocoding,6
A130217,品川ストリングスクリニック,108-0075,東京都港区港南２－１６－１品川イーストワンタワー３Ｆ　３０７－Ｃ,139.740751,35.62780379,geocoding,6
A131351,医療法人社団　同友会　品川クリニック,108-0075,東京都港区港南２－１６－３品川グランドセントラルタワー１階,139.74097603,35.62661227,geocoding,
A130961,一般財団法人　健康予防医学財団　みなと健診クリニック,108-0075,東京都港区港南２－５－３オリックス品川ビル２Ｆ,139.74305355,35.62871487,geocoding,
A130125,品川ワールドシティ内科・小児科・内視鏡内科クリニック,108-0075,東京都港区港南４－６－７キャピタルタワー３階,139.75068353,35.62772913,geocoding,
A131399,医療法人社団佳有会　品川イーストクリニック,108-6102,東京都港区港南２－１５－２品川インターシティＢ棟２階,139.74202315,35.62709559,geocoding,
A131524,うえの桜木耳鼻咽喉科,110-0002,東京都台東区上野桜木２－１９－８,139.77341187,35.72284731,geocoding,6
A130062,医療法人社団　せいおう会　鶯谷健診センター,110-0003,東京都台東区根岸２－１９－１９,139.775795,35.72550551,geocoding,
A130765,一般社団法人　オリエンタル労働衛生協会東京支部　オリエンタル上野健診センター,110-0005,東京都台東区上野１－２０－１１,139.77261242,35.70759864,geocoding,
A131143,上野御徒町桜十字クリニック,110-0005,東京都台東区上野３－２１－５ＢＩＮＯ御徒町５Ｆ,139.77397077,35.70624048,geocoding,
A131388,東京ビジネスクリニック　エキュート上野,110-0005,東京都台東区上野７－１－１　ＪＲ東日本上野駅３Ｆエキュート上野,139.77732857,35.7135843,geocoding,
A131202,医療法人社団　光峰会　おのだ医院,111-0024,東京都台東区今戸１－３－１３－２０１,139.80492103,35.7193711,geocoding,
A130846,医療法人社団哺育会　浅草病院,111-0024,東京都台東区今戸２－２６－１５,139.80768235,35.72241289,geocoding,
A131126,浅草のもとクリニック,111-0032,東京都台東区浅草３－７－７アルファホームズ浅草１０１号室,139.79577971,35.71680099,geocoding,
A130389,医療法人社団　康裕会　浅草クリニック,111-0032,東京都台東区浅草４－１１－６,139.79658507,35.71856194,geocoding,
A131284,浅草きずなクリニック,111-0032,東京都台東区浅草６－９－２コレクションホースロード２Ｆ,139.79933227,35.71586514,geocoding,
A131200,医療法人社団ルーチェ会　Ｂｅｎｅ浅草健診クリニック,111-0033,東京都台東区花川戸１－４－１浅草ＥＫＩＭＩＳＥ７階,139.79841027,35.71204869,geocoding,
A130752,医療法人社団　英幸会　山田英明下町クリニック,111-0035,東京都台東区西浅草３－１６－６岩岡ビル１階,139.79209683,35.71488445,geocoding,
A130680,医療法人社団まこと会　服部医院,111-0041,東京都台東区元浅草３－４－７,139.7860146,35.7070018,geocoding,
A130549,四丁目クリニック,111-0041,東京都台東区元浅草４－６－４大塚ビル２Ｆ,139.78515893,35.70913212,geocoding,
A131227,蔵前まえだクリニック,111-0042,東京都台東区寿１－２－３ＡＴビル３階,139.78969772,35.70640745,geocoding,
A131070,あさくさ田原町内科クリニック,111-0042,東京都台東区寿２－１０－１１ＭＳ田原町ビル２Ｆ,139.79090845,35.7095405,geocoding,
A131090,医療法人社団　進興会　東プラ健診クリニック,111-0052,東京都台東区柳橋１－１－４東プラ健保会館２階,139.78785443,35.69549474,geocoding,
A131023,江戸通り　おだ内科・皮フ科,111-0052,東京都台東区柳橋１－２０－４深代ビル３階,139.7869348,35.69758338,geocoding,
A131474,クリニックフォア浅草橋,111-0052,東京都台東区柳橋１－２３－３ＶＯＲＴ浅草橋駅前２Ｆ,139.78697366,35.69790556,geocoding,6
A130900,公益財団法人ライフ・エクステンション研究所　付属　永寿総合病院柳橋分院,111-0052,東京都台東区柳橋２－２０－４,139.78970404,35.69894161,geocoding,
A130957,医の森クリニック　浅草橋　健診センター,111-0053,東京都台東区浅草橋１－３０－９ヒューリック浅草橋江戸通４階,139.78653474,35.6983555,geocoding,
A131407,ぎょうとく内科・内視鏡クリニック,111-0053,東京都台東区浅草橋３－１－９浅草橋金子ビル２階,139.78780952,35.70028587,geocoding,
A130647,医療法人社団　佐藤整形外科,111-0055,東京都台東区三筋１－７－３メゾン・ド佐藤４Ｆ,139.78494275,35.70322161,geocoding,
A130165,医療法人社団　翔健会　くろだ医院,112-0001,東京都文京区白山５－３６－９白山麻の実ビル２Ｆ,139.75169662,35.7206105,geocoding,
A130121,医療法人社団　同友会,112-0002,東京都文京区小石川１－１２－１６,139.75207456,35.7121336,geocoding,
A131272,文京ガーデン女性クリニック,112-0002,東京都文京区小石川１－１－７文京ガーデンセンターテラス２０３,139.7523413,35.70956721,geocoding,
A130784,小石川循環器内科クリニック,112-0002,東京都文京区小石川２－２４－１４,139.75110243,35.7116253,geocoding,
A130134,医療法人社団　弘寿会　小石川ホームクリニック,112-0002,東京都文京区小石川４－２０－１イトークリエイト小石川ビル３Ｆ,139.74133935,35.714172,geocoding,
A130239,医療法人社団　健永いずみ会　岩瀬クリニック,112-0006,東京都文京区小日向４－６－１５茗荷谷駅ビル４Ｆ,139.73680355,35.71735487,geocoding,
A130939,医療法人社団　春日会　伝通院クリニック,112-0006,東京都文京区小日向４－６－１８ステラメゾン茗荷谷２０１,139.73698409,35.71742154,geocoding,
A131336,せんごく駅前クリニック,112-0011,東京都文京区千石１－２６－７－１０１,139.74358315,35.72804273,geocoding,
A130967,医療法人栄仁会　みらいメディカルクリニック茗荷谷,112-0012,東京都文京区大塚１－４－１５アトラスタワー茗荷谷２０２,139.73614528,35.71752984,geocoding,
A130739,医療法人社団護友会　友成第二医院,112-0012,東京都文京区大塚５－４０－１８友成フォーサイトビル１Ｆ,139.72505166,35.72073195,geocoding,
A131506,ふくろうクリニック目白台,112-0015,東京都文京区目白台３－２８－１０　１Ｆ,139.72499901,35.71759063,geocoding,6
A130403,文京クリニック,113-0022,東京都文京区千駄木１－２３－３カーサリーナ千駄木２Ｆ,139.76049311,35.7248854,geocoding,
A130560,エミング千駄木クリニック,113-0022,東京都文京区千駄木３－４２－１６－２階,139.76461505,35.72762425,geocoding,
A130105,ダイナメディカル根津クリニック,113-0031,東京都文京区根津２－１４－９ダイナシティ文京根津１Ｆ,139.76618738,35.7182974,geocoding,
A130011,一般財団法人　近藤記念医学財団富坂診療所,113-0033,東京都文京区本郷１－３３－９,139.75477737,35.70604266,geocoding,
A130866,心陽クリニック,113-0033,東京都文京区本郷２－２９－３ＵＫ’Ｓビル３階,139.75963255,35.70584559,geocoding,
A130107,医療法人社団　七星会　カスガメディカルクリニック,113-0033,東京都文京区本郷４－２４－８ＶＯＲＴ本郷Ⅲ３Ｆ,139.75329394,35.71081988,geocoding,6
A131285,本郷耳鼻咽喉科クリニック,113-0033,東京都文京区本郷４－２－８フローラビルディング２Ｆ,139.75951579,35.70765095,geocoding,
A130798,御茶ノ水ファミリークリニック,113-0034,東京都文京区湯島１－９－１４プチモンドお茶の水８階,139.76609354,35.70202122,geocoding,
A130803,医療法人社団　聖桐会　御茶ノ水聖橋クリニック,113-0034,東京都文京区湯島１－９－１５茶州ビル２Ｆ,139.7659741,35.70187956,geocoding,
A131142,医療法人社団　廣和会　中島クリニック,114-0001,東京都北区東十条３－１－１４－１Ｆ,139.7283385,35.76432148,geocoding,
A130932,明理会中央総合病院,114-0001,東京都北区東十条３－２－１１,139.72873567,35.7647881,geocoding,
A130092,医療法人社団慈光会　八木病院,114-0001,東京都北区東十条４－１４－８,139.72667186,35.76713499,geocoding,
A131300,東十条ホープ内科・循環器内科クリニック,114-0001,東京都北区東十条４－６－１７,139.72873004,35.76664066,geocoding,
A131083,おおたけ整形外科・内科,114-0002,東京都北区王子１－８－１王子パークビル６階,139.73832697,35.75398957,geocoding,
A131151,白報会王子病院,114-0002,東京都北区王子２－１４－１３,139.73690199,35.75666424,geocoding,
A131337,としま町クリニック,114-0003,東京都北区豊島５－５－５－１０７,139.75216132,35.76637471,geocoding,
A130050,鈴木医院,114-0014,東京都北区田端１－１０－５,139.76070398,35.73275959,geocoding,
A131162,こまごめ内科・循環器内科クリニック,114-0014,東京都北区田端４－３－２山積ビル１Ｆ,139.75237664,35.73596435,geocoding,
A131110,さくらクリニック,114-0021,東京都北区岸町１－３－１伯清王子ビル３Ｆ,139.73637715,35.75384232,geocoding,
A130579,医療法人社団　健診会　東京メディカルクリニック,114-0023,東京都北区滝野川６－１４－９,139.72511739,35.74400706,geocoding,
A131338,西すがも滝野川内科・内視鏡クリニック,114-0023,東京都北区滝野川７－４０－７コンフォートレジデンス１０１,139.72361762,35.74153786,geocoding,
A131063,板橋医院,114-0023,東京都北区滝野川７－８－１２,139.72087325,35.74540681,geocoding,
A130205,医療法人社団　健風会　奥田クリニック,114-0023,東京都北区滝野川７－８－１ラフィネジュ板橋駅前１Ｆ,139.72087325,35.74521794,geocoding,
A130865,おひさまクリニック　小児科・耳鼻咽喉科,114-0034,東京都北区上十条１－１９－８,139.72320857,35.75962468,geocoding,
A130100,医療法人社団　十条銀座診療所,114-0034,東京都北区上十条２－３０－４,139.72152254,35.76108836,geocoding,
A130878,北本通り内科クリニック,115-0042,東京都北区志茂５－４－７メゾンダジュール１階,139.72775734,35.78252735,geocoding,
A131140,医療法人社団　ＡＴ　たむら内科クリニック,115-0043,東京都北区神谷２－２５－４,139.72693557,35.77053181,geocoding,
A130927,医療法人社団コンパス　コンパス内科歯科クリニック赤羽,115-0044,東京都北区赤羽南１－１９－１０プリミエール藤田１Ｆ,139.72399669,35.77673647,geocoding,
A130177,赤羽牧洋記念クリニック,115-0045,東京都北区赤羽１－１１－２,139.72211898,35.77971655,geocoding,
A130493,医療法人社団景星会赤羽　赤羽東口病院,115-0045,東京都北区赤羽１－３８－５,139.7204691,35.78060247,geocoding,
A130216,医療法人社団　生栄会　赤羽台診療所,115-0053,東京都北区赤羽台１－５－２２,139.71495574,35.77831099,geocoding,
A131452,つかさ内科,115-0056,東京都北区西が丘３－１７－１０西ヶ丘サニーハイツ１Ｆ,139.70648734,35.76885366,geocoding,6
A130081,医療法人社団　久悠眞会　山本医院,116-0001,東京都荒川区町屋４－８－４,139.77605224,35.74686697,geocoding,
A130144,医療法人社団美誠会　荒川病院,116-0001,東京都荒川区町屋８－２０－３,139.78751522,35.74702843,geocoding,
A130819,医療法人社団　久木留医院,116-0003,東京都荒川区南千住６－５３－８,139.79492087,35.73695212,geocoding,
A130335,もりのひと心の医療科クリニック,116-0011,東京都荒川区西尾久２－２－５,139.76521397,35.74899118,geocoding,
A131158,医療法人社団　俊和会　日暮里健診プラザ,116-0013,東京都荒川区西日暮里２－２０－１ステーションポートタワー４Ｆ,139.77051193,35.72914389,geocoding,
A131261,医療法人社団　ミレナ会　日暮里内科・糖尿病内科クリニック,116-0013,東京都荒川区西日暮里２－２６－１２ガーネットビル２Ｆ,139.77095077,35.73000216,geocoding,
A131528,医療法人社団ＷＨＭ　クリニックプラス西日暮里,116-0013,東京都荒川区西日暮里５－２４－７冠ビル３Ｆ,139.76740643,35.73242393,geocoding,6
A130174,医療法人社団　小山内科医院,116-0014,東京都荒川区東日暮里１－５－１０－３Ａ,139.79023798,35.73132194,geocoding,
A131058,社会福祉法人　上宮会　日暮里上宮病院,116-0014,東京都荒川区東日暮里２－２９－８,139.78505813,35.72869169,geocoding,
A130398,髙井医院,116-0014,東京都荒川区東日暮里４－２６－７,139.77968083,35.72593339,geocoding,
A130934,医療法人社団光忍会　みかわしまタワークリニック,116-0014,東京都荒川区東日暮里６－１－１アトラスブランズタワー三河島２階,139.77823648,35.73275238,geocoding,
A130602,医療法人財団　ひこばえ会　セツルメント診療所,120-0003,東京都足立区東和４－２０－７,139.84233658,35.77447852,geocoding,
A130206,おおしま内科クリニック,120-0003,東京都足立区東和５－８－１１－１Ｆ,139.83984227,35.77652268,geocoding,
A130979,医療法人社団　育楽会　あやせ駅前整形外科・内科,120-0005,東京都足立区綾瀬１－３２－１３ハイネスアヤセ１階Ａ・Ｂ,139.82405525,35.76106608,geocoding,
A130054,医療法人社団　俊秀会　エヌ・ケイ・クリニック,120-0005,東京都足立区綾瀬３－２－８シティプレイスアヤセ３階,139.82416073,35.76277976,geocoding,
A131444,医療法人社団ナイズ　キャップスクリニック北綾瀬,120-0006,東京都足立区谷中４－８－１　三井ショッピングパークららテラス北綾瀬４Ｆ,139.83153734,35.77805021,geocoding,6
A131197,中島小児科,120-0015,東京都足立区足立４－４１－６,139.80847317,35.76593469,geocoding,
A130531,医療法人社団　寿泉会　旭医院,120-0026,東京都足立区千住旭町９－１５,139.80846913,35.74694845,geocoding,
A131052,医療法人社団　尚視会　東京千住・尚視会クリニック健診プラザ,120-0034,東京都足立区千住３－７２白亜ビル４Ｆ,139.80376633,35.75090048,geocoding,
A131339,医療法人社団　叡美会　えのもとファミリークリニック,120-0038,東京都足立区千住橋戸町１－１３ポンテポルタ千住４Ｆ,139.79530658,35.74247366,geocoding,
A130264,よしざわ整形外科クリニック,121-0012,東京都足立区青井６－４－２,139.81396112,35.77577805,geocoding,
A130188,医療法人社団　久光会　久光クリニック,121-0075,東京都足立区六町２－６－２４,139.81926038,35.7840716,geocoding,
A130238,矢野内科クリニック,123-0842,東京都足立区栗原３－３０－８,139.78407171,35.78206548,geocoding,
A131282,医療法人社団　ナイズ　キャップスクリニック西新井,123-0843,東京都足立区西新井栄町２－４－１０－２Ｆ,139.78764943,35.77620514,geocoding,
A131381,医療法人社団　福寿会　慈英会病院,123-0843,東京都足立区西新井栄町２－８－６,139.78813822,35.77743279,geocoding,
A131499,西新井内科クリニック,123-0845,東京都足立区西新井本町５－１２ー２ＴＨＫビル,139.78227782,35.77236375,geocoding,5
A131440,長崎診療所,123-0853,東京都足立区本木２－７－５,139.78530288,35.76516744,geocoding,6
A130999,江北ファミリークリニック,123-0872,東京都足立区江北５－１－１モンリッシュⅡ１階,139.77005651,35.77575745,geocoding,
A130082,医療法人社団　けいせい会　東京北部病院,123-0872,東京都足立区江北６－２４－６,139.76554276,35.78271204,geocoding,
A131522,医療法人社団瞭和　綾瀬駅前こどもクリニック,124-0001,東京都葛飾区小菅４－１０－３サンライズ綾瀬５Ｆ,139.82488293,35.76190766,geocoding,6
A130699,医療法人社団爽風会　おその整形外科,124-0003,東京都葛飾区お花茶屋１－１２－５,139.83946284,35.75021782,geocoding,
A130806,医療法人社団さわやか済世　葛飾健診センター,124-0012,東京都葛飾区立石２－３６－９,139.84259098,35.73798323,geocoding,
A130780,医療法人財団　健和会　四ツ木診療所,124-0014,東京都葛飾区東四つ木４－４５－１６,139.84222184,35.73420321,geocoding,
A130628,医療法人社団　睦会　おくど内科クリニック,124-0022,東京都葛飾区奥戸２－１６－７米山ビル２Ｆ,139.85647023,35.73572786,geocoding,
A130377,医療法人社団　昭浩会　宇野耳鼻咽喉科医院,124-0023,東京都葛飾区東新小岩５－１－５,139.85673785,35.71996817,geocoding,
A130568,新小岩内科診療所,124-0024,東京都葛飾区新小岩１－５１－２,139.86057401,35.71489084,geocoding,
A131177,鈴木内科・糖尿病クリニック,124-0025,東京都葛飾区西新小岩１－２－８第一鈴亀ビル４階,139.85744354,35.71750167,geocoding,
A131269,イムス東京葛飾総合病院,124-0025,東京都葛飾区西新小岩４－１８－１,139.85260217,35.71869877,geocoding,
A130734,医療法人財団　ひこばえ会　水元セツルメント診療所,125-0032,東京都葛飾区水元３－２２－２１水元公園共同ビル２Ｆ,139.86588469,35.78106921,geocoding,
A131136,医療法人社団　博水会　水井クリニック,125-0035,東京都葛飾区南水元１－１８－１０,139.86006853,35.77543398,geocoding,
A131328,高砂駅前消化器内科・外科クリニック,125-0054,東京都葛飾区高砂２－４０－５－１０１,139.8667771,35.75062072,geocoding,
A130883,社会福祉法人仁生社　かつしか江戸川病院,125-0054,東京都葛飾区高砂３－２７－１３,139.86973808,35.74810164,geocoding,
A130408,巷岡クリニック,125-0061,東京都葛飾区亀有３－１３－３,139.84781703,35.7632523,geocoding,
A130853,医療法人社団　新友会　亀有メディカルクリニック,125-0061,東京都葛飾区亀有３－２６－１イトーヨーカドーリリオ館６階,139.84842798,35.76658519,geocoding,
A130790,医療法人社団ナイズ　キャップスクリニック亀有,125-0061,東京都葛飾区亀有３－２６－１リリオ館６階,139.84842798,35.76658519,geocoding,
A131247,あおと内科・糖尿病クリニック,125-0062,東京都葛飾区青戸３－３０－５,139.8539672,35.74622392,geocoding,
A130407,医療法人社団一義会　眼科かじわらアイ・ケア・クリニック,130-0013,東京都墨田区錦糸３－２－１アルカイースト２階,139.81430458,35.69753059,geocoding,
A130729,すぎ内科クリニック,130-0014,東京都墨田区亀沢１－５－９,139.79862613,35.69684473,geocoding,
A130718,医療法人社団せいけい会　両国耳鼻咽喉科,130-0021,東京都墨田区緑１－１４－４両国ＴＹビル２Ｆ,139.79916809,35.69445614,geocoding,
A130892,医療法人社団ＴＣＣ　東京シティクリニック両国,130-0021,東京都墨田区緑１－１４－４両国ＴＹビル９階・１０階,139.79916809,35.69445614,geocoding,
A131084,錦糸町しんえいクリニック,130-0022,東京都墨田区江東橋１－１６－２チョーギンビル７階,139.8094442,35.69620581,geocoding,
A130524,医療法人社団　三恵寿会　３Ｓメディカルクリニック,130-0022,東京都墨田区江東橋２－１９－７ＪＲ東日本不動産錦糸町ビル２階・１５階,139.81234104,35.69628078,geocoding,6
A131075,医療法人社団ナイズ　キャップスクリニック錦糸町,130-0022,東京都墨田区江東橋４－２７－１４錦糸町パルコ７Ｆ,139.81565727,35.69632797,geocoding,
A130925,医療法人社団愛恵会　湘南メディカル記念病院,130-0026,東京都墨田区両国２－２１－１,139.79244606,35.69560038,geocoding,
A131448,両国横綱クリニック,130-0026,東京都墨田区両国３－２６－６伸和ビル６Ｆ,139.7936155,35.69552819,geocoding,6
A130388,大倉医院,131-0031,東京都墨田区墨田１－１０－４,139.81751189,35.72765728,geocoding,
A131411,医療法人社団　木村医院,131-0031,東京都墨田区墨田５－３５－６,139.82107731,35.73643945,geocoding,
A130940,とうきょうスカイツリー駅前内科,131-0033,東京都墨田区向島３－３３－１３リョービビル４Ｆ,139.80843651,35.71170436,geocoding,
A130659,芳賀クリニック,131-0045,東京都墨田区押上２－１２－７セトル中ノ郷２Ｆ,139.81197249,35.71271031,geocoding,
A130640,押上クリニック,131-0045,東京都墨田区押上３－２－５,139.8160611,35.71248579,geocoding,
A130950,医療法人社団　みなづき会　春江町クリニック,132-0003,東京都江戸川区春江町２－４８－１４田沢ビル１階,139.89044358,35.70082651,geocoding,
A131027,一之江整形外科,132-0024,東京都江戸川区一之江４－１８－７,139.88237245,35.69299565,geocoding,
A130406,むらかみクリニック,132-0024,東京都江戸川区一之江７－３８－８,139.88122012,35.68574058,geocoding,
A131340,医療法人社団　誠江会　田中医院,132-0035,東京都江戸川区平井６－３０－１,139.84220071,35.70918279,geocoding,
A131428,医療法人社団和高会　佐々木内科小児科クリニック,133-0043,東京都江戸川区松本１－１１－３,139.87797483,35.71333417,geocoding,6
A130871,医療法人社団晃勲会　白石医院,133-0052,東京都江戸川区東小岩４－３３－１６,139.89003154,35.73054582,geocoding,
A130021,医療法人財団　京映会　京橋クリニック,133-0065,東京都江戸川区南篠崎町２－４０－３,139.90342352,35.69233318,geocoding,
A130789,医療法人社団ナイズ　キャップスクリニック北葛西,134-0081,東京都江戸川区北葛西５－１５－２,139.86458877,35.67323787,geocoding,
A131081,医療法人社団　千秋双葉会　東京みらいクリニック葛西,134-0083,東京都江戸川区中葛西５－３４－８須賀ビル１Ｆ,139.87206898,35.66328108,geocoding,
A130920,医療法人社団　安藤内科医院,134-0084,東京都江戸川区東葛西６－１５－１６,139.8766353,35.66203423,geocoding,
A131406,医療法人社団　ＤＭＨ　キュアステーションイオン葛西クリニック,134-0088,東京都江戸川区西葛西３－９－１９イオン葛西２階,139.85847275,35.66926867,geocoding,6
A130788,医療法人社団ナイズ　キャップスクリニック西葛西,134-0088,東京都江戸川区西葛西６－１２－１関寅ビル第２,139.85903403,35.66269451,geocoding,
A130421,西葛西うすい内科クリニック,134-0088,東京都江戸川区西葛西７－１０－１６,139.86008679,35.66078923,geocoding,
A130127,医療法人財団　綜友会　第二臨海クリニック,134-0088,東京都江戸川区西葛西７－２８－８トラック会館２Ｆ,139.86251719,35.65912563,geocoding,
A130517,一般財団法人　日本予防医学協会　ウェルビーイング毛利,135-0001,東京都江東区毛利１－１９－１０江間忠錦糸町ビル５階,139.81498808,35.69253407,geocoding,
A131160,本田医院,135-0002,東京都江東区住吉２－１１－１,139.81370783,35.6892762,geocoding,
A130943,森下駅前クリニック,135-0004,東京都江東区森下１－１６－７太田ビル１階,139.7972556,35.68836815,geocoding,
A131398,医療法人社団　英裕会　げんきクリニック森下,135-0004,東京都江東区森下１－６－１４－１０２,139.79801956,35.68707388,geocoding,
A130809,東陽パークサイドクリニック,135-0016,東京都江東区東陽３－２７－３２玉河ビル４階,139.81512091,35.66975373,geocoding,
A130002,医療法人社団　真應会　東京イースト２１クリニック,135-0016,東京都江東区東陽６－３－２－２０２Ａ,139.8155572,35.67437261,geocoding,
A131350,医療法人社団　同友会　深川クリニック,135-0022,東京都江東区三好２－１５－１０,139.80302051,35.68030511,geocoding,
A131204,医療法人社団　芳葵会　魚住総合クリニック,135-0034,東京都江東区永代２－３４－１０,139.79311235,35.67448609,geocoding,
A130495,医療法人財団三友会　深川ギャザリアクリニック,135-0042,東京都江東区木場１－５－９深川ギャザリアＬＥＧＡＲＥ棟４階,139.80427485,35.66794816,geocoding,6
A130447,医療法人社団ＯＫＭ　岡本内科クリニック,135-0042,東京都江東区木場５－３－７－２Ｆ・３Ｆ,139.80786327,35.66914533,geocoding,
A130800,医療法人社団　いつくし会　吉田まゆみ内科,135-0045,東京都江東区古石場２－１４－１ウェルタワー深川２階,139.79987261,35.66721481,geocoding,
A131458,こどもみらい富岡クリニック,135-0047,東京都江東区富岡２－９－１１　ＴｏｋｙｏＭｏｎｎａｋａＶｉｌｌａｇｅ　６Ｆ,139.80192536,35.67204489,geocoding,6
A130014,医療法人社団　優人会　東西線メディカルクリニック,135-0048,東京都江東区門前仲町１－４－８－９階,139.79435665,35.67215582,geocoding,
A131489,豊洲イーウェルクリニック,135-0061,東京都江東区豊洲２－１－９豊洲セイルパーク２Ｆ,139.79388706,35.65669636,geocoding,6
A130580,医療法人社団　ＴＩＫ　大手町さくらクリニックｉｎ豊洲,135-0061,東京都江東区豊洲３－２－２０豊洲フロント２Ｆ,139.79559525,35.6568464,geocoding,
A130736,医療法人社団　誠礼会　とよす内科クリニック,135-0061,東京都江東区豊洲４－２－２－２階,139.79776174,35.65511886,geocoding,
A131295,医療法人社団　ナイズ　キャップスクリニック東雲,135-0062,東京都江東区東雲１－５－１９ＡＩＰ２５豊洲ビル４Ｆ,139.80109773,35.64761421,geocoding,
A131288,サルスクリニック有明,135-0063,東京都江東区有明２－１－７有明ガーデンモール＆スパ１Ｆ,139.79140457,35.63817346,geocoding,
A130042,医療法人社団　彩新会　テレコムセンタービルクリニック,135-8070,東京都江東区青海２－５－１０テレコムセンタービル西棟３Ｆ,139.78018715,35.61733141,geocoding,
A131377,クリニックプラス亀戸,136-0071,東京都江東区亀戸２－２０－７亀戸会館４Ａ階,139.82528086,35.69771963,geocoding,
A130670,医療法人社団　玄武会　天神通りクリニック,136-0071,東京都江東区亀戸３－４６－２－１０１,139.82258973,35.70186871,geocoding,
A131034,医療法人社団　心聖会　亀戸駅前クリニック,136-0071,東京都江東区亀戸５－１－６マークス亀戸１０１,139.82762489,35.69792535,geocoding,
A130638,医療法人社団　亀戸佐藤のり子クリニック,136-0071,東京都江東区亀戸５－２－１Ｋａｍｅｉｄｏ　ｅｘ８Ｆ,139.82578912,35.6982557,geocoding,
A131165,医療法人社団　千秋双葉会　亀戸耳鼻咽喉科・アレルギー科,136-0071,東京都江東区亀戸５－３－２サンタモニカ２Ｆ,139.82635013,35.69838628,geocoding,
A130903,医療法人社団　日健会　日健クリニック,136-0071,東京都江東区亀戸６－５６－１５,139.83065766,35.6971535,geocoding,
A131318,クリニックフォア亀戸,136-0071,東京都江東区亀戸６－５８－１３亀戸Ｓ＆Ｓビル５Ｆ,139.82744991,35.6969005,geocoding,
A131372,ルピナスこどもクリニック,136-0072,東京都江東区大島１－２－２　ザ・ガーデンタワーズサンセットタワー１０２,139.82090112,35.68787089,geocoding,
A131005,一般社団法人ＣＤ　Ｍｅｄｉｃａｌ　大島駅前クリニック,136-0072,東京都江東区大島５－１０－１０セントラルプラザ大島１階１０４,139.83410458,35.68931298,geocoding,
A130715,大島耳鼻咽喉科・アレルギー科,136-0072,東京都江東区大島５－１０－１０セントラルプラザ大島４Ｆ,139.83410458,35.68931298,geocoding,
A131459,こどもみらい大島クリニック,136-0072,東京都江東区大島６－１－４－１０２,139.83229365,35.6913099,geocoding,6
A131504,美広スキンクリニック,136-0072,東京都江東区大島６－３０－１４向ビル１Ｆ,139.83724043,35.690149,geocoding,6
A130813,医療法人社団　ハッピーファースト　ビーハッピークリニック,136-0072,東京都江東区大島７－１－１８－１階,139.83811537,35.69029342,geocoding,
A130196,東大島パークサイドクリニック,136-0072,東京都江東区大島９－３－１－１０１,139.84509826,35.69005452,geocoding,
A131222,砂町あんず皮フ科,136-0073,東京都江東区北砂４－９－１０,139.82913617,35.67932228,geocoding,
A131495,医療法人社団　たち内科小児科クリニック,136-0073,東京都江東区北砂５－２０　北砂五丁目団地８号棟１階,139.83292724,35.68401628,geocoding,5
A130378,医療法人社団　共咲会　サワイメディカルクリニック,136-0073,東京都江東区北砂６－２７－１７,139.83832683,35.68079453,geocoding,
A130428,医療法人社団　平生会　神原医院,136-0073,東京都江東区北砂７－３－１７,139.8345939,35.67799204,geocoding,
A130097,六地蔵クリニック,136-0076,東京都江東区南砂２－２８－７,139.82208701,35.67541148,geocoding,
A130723,上田診療所,140-0001,東京都品川区北品川１－１１－１寿ビル１階,139.74224267,35.62455979,geocoding,
A130592,公益財団法人　河野臨牀医学研究所附属　北品川クリニック,140-0001,東京都品川区北品川１－２８－１５,139.74095684,35.62011029,geocoding,
A130965,みやざきＲＣクリニック,140-0001,東京都品川区北品川２－２３－２レジデンス品川３Ｆ,139.74259845,35.6181578,geocoding,
A131062,天王洲内科医院,140-0002,東京都品川区東品川２－２－８スフィアタワー天王洲ＣＳ棟２Ｆ２３３号,139.7497838,35.6229019,geocoding,
A131105,東京シーフォートスクエアクリニック,140-0002,東京都品川区東品川２－３－１０－２１７,139.75106975,35.62421012,geocoding,
A131510,ひらつか医院　品川シーサイド,140-0002,東京都品川区東品川３－２７－２２河瀬ビル１Ｆ,139.74660949,35.61185035,geocoding,6
A131146,医療法人社団ナイズ　キャップスクリニック東品川,140-0002,東京都品川区東品川４－５－２２オアーゼ品川レジデンス１Ｆ,139.74655405,35.60917847,geocoding,
A131125,医聖よろずクリニック　あおよこ院,140-0004,東京都品川区南品川３－６－３９,139.7444987,35.60808132,geocoding,
A130614,おりしきみつるクリニック,140-0011,東京都品川区東大井２－１９－１１,139.73980217,35.59976552,geocoding,
A131188,一般財団法人　全日本労働福祉協会　ぜんにほん健診クリニック　大森ベルポート,140-0013,東京都品川区南大井６－２６－３大森ベルポートＤ館２Ｆ,139.7316171,35.5887166,geocoding,6
A130933,はやしクリニック,140-0014,東京都品川区大井４－５－７,139.73364413,35.60336205,geocoding,
A130571,ふじいクリニック,140-0015,東京都品川区西大井４－１５－４,139.71797342,35.5951181,geocoding,
A131530,目黒駅前ルアクリニック,141-0021,東京都品川区上大崎２－１５－１８目黒東豊ビル５Ｆ,139.71671955,35.63428026,geocoding,6
A131218,医療法人社団令樹　ｍｅｄｏｃｋ総合健診クリニック,141-0021,東京都品川区上大崎３－１１－１８,139.71769457,35.63035017,geocoding,
A130750,医療法人社団　進興会　オーバルコート健診クリニック,141-0022,東京都品川区東五反田２－１７－１オーバルコート大崎マークウエスト１４Ｆ,139.72927435,35.62343732,geocoding,
A130985,医療法人二葉会　シティクリニック,141-0022,東京都品川区東五反田２－２－１６富久屋ニッカビル３階,139.72499686,35.62541476,geocoding,
A130031,医療法人社団　友好会　目黒メディカルクリニック,141-0022,東京都品川区東五反田５－２２－３３ＴＫ池田山ビル４階,139.72217202,35.62809773,geocoding,
A131196,東京アーバンクリニック五反田,141-0022,東京都品川区東五反田５－２７－３第２野村ビル５Ｆ,139.72373858,35.62717287,geocoding,
A131103,ＫＡＲＡＤＡ内科クリニック,141-0031,東京都品川区西五反田１－２－８ＦＰＧ　ｌｉｎｋｓ　ＧＯＴＡＮＤＡ　９階,139.72281648,35.62570635,geocoding,
A130056,医療法人社団　光正会　わたなべクリニック,141-0031,東京都品川区西五反田４－３－１かむろ坂サンハイツ１階Ａ,139.71320895,35.62746153,geocoding,
A130480,医療法人社団　ケイ・メディカルオフィス　ＫＭＯ五反田健診クリニック,141-0031,東京都品川区西五反田７－２１－１第５ＴＯＣビル２Ｆ,139.71815031,35.62336208,geocoding,
A131006,クリニック飯塚,141-0031,東京都品川区西五反田８－１－１０ヒキタカ五反田ビル５Ｆ,139.72140282,35.62297886,geocoding,
A130751,医療法人社団　進興会　進興クリニック　アネックス,141-0032,東京都品川区大崎１－６－１ＴＯＣ大崎ビル１Ｆ,139.72878005,35.62070987,geocoding,
A130604,医療法人社団　優穂会　三穂クリニック,141-0032,東京都品川区大崎１－６－４新大崎勧業ビル２階,139.72941614,35.61981,geocoding,
A131311,一般社団法人　創医会　ファミリアクリニック品川,141-0032,東京都品川区大崎５－４－８ヴァンドーム五反田３０２号,139.72556359,35.62247623,geocoding,6
A130009,医療法人社団　進興会　進興クリニック,141-6003,東京都品川区大崎２－１－１ＴｈｉｎｋＰａｒｋＴｏｗｅｒ３Ｆ,139.72802742,35.61837956,geocoding,
A130322,医療法人社団　松福会　伊藤クリニック,142-0042,東京都品川区豊町６－１１－８,139.71807029,35.60546962,geocoding,
A130993,医療法人社団　常安会　木内医院,142-0042,東京都品川区豊町６－７－１,139.71678148,35.60619174,geocoding,
A130785,徳丸クリニック,142-0053,東京都品川区中延３－８－１０,139.71210963,35.60731377,geocoding,
A130791,医療法人社団　慈邦会　こみね循環器科・内科クリニック,142-0053,東京都品川区中延５－１３－１６－１Ｆ,139.70879064,35.6015227,geocoding,
A130386,中村医院,142-0053,東京都品川区中延６－４－１７,139.71227087,35.60243376,geocoding,
A131190,医療法人社団ナイズ　キャップスクリニック武蔵小山,142-0062,東京都品川区小山３－１４－１シティタワー武蔵小山２Ｆ,139.70599865,35.62107881,geocoding,
A131219,むさしこやま駅前内科・糖尿病クリニック,142-0062,東京都品川区小山３－１４－２シティタワー武蔵小山２Ｆ,139.70581257,35.6206983,geocoding,
A130352,医療法人社団錦生会　和光医院,142-0062,東京都品川区小山４－８－１,139.70321564,35.61860961,geocoding,
A130651,石井クリニック,142-0063,東京都品川区荏原４－７－１０,139.70685709,35.61479065,geocoding,
A130223,さかもと整形外科,142-0064,東京都品川区旗の台４－４－２,139.70600194,35.60364464,geocoding,
A130468,東海渡井クリニック,143-0001,東京都大田区東海３－２－１大田市場事務棟２Ｆ,139.75888254,35.57897751,geocoding,
A130001,医療法人社団　弘親会　名和医院,143-0011,東京都大田区大森本町２－２５－２８,139.73659226,35.57851255,geocoding,
A131278,医療法人社団エキクリ　大森町駅前内科小児科クリニック,143-0015,東京都大田区大森西３－２０－９フォレストコート１階１０１号室,139.73167067,35.57258529,geocoding,
A131472,Ｌｕｚ大森整形外科,143-0016,東京都大田区大森北１－１０－１４Ｌｕｚ大森５Ｆ,139.7283202,35.58651677,geocoding,6
A131370,医療法人社団エキクリ　大森ステーション内科小児科クリニック,143-0016,東京都大田区大森北１－６－１６アトレ大森２　６Ｆ,139.72870896,35.58908034,geocoding,
A130227,さたけクリニック,143-0016,東京都大田区大森北４－１０－２,139.72999796,35.5845393,geocoding,
A130811,せき山王クリニック,143-0023,東京都大田区山王１－４－６パーク山王２０１,139.72750341,35.59102172,geocoding,
A130101,藤倉医院,144-0035,東京都大田区南蒲田１－３－１２,139.72523562,35.5595394,geocoding,
A130936,東邦大学羽田空港第３ターミナルクリニック,144-0041,東京都大田区羽田空港２－６－５東京国際空港第３旅客ターミナルビル１Ｆ,139.7674593,35.54534128,geocoding,
A130937,東邦大学羽田空港クリニック,144-0041,東京都大田区羽田空港３－４－２羽田空港第２ターミナル１階,139.78669575,35.55320429,geocoding,
A130539,松坂医院,144-0047,東京都大田区萩中１－６－２８,139.72848883,35.55225747,geocoding,
A130093,医療法人社団　月陽会　萩中診療所,144-0047,東京都大田区萩中２－９－１５,139.72983053,35.55069666,geocoding,
A131439,医療法人社団　山下医院,144-0051,東京都大田区西蒲田５－１２－１０,139.71593326,35.56666883,geocoding,6
A131421,はすぬまクリニック,144-0051,東京都大田区西蒲田７－１２－６蓮沼パークハイツ１０２,139.71072286,35.5642192,geocoding,6
A131325,医療法人社団ＢＯＨ　伊藤メディカルクリニック,144-0051,東京都大田区西蒲田７－２６－１１蒲田トーセイビルⅢ５Ｆ,139.71347258,35.5636998,geocoding,6
A131352,蒲田西口石川まさとしクリニック,144-0051,東京都大田区西蒲田７－４－４小山第二ビル１Ｆ,139.71575841,35.56396085,geocoding,6
A131015,てらお耳鼻咽喉科,144-0052,東京都大田区蒲田４－１－１エクセルダイア蒲田ネクスト２階,139.7215245,35.561886,geocoding,
A130836,田辺クリニック,144-0052,東京都大田区蒲田４－１５－８シュロスバッカスビル５Ｆ,139.72295505,35.56088623,geocoding,
A131279,医療法人社団エキクリ　蒲田駅東口クリニック,144-0052,東京都大田区蒲田５－１５－１プライム蒲田東口ビル４Ｆ,139.71708891,35.56201385,geocoding,
A131347,医療法人　新産健会　スマイル健康クリニック東京,144-0052,東京都大田区蒲田５－４４－５蒲田プライム２Ｆ,139.71720571,35.56016692,geocoding,
A130733,医療法人社団　明朋会　増田外科,144-0053,東京都大田区蒲田本町１－４－８,139.71744757,35.5575396,geocoding,
A131294,医療法人社団　誠知会　みらいメディカルクリニック西六郷,144-0056,東京都大田区西六郷１－１８－１１グランド　ソレイユ１階,139.7068546,35.55436807,geocoding,
A130913,東京国際空港診療所,144-6591,東京都大田区羽田空港３－３－２羽田空港郵便局私書箱６１,139.78401012,35.54902981,geocoding,
A131324,もちづき内科クリニック,145-0041,東京都品川区戸越４－９－１２アビタシオン戸越１Ｆ,139.71933392,35.61053298,geocoding,
A130996,医療法人社団　恵葉会　うつのみや内科クリニック,145-0062,東京都大田区北千束１－４４－１リバーレプラザ大岡山１階,139.68549807,35.6081549,geocoding,
A131348,洗足池医院,145-0064,東京都大田区上池台２－３２－４,139.69170341,35.59930049,geocoding,
A131341,医療法人社団　ファミリーメディカル　東京田園調布駅前呼吸器内科・内科クリニック,145-0071,東京都大田区田園調布２－４９－１５,139.6677447,35.59682265,geocoding,
A131220,竹内内科小児科医院,145-0072,東京都大田区田園調布本町４０－１２コンド田園調布２階,139.6723007,35.58634394,geocoding,
A131342,医療法人社団　ファミリーメディカル　東京御嶽山呼吸器内科・内科クリニック,145-0073,東京都大田区北嶺町１１－８小宮ビル１Ｆ,139.68282178,35.58584674,geocoding,
A131054,医療法人社団　恒潤会　御嶽山皮ふ科,145-0073,東京都大田区北嶺町１１－８第２田ノ原屋ビル２階,139.68282178,35.58584674,geocoding,
A131435,しむらキッズクリニック,145-0073,東京都大田区北嶺町３１－１０ＯＮＴＡＫＥＳＡＮ　ＦＣ３Ｆ,139.68324676,35.58546069,geocoding,5
A130391,久が原内科クリニック,145-0074,東京都大田区東嶺町３０－１５,139.6845582,35.57966442,geocoding,
A131017,医療法人　横浜未来ヘルスケアシステム　大田池上病院,146-0082,東京都大田区池上２－７－１０,139.7011341,35.57844496,geocoding,
A131431,医療法人社団眞恵会　いけがみ在宅クリニック,146-0082,東京都大田区池上６－９－６,139.7038371,35.5713627,geocoding,6
A130201,白取内科クリニック,146-0083,東京都大田区千鳥１－１９－１０,139.69244393,35.57261268,geocoding,
A131420,井上クリニック,146-0083,東京都大田区千鳥１－５－３川上ビル１Ｆ,139.69358541,35.57297092,geocoding,6
A130987,医療法人社団　弘久会　堀越医院,146-0084,東京都大田区南久が原２－５－２１,139.68634136,35.57906448,geocoding,
A131281,久が原ファミリークリニック,146-0085,東京都大田区久が原５－１４－１４ライオンズプラザ久が原１０１号室,139.70003699,35.57856438,geocoding,
A131055,医療法人社団　恒潤会　下丸子皮ふ科,146-0092,東京都大田区下丸子３－１４－１平川ビル１階,139.68606995,35.57008827,geocoding,
A131079,むさし新田クリニック,146-0093,東京都大田区矢口１－１６－１７青木ビル１階,139.69239439,35.56721082,geocoding,
A131141,広浜内科クリニック,146-0093,東京都大田区矢口１－６－１７－１０１,139.69272205,35.56795235,geocoding,
A130882,医療法人社団静恒会　本多病院,146-0094,東京都大田区東矢口１－１７－１５,139.7063845,35.56436927,geocoding,
A130551,西蒲田整形外科,146-0094,東京都大田区東矢口３－２－１－１０８,139.70830097,35.56369988,geocoding,
A130804,医療法人社団オーシーエフシー会　大川こども・内科クリニック,146-0095,東京都大田区多摩川１－６－１６,139.70022706,35.56280023,geocoding,
A130356,医療法人社団　創友会　ヒラハタクリニック,150-0002,東京都渋谷区渋谷１－２４－６マトリクス・ツービル９Ｆ,139.7019838,35.66066032,geocoding,
A130725,医療法人社団　しおざき内科,150-0002,東京都渋谷区渋谷１－７－５青山セブンハイツ２０２,139.70624454,35.66075208,geocoding,
A130759,医療法人社団　和会　渋谷コアクリニック,150-0002,東京都渋谷区渋谷１－９－８朝日生命宮益坂ビル１Ｆ,139.7046947,35.66009101,geocoding,
A131212,一般社団法人　ＴＥＮ,150-0002,東京都渋谷区渋谷２－２０－１２渋谷日永ビル２Ｆ,139.70320596,35.65945216,geocoding,
A131155,一般社団法人　ＣＤＭｅｄｉｃａｌ　渋谷駅前　内科・内視鏡クリニック,150-0002,東京都渋谷区渋谷３－２９－１７ＪＲ東日本ホテルメッツ渋谷２階,139.70385329,35.65571092,geocoding,
A130380,医療法人社団　三昭会　渋谷新南口クリニック,150-0002,東京都渋谷区渋谷３－８－１１渋谷三丁目ＴＲビル７階,139.70425319,35.65737185,geocoding,
A131022,医療法人社団　清済会　渋谷済生クリニック,150-0011,東京都渋谷区東２－２３－３タゴシンビル１Ｆ,139.70815023,35.65361958,geocoding,
A130983,恵比寿桜十字クリニック,150-0011,東京都渋谷区東３－９－１９ＶＯＲＴ恵比寿ｍａｘｉｍビルＢ１Ｆ,139.71128068,35.64945067,geocoding,
A130096,エスエス内科循環器科クリニック,150-0012,東京都渋谷区広尾１－１０－１１,139.71733849,35.64836756,geocoding,
A130595,医療法人社団　松寿会　松浦クリニック,150-0013,東京都渋谷区恵比寿１－２３－６ザ・マグノリアガーデン恵比寿１階,139.71574149,35.64639831,geocoding,
A130362,医療法人社団　カトレア会　マノメディカルクリニック,150-0013,東京都渋谷区恵比寿１－８－１サン栄ビル５階,139.71006975,35.64791749,geocoding,
A131353,医療法人社団恵比寿会　淳クリニック,150-0021,東京都渋谷区恵比寿西１－１４－２－２Ｆ,139.70791994,35.64776747,geocoding,
A130964,恵比寿先端医療クリニック,150-0022,東京都渋谷区恵比寿南１－２５－１プラックスビル３階,139.71186976,35.64284588,geocoding,
A130496,クリニック桜丘,150-0031,東京都渋谷区桜丘町１４－６黒松ビル１Ｆ,139.70142295,35.65535812,geocoding,
A131234,医療法人財団　明理会　ＩＭＳ　Ｍｅ－Ｌｉｆｅ　クリニック　渋谷,150-0031,東京都渋谷区桜丘町２３－２１渋谷区文化総合センター大和田１０Ｆ,139.69997863,35.65554696,geocoding,
A131194,渋谷サクラステージ桜十字クリニック,150-0031,東京都渋谷区桜丘町３－２　渋谷サクラステージＳＡＫＵＲＡタワー１４階,139.70254784,35.65567478,geocoding,6
A130787,医療法人社団ナイズ　キャップスクリニック代官山Ｔ－ＳＩＴＥ,150-0033,東京都渋谷区猿楽町１７－５代官山Ｔ－ＳＩＴＥ蔦屋書店１号館３階,139.69979001,35.64887828,geocoding,
A131187,ＫＡＲＡＤＡ内科クリニック　渋谷,150-0041,東京都渋谷区神南１－２３－１３丸大ビル,139.7009728,35.66019646,geocoding,
A130906,医療法人社団　ＭＹメディカル　ＭＹメディカルクリニック渋谷,150-0042,東京都渋谷区宇田川町２０－１７ＮＭＦ渋谷公園通りビル５階,139.70046448,35.66099636,geocoding,
A130018,医療法人社団　ウイリング　渋谷ウエストヒルズクリニック,150-0043,東京都渋谷区道玄坂１－１２－１渋谷マークシティウエスト１１階,139.69826201,35.6580411,geocoding,
A130989,一般財団法人　産業保健研究財団　聖仁会診療所,150-0043,東京都渋谷区道玄坂１－１６－１０渋谷ＤＴビルＢ１Ｆ,139.69732603,35.65659402,geocoding,
A131287,クリニックフォア渋谷,150-0043,東京都渋谷区道玄坂１－３－３楠本ビル２Ｆ,139.70005629,35.65807724,geocoding,
A131487,一般社団法人ＡＮＤ　ｍｅｄｉｃａｌ　ｇｒｏｕｐ　ＡＮＤ美容外科　渋谷院,150-0043,東京都渋谷区道玄坂２－２３－１２フォンティスビル８Ｆ,139.69593435,35.65999361,geocoding,6
A131273,渋谷駅前メディカルクリニック,150-0043,東京都渋谷区道玄坂２－２５－６ホリウチビル８Ｆ,139.6966065,35.66025192,geocoding,
A130922,長岩医院,150-0043,東京都渋谷区道玄坂２－９－５,139.69800922,35.65867157,geocoding,
A130607,恵比寿ガーデンプレイス桜十字クリニック,150-6003,東京都渋谷区恵比寿４－２０－３恵比寿ガーデンプレイスタワー３Ｆ,139.71335574,35.64231263,geocoding,
A131329,ゆみのクリニック渋谷桜丘,150-6290,東京都渋谷区桜丘町１－４　渋谷サクラステージＳＨＩＢＵＹＡサイド５Ｆ,139.70195062,35.65711906,geocoding,
A130591,医療法人財団　東京勤労者医療会　代々木病院　健診センター,151-0051,東京都渋谷区千駄ヶ谷１－３０－７,139.70982398,35.68075825,geocoding,
A130370,ゆきクリニック,151-0051,東京都渋谷区千駄ケ谷４－２６－１１代々木ＴＨ＆Ｃビル４Ｆ,139.70363005,35.68160245,geocoding,
A130947,医療法人社団　ＤＥＮ　みいクリニック代々木,151-0051,東京都渋谷区千駄ヶ谷５－２１－１４バリューＨＲビル２階,139.70391885,35.6830634,geocoding,
A130679,医療法人社団バリューメディカル　バリューＨＲビルクリニック,151-0051,東京都渋谷区千駄ヶ谷５－２５－５,139.70366881,35.68462988,geocoding,
A130129,日中友好医院,151-0053,東京都渋谷区代々木１－３８－５ＫＤＸ代々木ビル６Ｆ,139.70153018,35.68291891,geocoding,
A131263,医療法人社団つるかめ会　新宿つるかめクリニック,151-0053,東京都渋谷区代々木２－１１－１５新宿東京海上日動ビル３階,139.69700818,35.68745162,geocoding,
A131134,医療法人財団明理会　ＩＭＳ　ＭｅーＬｉｆｅクリニック新宿,151-0053,東京都渋谷区代々木２－１－１新宿マインズタワー１０Ｆ,139.69832198,35.68688783,geocoding,
A130026,医療法人社団　ひさわ会　久野マインズタワークリニック,151-0053,東京都渋谷区代々木２－１－１新宿マインズタワー２Ｆ,139.69832198,35.68688783,geocoding,
A131011,ひかりクリニック東京,151-0053,東京都渋谷区代々木２－１６－１宮坂甲斐路ビル１階,139.69573056,35.68624616,geocoding,
A131461,一般財団法人全日本労働福祉協会　ぜんにほん健診クリニック新宿南口,151-0053,東京都渋谷区代々木２－５－４榊原記念ビルディング６Ｆ,139.69773034,35.68740441,geocoding,6
A131123,新宿内科,151-0053,東京都渋谷区代々木２－６－７セイチビル６階,139.69898855,35.68800438,geocoding,
A130207,山脇診療所,151-0053,東京都渋谷区代々木４－５－１６Ｌａ鳳山１０１号,139.69220339,35.67896636,geocoding,
A130874,医療法人財団荘敬会　富ヶ谷みらいクリニック,151-0063,東京都渋谷区富ヶ谷１－４９－３－１階,139.68847078,35.66843969,geocoding,
A131419,さめじまクリニック,151-0063,東京都渋谷区富ヶ谷１－９－５ＦＴビル６Ｆ,139.69039283,35.66841196,geocoding,5
A131161,近藤医院,151-0063,東京都渋谷区富ヶ谷２－７－８ＴＫハウス１階,139.68759876,35.66525669,geocoding,
A130796,越川医院,151-0065,東京都渋谷区大山町３６－１３,139.67550524,35.66858101,geocoding,
A131299,医療法人社団　創青会　あおい内科,151-0066,東京都渋谷区西原３－８－５アコルデ代々木上原Ｂ１－Ａ００２,139.68016953,35.66922162,geocoding,
A131181,渡辺クリニック,151-0071,東京都渋谷区本町３－１０－３清水橋矢部ビル２０２,139.6828066,35.68873721,geocoding,
A130469,クロス病院,151-0072,東京都渋谷区幡ケ谷２－１８－２０,139.67488553,35.67721613,geocoding,
A131531,医療法人社団ＲＭＣ　アールエムシークリニック,151-0073,東京都渋谷区笹塚１－２２－１Ｍハウス１Ｆ,139.66809739,35.67315809,geocoding,6
A130852,医療法人社団　ピクシス　ノリメディカルクリニック笹塚南,151-0073,東京都渋谷区笹塚１－３０－３ビラージュ笹塚Ⅲ６０１号,139.666367,35.67300252,geocoding,
A131465,ささづかホームドクタークリニック,151-0073,東京都渋谷区笹塚１－５８－８京王不動産笹塚ビル２Ｆ,139.66619198,35.67381908,geocoding,6
A131371,みそら内科クリニック目黒,152-0002,東京都目黒区目黒本町２－５－４　ウェルスクエアプラザ目黒本町２Ｆ,139.69391064,35.62632797,geocoding,
A130753,医療法人社団　恵俊会　こんどう医院,152-0002,東京都目黒区目黒本町５－２７－１７－１０１,139.69885487,35.61988717,geocoding,
A130053,ひもんや内科・消化器科診療所,152-0003,東京都目黒区碑文谷２－６－２４,139.6887612,35.62190336,geocoding,
A130779,医療法人社団脇山会　ひもんや外科内科クリニック,152-0003,東京都目黒区碑文谷４－１８－１１,139.68185072,35.62003396,geocoding,
A131450,学芸大学ファミリークリニック,152-0004,東京都目黒区鷹番３－１５－２３　アヴァンＧＡＫＵＧＥＩビル２Ｆ,139.6839197,35.6292496,geocoding,6
A130502,医療法人社団　メディカルクリニック柿の木坂,152-0022,東京都目黒区柿の木坂１－１５－１５,139.67728996,35.62052266,geocoding,
A130818,医療法人社団　光晶会　武田医院,152-0023,東京都目黒区八雲３－５－３,139.66789912,35.61849484,geocoding,
A131426,ふるかわメディカルクリニック,152-0023,東京都目黒区八雲５－１５－５,139.66604085,35.62147223,geocoding,6
A131138,医療法人財団　日扇会第一病院,152-0031,東京都目黒区中根２－１０－２０,139.67654301,35.6147872,geocoding,
A131179,自由が丘整形外科リウマチ科,152-0035,東京都目黒区自由が丘１－１０－４マイリッチビル３階,139.66945498,35.60776838,geocoding,
A131327,自由ヶ丘メディカル内視鏡クリニック,152-0035,東京都目黒区自由が丘１－２４－５福松ビル１Ｆ,139.66981872,35.61032641,geocoding,
A131221,医療法人社団　法山会　山下診療所自由が丘,152-0035,東京都目黒区自由が丘１－３０－３自由が丘東急ビル７Ｆ,139.66839397,35.60744616,geocoding,
A131416,自由が丘内科循環器科クリニック,152-0035,東京都目黒区自由が丘１－７－１６アンジュー自由が丘３Ｆ,139.67039658,35.60746013,geocoding,6
A131442,板津医院,153-0043,東京都目黒区東山３－１２－１コジマビル２Ｆ,139.68647997,35.6497473,geocoding,6
A131382,クリニックプラス池尻大橋,153-0044,東京都目黒区大橋２－２３－１西渋谷ハイウェービル５Ｆ,139.68556053,35.65149708,geocoding,6
A131230,中目黒診療所,153-0051,東京都目黒区上目黒３－１１－６井関ハウス１階,139.69699875,35.64336496,geocoding,
A131425,なかめぐろ脳神経外科・内科　頭痛クリニック,153-0051,東京都目黒区上目黒３－６－１８－３階ＷＩＮＤ　ＮＡＫＡＭＥＧＵＲＯＢＬＤＧ．,139.69708209,35.64299556,geocoding,6
A131020,医療法人社団　よるり会　目黒ケイホームクリニック,153-0061,東京都目黒区中目黒４－５－１エースビル２階,139.70414277,35.6381907,geocoding,
A131086,おおの内科外科クリニック,153-0063,東京都目黒区目黒４－２６－５上田ビル１階,139.70146265,35.63079427,geocoding,
A130615,医療法人社団　アルコ会　アルコクリニック,153-0064,東京都目黒区下目黒１－８－１アルコタワー１２階,139.71399209,35.63146387,geocoding,
A130963,医療法人社団　育謙会　小林耳鼻咽喉科内科クリニック,153-0064,東京都目黒区下目黒６－１８－２６目黒通りクリニックプラザ,139.70583454,35.6291251,geocoding,
A130453,みくに内科眼科クリニック,154-0002,東京都世田谷区下馬１－４５－１７,139.68266392,35.64023441,geocoding,
A130173,医療法人社団　治成会　シグマクリニック,154-0002,東京都世田谷区下馬５－４１－２１,139.68618868,35.63863468,geocoding,
A131405,パークサイド脳神経外科クリニック,154-0004,東京都世田谷区太子堂１－３－３９Ｂ１Ｆ,139.67816967,35.64614474,geocoding,
A130020,小俣内科クリニック,154-0004,東京都世田谷区太子堂２－１９－３仙田ビル１Ｆ,139.67045646,35.64558906,geocoding,
A130732,医療法人社団　爽樹会　樹のはなクリニック,154-0004,東京都世田谷区太子堂２－２６－２,139.66960371,35.64683333,geocoding,
A131359,医療法人　元気会　わかさクリニック　三軒茶屋院,154-0004,東京都世田谷区太子堂３－３８－１８Ｂｒｉｌｌｉａ　ｉｓｔ　１Ｆ,139.67140893,35.65186891,geocoding,6
A130419,三軒茶屋はやかわクリニック,154-0004,東京都世田谷区太子堂５－１５－１３,139.66883429,35.64771099,geocoding,
A130460,医療法人社団　健隆会　石橋医院,154-0011,東京都世田谷区上馬１－１１－９,139.66813192,35.63754827,geocoding,
A130546,駒沢メンタルクリニック,154-0012,東京都世田谷区駒沢２－３１－１駒沢そらビル２Ｆ,139.6600827,35.63473732,geocoding,
A130587,桜新町サカベ内科循環器科クリニック,154-0015,東京都世田谷区桜新町２－９－６ＢＬＯＳＳＯＭ桜新町３階,139.64403406,35.63200946,geocoding,
A131170,世田谷総合クリニック,154-0017,東京都世田谷区世田谷４－１４－３２エバガーデン３Ｆ,139.65260242,35.64449986,geocoding,
A131044,鴻上内科医院,154-0022,東京都世田谷区梅丘１－１１－３,139.65269933,35.65408482,geocoding,
A131494,一般社団法人　若林ゆうクリニック,154-0023,東京都世田谷区若林５－１４－６,139.65849352,35.64722189,geocoding,6
A130720,医療法人社団　ＭＧＨ　はたいしメディカルクリニック,154-0024,東京都世田谷区三軒茶屋１－３５－２１ＬＩＬＡＳ三軒茶屋２階,139.67278968,35.6428311,geocoding,
A130817,恩田メディカルプラザ,154-0024,東京都世田谷区三軒茶屋２－１１－２０－５Ｆ,139.66928167,35.64203388,geocoding,
A131373,クリニックプラス下北沢,155-0031,東京都世田谷区北沢２－２４－５シモキタフロント２Ｆ,139.66771169,35.66216487,geocoding,
A130416,志賀医院,155-0031,東京都世田谷区北沢２－２９－１６,139.6669645,35.66310363,geocoding,
A130410,医療法人社団敬知会　下北沢トモクリニック,155-0031,東京都世田谷区北沢２－３５－２第３シンヤシキビル３階３０２号室,139.66787831,35.66326753,geocoding,
A130455,直宮医院,155-0031,東京都世田谷区北沢３－１１－１４,139.67161125,35.66515353,geocoding,
A130952,おおた内科クリニック,155-0031,東京都世田谷区北沢３－２－３東北沢医療ビル２Ｆ,139.67307498,35.66629788,geocoding,
A131346,あきもとクリニック,155-0033,東京都世田谷区代田１－４５－１ＡＬＩＶＩＯ世田谷代田１Ｆ,139.66409004,35.65407122,geocoding,
A130281,福井クリニック,155-0033,東京都世田谷区代田２－１－１６,139.66461219,35.65502391,geocoding,
A131067,明大前つじ内科クリニック,156-0043,東京都世田谷区松原２－４１－１５エテルノ明大前１Ｆ,139.64941028,35.66809704,geocoding,
A131513,クリニックプラス明大前,156-0043,東京都世田谷区松原２－４５－２明大前レインボービル５９１　５Ｆ　５０３号,139.6498408,35.66834981,geocoding,6
A131471,しもたかいどホームドクタークリニック,156-0044,東京都世田谷区赤堤５－３０－１５しもたかいどメディカルタウン１Ｆ,139.63861127,35.66522763,geocoding,6
A130365,医療法人社団　塚原整形外科,156-0051,東京都世田谷区宮坂３－１３－１経堂オリオン１Ｆ,139.6377145,35.65282347,geocoding,
A130792,さくら小児科内科クリニック,156-0053,東京都世田谷区桜１－６７－８ＡＫビル１階,139.63707028,35.64738522,geocoding,
A130484,医療法人社団　土筆会　桜丘クリニック,156-0054,東京都世田谷区桜丘５－１７－４直井ビル１Ｆ,139.62243552,35.64510172,geocoding,
A131363,千歳烏山駅前内科・糖尿病クリニック,157-0062,東京都世田谷区南烏山５－１７－９フルーヴベール烏山２Ｆ,139.60087528,35.66736237,geocoding,
A131413,医療法人社団伯友会　成城はくの内科・循環器内科,157-0066,東京都世田谷区成城２－２７－６,139.5984016,35.63832699,geocoding,
A131303,成城整形外科リウマチ科,157-0066,東京都世田谷区成城６－５－２５第１住野ビル１Ｆ、２Ｆ,139.59782656,35.64002396,geocoding,
A130884,医療法人社団　武光会　成城ささもと小児科・アレルギー科,157-0066,東京都世田谷区成城６－５－２７堀ビル２Ｆ,139.59807932,35.64011285,geocoding,
A130968,医療法人社団　聖桜会　サクラビアクリニック,157-0066,東京都世田谷区成城８－２２－１サクラビア成城４階,139.59577634,35.64875054,geocoding,
A130931,医療法人社団はなまる会　千歳台はなクリニック,157-0071,東京都世田谷区千歳台５－２２－１,139.61184141,35.65798046,geocoding,
A131026,祖師谷みちクリニック,157-0072,東京都世田谷区祖師谷１－１０－５カーサフォレスタ２Ｆ,139.60888941,35.64423205,geocoding,
A130475,医療法人社団　幸野メディカルクリニック,157-0072,東京都世田谷区祖師谷１－１１－１２,139.60873935,35.6456152,geocoding,6
A131427,九品仏駅前みやもと内科・腎臓内科クリニック,158-0081,東京都世田谷区奥沢６－２５－７　ウェルスクエアプラザ奥沢３Ｆ,139.66155849,35.60487396,geocoding,6
A131436,あまいろ呼吸器クリニック,158-0082,東京都世田谷区等々力２－３－１８－１Ｆ,139.65089277,35.60432937,geocoding,6
A130908,医療法人社団　武光会　尾山台かばやま小児科・アレルギー科,158-0082,東京都世田谷区等々力４－１－１５－２階,139.65316743,35.60746793,geocoding,
A130901,医療法人社団　ラルゴ　さとう内科・脳神経クリニック,158-0083,東京都世田谷区奥沢２－４－１０,139.67501021,35.60499112,geocoding,
A130198,ナガイクリニック,158-0083,東京都世田谷区奥沢５－１９－１４,139.66858849,35.60545196,geocoding,
A130466,医療法人社団　白木会　木下皮フ科,158-0083,東京都世田谷区奥沢５－２１－１５,139.6695662,35.60539368,geocoding,
A131521,クリニックプラス自由が丘,158-0083,東京都世田谷区奥沢５－２６－１２自由が丘ＭＥＲＩＸ４Ｆ,139.66936893,35.6066574,geocoding,6
A131505,上野毛内科・循環器内科クリニック,158-0093,東京都世田谷区上野毛１ー２２ー２ウェルスクエアプラザ上野毛２Ｆ,139.64029909,35.61340333,geocoding,6
A131270,医療法人社団　瀬田診療所,158-0093,東京都世田谷区上野毛４－２４－１５,139.63621038,35.6187499,geocoding,
A130916,二子玉川ライズひろ内科クリニック,158-0094,東京都世田谷区玉川１－１５－６－２０４,139.63210866,35.60989002,geocoding,
A131518,医療法人社団ナイズ　キャップスクリニック用賀,158-0097,東京都世田谷区用賀４ー９ー１２Ａｓｔａｇｅ用賀１Ｆ,139.6321464,35.6275932,geocoding,6
A130401,医療法人社団　愛和会　馬事公苑クリニック,158-0098,東京都世田谷区上用賀１－２２－２３,139.63511251,35.63459788,geocoding,
A130084,四谷・村川内科クリニック,160-0004,東京都新宿区四谷１－１３山水ビル１Ｆ,139.72806941,35.68494154,geocoding,
A130329,医療法人社団　慶洋会　ケイアイクリニック,160-0004,東京都新宿区四谷１－２０－２３ケイアイメディカルビル,139.7279499,35.68706074,geocoding,
A130731,医療法人社団　清幸会　よつや駅前クリニック　内科と皮膚科・形成外科,160-0004,東京都新宿区四谷１－６－１ー１階　１０１,139.72923588,35.68739963,geocoding,
A131127,クリニックフォア四谷,160-0004,東京都新宿区四谷１－６－１ＣＯ・ＭＯ・ＲＥ　Ｍａｌｌ　２Ｆ,139.72923588,35.68739963,geocoding,
A131255,四谷内科・内視鏡クリニック,160-0004,東京都新宿区四谷２－１１－６フォーキャスト四谷６階,139.72415022,35.68743284,geocoding,
A130483,まがり医院,160-0007,東京都新宿区荒木町６－３４,139.72316411,35.68940759,geocoding,
A130255,田中内科医院,160-0008,東京都新宿区四谷三栄町４－１１,139.72595559,35.6879967,geocoding,
A130379,四谷内科,160-0017,東京都新宿区左門町２０四谷メディカルビル２階,139.72032289,35.68471361,geocoding,
A130254,一般財団法人　日本健康管理協会　新宿健診プラザ,160-0021,東京都新宿区歌舞伎町２－３－１８,139.70702635,35.69741741,geocoding,
A130542,花園医院,160-0022,東京都新宿区新宿１－３０－６,139.71247893,35.69004337,geocoding,
A130584,医療法人社団　幸楽会　幸楽メディカルクリニック,160-0022,東京都新宿区新宿１－８－１１新宿すこやかプラザ,139.71125089,35.69956727,geocoding,
A130003,御苑前クリニック　予防医学研究所,160-0022,東京都新宿区新宿２－１－１１御苑スカイビル２Ｆ,139.70926817,35.68851292,geocoding,
A130501,新宿東口クリニック,160-0022,東京都新宿区新宿３－１７－５Ｔ＆ＴⅢビル６階,139.70314358,35.69186238,geocoding,
A131256,新宿皮膚と心の診療所,160-0022,東京都新宿区新宿３－２２－１１ＲＳビル２Ｆ,139.70169921,35.6932233,geocoding,
A131265,新宿東口プライマリケアクリニック,160-0022,東京都新宿区新宿３－２３－１２新宿パンドラビル６Ｆ,139.7011548,35.69338438,geocoding,
A131271,新宿しまだ内科クリニック,160-0022,東京都新宿区新宿３－２６－１３新宿中村屋ビル３Ｆ,139.70218811,35.69178459,geocoding,
A131330,医療法人社団　親豊会　新宿なないろクリニック,160-0022,東京都新宿区新宿３－２７－５ケースリービル４Ｆ,139.70180483,35.69121242,geocoding,
A131321,医療法人社団　つるかめ会　ミラザ新宿つるかめクリニック,160-0022,東京都新宿区新宿３－３６－１０ミラザ新宿７Ｆ,139.70179653,35.69054028,geocoding,
A130973,帝京大学医学部附属　新宿クリニック,160-0022,東京都新宿区新宿４－１－６ＪＲ新宿ミライナタワー７Ｆ,139.70254376,35.68849886,geocoding,
A130990,医療法人社団　鉄医会　ナビタスクリニック新宿,160-0022,東京都新宿区新宿４－１－６ニュウマン新宿７階,139.70254376,35.68849886,geocoding,
A131208,新宿スカイビル健診テラス,160-0022,東京都新宿区新宿４－４－１第１スカイビル５Ｆ,139.70309096,35.68794338,geocoding,
A130777,医療法人社団　国穗会　新宿イーストサイドたけうち内科,160-0022,東京都新宿区新宿６－２７－３０新宿イーストサイドスクエアＢ１Ｆ,139.70854291,35.69672031,geocoding,
A131059,（医）二葉会　東新宿駅前クリニック,160-0022,東京都新宿区新宿７－２７－１２,139.7080623,35.69914502,geocoding,
A131206,ラピスクリニック新宿,160-0023,東京都新宿区西新宿１－１８－７博愛堂ビル１０階,139.69816915,35.68855429,geocoding,
A130514,惠クリニック,160-0023,東京都新宿区西新宿１－１９－１２鮎沢ビル８Ｆ,139.69678595,35.68832095,geocoding,
A131362,医療法人社団　ＭＹメディカル　ＭＹメディカルクリニック　新宿,160-0023,東京都新宿区西新宿１－２６－２新宿野村ビル５Ｆ,139.69533867,35.69300371,geocoding,
A131306,医療法人社団　石川記念会　新宿石川クリニック,160-0023,東京都新宿区西新宿１－７－１松岡セントラルビル６Ｆ・７Ｆ,139.69774684,35.69181503,geocoding,
A131028,医療法人財団　綜友会　新宿ファーストタワークリニック,160-0023,東京都新宿区西新宿５－１－１住友不動産新宿ファーストタワー４階,139.68745037,35.69562821,geocoding,
A131393,西新宿内科つながりクリニック,160-0023,東京都新宿区西新宿５－２－１シティタワー新宿アネックス２０１－２,139.68724206,35.69514493,geocoding,
A130888,医療法人社団　慶潤会　新都心十二社クリニック,160-0023,東京都新宿区西新宿５－５－１－２０３ザ・パークハウス西新宿タワー６０,139.68671439,35.69386728,geocoding,
A130911,西新宿小林クリニック,160-0023,東京都新宿区西新宿６－２０－１２第２山口ビル４階,139.68727269,35.6934229,geocoding,
A130617,医療法人社団　尚高会　西新宿きさらぎクリニック,160-0023,東京都新宿区西新宿６－６－２新宿国際ビルディング１階,139.69106683,35.69272863,geocoding,
A131093,新宿桜十字クリニック,160-0023,東京都新宿区西新宿７－１０－１Ｏ－ＧＵＡＲＤ　ＳＨＩＮＪＵＫＵ　５Ｆ,139.69875499,35.69390926,geocoding,
A130898,医療法人社団　菱秀会　金内メディカルクリニック,160-0023,東京都新宿区西新宿７－５－２５プライムスクエア２階,139.69854654,35.69743107,geocoding,
A130490,目白ブライトクリニック,161-0033,東京都新宿区下落合３－２１－３Ｍコート目白１Ｆ,139.70133973,35.72282549,geocoding,
A130478,上落合　真クリニック,161-0034,東京都新宿区上落合１－５－４幸楽亭ビル１・２Ｆ,139.69115219,35.71132096,geocoding,
A130515,医療法人社団　曙光会　コンフォガーデンクリニック,162-0054,東京都新宿区河田町３－２,139.72051135,35.69523744,geocoding,
A130477,若松皮ふ科こどもクリニック,162-0055,東京都新宿区余丁町１０－８第２浜崎ビル２Ｆ,139.71602274,35.69828699,geocoding,
A131211,医療法人社団　千秋双葉会　新宿曙橋耳鼻咽喉科・アレルギー科,162-0065,東京都新宿区住吉町５－５寿光ビル２Ｆ,139.72084473,35.69330988,geocoding,
A130349,伊藤医院,162-0067,東京都新宿区富久町２８－５,139.71457304,35.6939541,geocoding,
A131301,江戸川橋駅前内科・甲状腺クリニック,162-0811,東京都新宿区水道町４－１３マルエツ江戸川橋店３Ｆ,139.73616501,35.7085086,geocoding,
A130491,医療法人社団　喜生会　ハートクリニック飯田橋,162-0814,東京都新宿区新小川町６－４０入交ビル３Ｆ・４Ｆ,139.7429728,35.7067534,geocoding,6
A130724,あいクリニック,162-0822,東京都新宿区下宮比町３－２飯田橋スクエアビル２階,139.74323402,35.70315936,geocoding,
A130555,倉澤クリニック,162-0825,東京都新宿区神楽坂３－５神楽坂センタービル６階,139.74093153,35.70095954,geocoding,
A131172,神楽坂内科・脳神経内科クリニック,162-0825,東京都新宿区神楽坂６－４２神楽坂喜多川ビル１階,139.73507363,35.703573,geocoding,
A130089,アネックスビル診療所,162-0831,東京都新宿区横寺町５５旺文社アネックスビル１Ｆ,139.7335572,35.70062606,geocoding,
A130775,公益財団法人　東京都予防医学協会,162-8402,東京都新宿区市谷砂土原町１－２,139.73546559,35.69467953,geocoding,
A130696,医療法人社団　康生会　新宿新都心クリニック,163-0604,東京都新宿区西新宿１－２５－１新宿センタービル４Ｆ,139.69538037,35.69185107,geocoding,
A131384,医療法人社団ＥＮＥＸＴ　新宿センタービルクリニック,163-0605,東京都新宿区西新宿１－２５－１新宿センタービル５Ｆ,139.69538037,35.69185107,geocoding,
A131280,医療法人社団スカイ　新宿ＮＳビルスカイクリニック,163-0804,東京都新宿区西新宿２－４－１,139.69374455,35.68818756,geocoding,
A130666,医療法人社団榊原厚生会　新宿ＮＳビルクリニック,163-0804,東京都新宿区西新宿２－４－１新宿ＮＳビル４Ｆ,139.69374455,35.68818756,geocoding,
A130611,健康管理クリニック,163-0806,東京都新宿区西新宿２－４－１新宿ＮＳビル６Ｆ,139.69374455,35.68818756,geocoding,
A131463,ヘルスマネージメントクリニック西新宿,163-1302,東京都新宿区西新宿６－５－１新宿アイランド東棟２Ｆ,139.69319162,35.69314531,geocoding,6
A130974,医療法人社団鶴会　新宿オークタワークリニック,163-6002,東京都新宿区西新宿６－８－１住友不動産新宿オークタワー２Ｆ,139.69053072,35.69391737,geocoding,
A131366,ＯＢＣ社内診療所,163-6030,東京都新宿区西新宿６－８－１住友不動産新宿オークタワー３０Ｆ,139.69053072,35.69391737,geocoding,
A130889,医療法人社団　慶潤会　ＫＤＤＩビルクリニック,163-8003,東京都新宿区西新宿２－３－２ＫＤＤＩビル１階,139.69479169,35.68797372,geocoding,
A130030,医療法人社団　省賢会　古藤クリニック,164-0001,東京都中野区中野２－１３－２３岡デンタルビル２Ｆ,139.66872384,35.70506545,geocoding,
A131512,中野駅前クリニック　耳鼻科・皮膚科・美容皮膚科,164-0001,東京都中野区中野２－２４ー１１ナカノサウステラ・オフィス棟５Ｆ・Ｄ区画,139.66666569,35.70507095,geocoding,6
A131374,クリニックプラス中野,164-0001,東京都中野区中野３－３４－２９中野パールスカイビル６Ｆ,139.66521028,35.70452374,geocoding,6
A131394,トライハートクリニック中野,164-0001,東京都中野区中野３－３６－１５ニュークリアビル５Ｆ,139.66499916,35.7052181,geocoding,
A130886,耳鼻咽喉科　セントラルパーク中野,164-0001,東京都中野区中野４－１０－１中野セントラルパークイースト１階,139.663002,35.70779831,geocoding,
A131410,医療法人社団百慶会　おうじ内科・糖尿病クリニック,164-0001,東京都中野区中野５－２６－８,139.66920148,35.70754852,geocoding,
A131441,井上内科診療所,164-0001,東京都中野区中野５－５２－１５ブロードウェイ４Ｆ７号,139.66614057,35.70911214,geocoding,6
A131432,ＫＡＲＡＤＡ内科クリニック中野,164-0001,東京都中野区中野５－６４－５中野サンピオーネビル７Ｆ,139.66546849,35.70689014,geocoding,6
A131076,上高田ちば整形外科・小児科,164-0002,東京都中野区上高田１－８－１３,139.67838106,35.71156223,geocoding,
A130396,中谷内科クリニック,164-0003,東京都中野区東中野４－７－８ロアール東中野１Ｆ,139.68381686,35.7076295,geocoding,
A130364,塔ノ山医院,164-0011,東京都中野区中央２－１４－９,139.68180902,35.69992755,geocoding,
A131323,医療法人社団みやび　みやびハート＆ケアクリニック,164-0011,東京都中野区中央３－３５－４ナビウス新中野１Ｆ　ＥＡＳＴ,139.67119335,35.69820801,geocoding,
A130118,医療法人社団　朋翔会　弥生ファーストクリニック,164-0012,東京都中野区本町２－４６－１中野坂上サンブライトツイン３階,139.68206191,35.69663906,geocoding,
A130737,河崎外科胃腸科,164-0012,東京都中野区本町３－７－５,139.67745688,35.69354484,geocoding,
A131483,新中野なべよこ内科,164-0012,東京都中野区本町４－４３－１１鍋横ビルディング３Ｆ,139.66986855,35.69634708,geocoding,6
A131437,医療法人社団進優会　新中野内科クリニック,164-0012,東京都中野区本町４－４５－９ユニバーサルスクエア４Ｆ,139.66922968,35.69728584,geocoding,6
A130270,中野診療所,164-0012,東京都中野区本町６－１２－１３,139.66775769,35.69486941,geocoding,
A131503,中野富士見町耳鼻咽喉科,164-0013,東京都中野区弥生町５－２７－４クレストコート中野富士見町２Ｆ,139.6676023,35.69105043,geocoding,6
A130211,医療法人社団　二人会　クリニカル南台,164-0014,東京都中野区南台２－４５－１０,139.67130498,35.68539842,geocoding,
A131050,南台寺尾クリニック　内科・小児科,164-0014,東京都中野区南台３－３７－２７シルクれじでんす１階,139.66514726,35.68350127,geocoding,
A131121,たかねファミリークリニック,165-0021,東京都中野区丸山２－１７－１３,139.65190501,35.72456835,geocoding,
A130745,さぎのみや内科・心臓クリニック,165-0032,東京都中野区鷺宮２－５－７宮ビル２Ｆ,139.64520278,35.72485426,geocoding,
A130153,熊谷医院,165-0032,東京都中野区鷺宮３－３２－５,139.63832838,35.72423748,geocoding,
A130057,佐藤医院,165-0033,東京都中野区若宮２－２３－６,139.64451158,35.7156747,geocoding,
A131069,たかとり内科,165-0034,東京都中野区大和町１－３０－６,139.65160568,35.70983388,geocoding,
A130500,医療法人社団　阿佐谷クリニック,166-0001,東京都杉並区阿佐谷北１－４１－５,139.63650143,35.70937797,geocoding,
A131375,クリニックプラス高円寺,166-0002,東京都杉並区高円寺北３－２２－１８たちばなビル４Ｆ,139.64934218,35.7056204,geocoding,
A130094,医療法人社団　窪田クリニック,166-0002,東京都杉並区高円寺北３－２５－２０ＳＫビル１Ｆ,139.64897267,35.70776459,geocoding,
A130601,よしひさ内科クリニック,166-0002,東京都杉並区高円寺北３－３５－２６Ｔ’Ｓ　ｇａｒｄｅｎ高円寺１階,139.64950035,35.70881172,geocoding,
A131253,医療法人財団　東友会　東高円寺ＣＯそだて・健診クリニック,166-0003,東京都杉並区高円寺南１－７－３山手杉並ビル２階,139.65776398,35.6983798,geocoding,
A131322,新高円寺クリニック,166-0003,東京都杉並区高円寺南２－１１－３麻吉ビル２Ｆ,139.6505674,35.69814075,geocoding,6
A130420,医療法人社団名朋会　新高円寺駅前クリニック,166-0003,東京都杉並区高円寺南２－１６－１３エル二ド１Ｆ,139.64919528,35.69851012,geocoding,
A130929,医療法人社団　はなぶさ会　しんえい内科健診クリニック,166-0003,東京都杉並区高円寺南４－６－７アンフィニビル３階,139.64902009,35.70303458,geocoding,
A130197,医療法人社団　奏友会　あんずクリニック,166-0003,東京都杉並区梅里１－７－１５３Ｆ,139.64890924,35.69733247,geocoding,
A131183,医療法人社団　靖和会　林脳神経外科メディカルクリニック,166-0004,東京都杉並区阿佐谷南１－９－２,139.63894894,35.69865426,geocoding,
A130918,医療法人社団ぽぷり　駅前つのだクリニック,166-0004,東京都杉並区阿佐谷南３－３７－１ＰＬＡＮＯ５階,139.63584616,35.70431186,geocoding,
A131349,あおい内科―エキナカ・ビーンズ阿佐ヶ谷―,166-0004,東京都杉並区阿佐谷南３－５８－１ビーンズ阿佐ヶ谷１－８,139.63512398,35.70483679,geocoding,
A131470,医療法人　元気会　わかさクリニック　高円寺,166-0011,東京都杉並区梅里１－１９－１２ＯＴビル４Ｆ,139.65261446,35.69779641,geocoding,6
A130051,岩﨑小児科医院,166-0012,東京都杉並区和田３－４９－７,139.6581918,35.69647172,geocoding,
A130589,杉並堀ノ内クリニック,166-0013,東京都杉並区堀ノ内２－３０－１５,139.65323141,35.68976684,geocoding,5
A130570,医療法人社団　蘭松会　蘭松医院,166-0015,東京都杉並区成田東５－３６－１１,139.63287441,35.69956788,geocoding,
A131217,なかがわ内科クリニック,167-0021,東京都杉並区井草１－２－５ワイズスクエア１０１,139.62436562,35.72408438,geocoding,
A131404,タイムルクリニック（旧：ネムクリニック）,167-0022,東京都杉並区下井草３－４１－１３階,139.62256577,35.72403434,geocoding,
A130123,若草クリニック,167-0023,東京都杉並区上井草２－１９－４,139.60764216,35.72125087,geocoding,
A131453,杉並ももい内科内視鏡クリニック荻窪院,167-0034,東京都杉並区桃井３－５－１ヤオコー杉並桃井店２Ｆ,139.60522608,35.71215739,geocoding,6
A130864,医療法人社団哺育会　杉並リハビリテーション病院,167-0042,東京都杉並区西荻北２－５－５,139.60220163,35.7043554,geocoding,
A131040,医療法人社団　樹康会　荻窪胃腸クリニック,167-0043,東京都杉並区上荻１－１６－６第二丸三ビル３Ｆ,139.6187003,35.70520017,geocoding,
A130090,山形内科消化器科,167-0051,東京都杉並区荻窪５－１９－１５,139.61980865,35.70289214,geocoding,
A131422,荻窪かえでクリニック,167-0051,東京都杉並区荻窪５－２７－５中島第二ビル３Ｆ,139.61983082,35.70407811,geocoding,6
A130263,医療法人社団　山斗会　山中病院,167-0052,東京都杉並区南荻窪１－５－１５,139.61715363,35.69470968,geocoding,6
A131205,ファインクリニック西荻南,167-0053,東京都杉並区西荻南１－１－１西荻南メディカルモール１階,139.60351577,35.69525369,geocoding,
A131010,森谷医院,167-0054,東京都杉並区松庵１－８－６,139.59299165,35.6941452,geocoding,
A130506,医療法人社団　眞和会　西荻ペインクリニック,167-0054,東京都杉並区松庵３－４０－１３－１Ｆ,139.59851307,35.70335819,geocoding,
A131379,医療法人社団ラルゴ　はるもキッズクリニック,168-0063,東京都杉並区和泉１－３－１,139.6585316,35.67233017,geocoding,
A131412,かつぬま内科クリニック,168-0064,東京都杉並区永福４－１８－９ローズマリー西永福２Ｆ,139.63772759,35.6794565,geocoding,
A130482,一般財団法人　日本健診財団　診療所杉並健診プラザ,168-0072,東京都杉並区高井戸東２－３－１４,139.61473222,35.67775606,geocoding,
A131008,リンゴクリニック,168-0074,東京都杉並区上高井戸１－８－８,139.61572403,35.67057083,geocoding,
A131457,神明通りクリニック,168-0081,東京都杉並区宮前３－２５－１３メゾンフラワー１Ｆ,139.61010132,35.69655094,geocoding,6
A130465,磯貝クリニック,169-0051,東京都新宿区西早稲田２－４－８,139.71595291,35.7085164,geocoding,
A131257,医療法人社団慶幸会　東新宿クリニック,169-0072,東京都新宿区大久保１－１１－３大東ビル３階,139.70402101,35.69855887,geocoding,
A131403,大久保駅前　林クリニック,169-0073,東京都新宿区百人町１－１７－４林ビル３階,139.69710206,35.70161112,geocoding,6
A130498,独立行政法人　地域医療機能推進機構　東京山手メディカルセンター,169-0073,東京都新宿区百人町３－２２－１,139.69904899,35.70470248,geocoding,
A131199,高田馬場アイクリニック,169-0075,東京都新宿区高田馬場２－１８－１１稲門ビル２Ｆ,139.70500644,35.71377385,geocoding,
A130132,医療法人社団　育生會　山口医院,170-0001,東京都豊島区西巣鴨１－１９－１７,139.72529822,35.73693009,geocoding,
A131012,藤本医院,170-0001,東京都豊島区西巣鴨１－９－１,139.72330113,35.73762997,geocoding,
A130034,医療法人社団　絆　アーバンハイツクリニック,170-0002,東京都豊島区巣鴨１－１６－２アーバンハイツ巣鴨Ｂ棟,139.74177196,35.73401974,geocoding,
A130977,医療法人社団　環桜会　巣鴨さくらなみき皮膚科,170-0002,東京都豊島区巣鴨２－５－１２真野ビル３Ｆ,139.73972491,35.73379193,geocoding,
A131475,クリニックフォア巣鴨,170-0002,東京都豊島区巣鴨３－２８－９桃花源ビル６Ｆ,139.73784452,35.73357246,geocoding,6
A130868,医療法人社団　優義士会　巣鴨こし石クリニック,170-0002,東京都豊島区巣鴨３－３０－３,139.73704457,35.73397239,geocoding,
A130854,駒込あおば内科,170-0003,東京都豊島区駒込１－３８－２－２階,139.74766029,35.73593358,geocoding,
A130395,医療法人社団　幸和会　幸和クリニック,170-0003,東京都豊島区駒込６－３４－７駒込東栄ビル１階・２階,139.7426327,35.74127164,geocoding,
A131043,医療法人社団　栄健会　大塚山田脳神経外科クリニック,170-0004,東京都豊島区北大塚２－１０－５北大塚ＢＭＡビル３階,139.7271482,35.7337555,geocoding,
A131228,医療法人社団　法山会　山下診療所大塚,170-0004,東京都豊島区北大塚２－１３－１ｂａ０７－５Ｆ,139.72864257,35.73232514,geocoding,
A130619,伊藤内科小児科医院,170-0004,東京都豊島区北大塚２－１７－１２,139.72803701,35.73358887,geocoding,
A130998,医療法人社団　蛍晶会　晴和ハートクリニック,170-0004,東京都豊島区北大塚２－２－５晴和ビル３階,139.7276371,35.73217792,geocoding,
A130145,医療法人社団　景星会　大塚北口眼科・健康管理クリニック,170-0004,東京都豊島区北大塚２－６－１２,139.72800929,35.73239735,geocoding,
A131462,新大塚こいずみ内科　脳血管クリニック,170-0005,東京都豊島区南大塚２－３４－４ＳＫＹ南大塚２Ｆ,139.73034813,35.72867562,geocoding,6
A131145,ひいらぎクリニック,170-0005,東京都豊島区南大塚３－２－６Ｋ－ＢＵＩＬＤＩＮＧ　２０３,139.72935938,35.727123,geocoding,
A131175,池袋東口まめクリニック,170-0013,東京都豊島区東池袋１－１２－１０ヤンズビル７階,139.71440778,35.72947511,geocoding,
A131297,池袋桜十字クリニック,170-0013,東京都豊島区東池袋１－１３－６　ロクマルゲート池袋ビル７Ｆ,139.71482163,35.72959734,geocoding,
A131135,医療法人社団　明芳会　ＩＭＳ　Ｍｅ－Ｌｉｆｅクリニック池袋,170-0013,東京都豊島区東池袋１－２１－１１オーク池袋ビル８階,139.71561875,35.73041949,geocoding,
A130620,医療法人社団　生全会　池袋病院,170-0013,東京都豊島区東池袋３－５－４,139.71739635,35.73114445,geocoding,
A130573,社会医療法人社団　大成会　長汐病院,170-0014,東京都豊島区池袋１－５－８,139.71315487,35.73520499,geocoding,
A130141,医療法人社団　快生会　山口クリニック,170-6007,東京都豊島区東池袋３－１－１サンシャイン６０－７階,139.71820468,35.72932246,geocoding,
A130917,医療法人財団旭会　矢部クリニック,171-0014,東京都豊島区池袋２－２４－２,139.70356688,35.73325217,geocoding,
A131455,池袋２丁目医院,171-0014,東京都豊島区池袋２－５３－８秋島ビル３Ｆ,139.70913581,35.73424389,geocoding,6
A130826,医療法人社団翠宏会　たじま医院,171-0014,東京都豊島区池袋２－６１－５,139.70976906,35.73484384,geocoding,
A130748,医療法人社団　久福会　関野病院,171-0014,東京都豊島区池袋３－２８－３,139.70571384,35.73514369,geocoding,
A130567,阿部医院,171-0014,東京都豊島区池袋３－７０－１,139.7060998,35.73812948,geocoding,
A131116,医療法人社団　創成会　土屋医院,171-0014,東京都豊島区池袋４－１７－１０,139.70816621,35.73973769,geocoding,
A131345,医療法人社団　親豊会　池袋なないろクリニック,171-0021,東京都豊島区西池袋１－１６－１０新東第一ビル６Ｆ,139.70922761,35.73081094,geocoding,
A130151,医療法人社団　晴博会　あんこうメディカルクリニック,171-0021,東京都豊島区西池袋１－１７－１０エキニア池袋７Ｆ,139.70874709,35.73101091,geocoding,
A131491,医療法人社団ＥＮＥＸＴ　池袋西口病院,171-0021,東京都豊島区西池袋３－２－１６,139.70613907,35.72873053,geocoding,6
A131232,クリニックフォア池袋,171-0022,東京都豊島区南池袋１－２７－１０油木第一ビル２Ｆ,139.7130829,35.72931676,geocoding,
A131476,町のクリニック目白,171-0033,東京都豊島区高田１－１９－２１－１Ｆ,139.71566936,35.71479903,geocoding,6
A131078,ゆみのハートクリニック,171-0033,東京都豊島区高田３－１４－２９ＫＤＸ高田馬場１Ｆ,139.70510083,35.71504314,geocoding,
A130652,清水医院,171-0042,東京都豊島区高松２－５６－７,139.69822261,35.73973742,geocoding,
A130823,わかしま内科・消化器科,171-0043,東京都豊島区要町３－１４－５,139.68749306,35.73747069,geocoding,6
A131108,東長崎駅前内科クリニック,171-0051,東京都豊島区長崎４－７－１１マスターズ東長崎,139.68386036,35.73005752,geocoding,
A130277,医療法人社団　仁泉会　としま昭和病院,171-0052,東京都豊島区南長崎５－１７－９,139.68226055,35.72887705,geocoding,
A131048,いたばし・ハートクリニック,173-0004,東京都板橋区板橋１－２１－７－１Ｆ,139.71865391,35.74715655,geocoding,
A130278,弘瀬医院,173-0004,東京都板橋区板橋２－５－１,139.71296829,35.74672036,geocoding,
A130181,仁木医院,173-0004,東京都板橋区板橋３－５－３,139.7116738,35.75043934,geocoding,
A131490,仲宿かとう整形外科・内科,173-0005,東京都板橋区仲宿６３－５メディカルスクエア板橋区役所前２Ｆ,139.70975441,35.75270015,geocoding,6
A130024,医療法人財団　同潤会　富士見病院,173-0012,東京都板橋区大和町１４－１６,139.70550722,35.76041857,geocoding,
A130326,医療法人社団　聡伸会　今村医院,173-0014,東京都板橋区大山東町５８－２０北村ビル１０１,139.70298569,35.74947257,geocoding,
A130307,鈴木医院,173-0023,東京都板橋区大山町１０－１０,139.70117203,35.74760051,geocoding,
A130200,田丸小児科内科医院,173-0023,東京都板橋区大山町４１－３,139.69903325,35.74928916,geocoding,
A130295,医療法人社団寿祥会　よりふじ医院,173-0031,東京都板橋区大谷口北町２７－４,139.68885909,35.74901107,geocoding,
A130301,つくしんぼ診療所,173-0033,東京都板橋区大山西町７０－１０－１Ｆ,139.69348934,35.74726143,geocoding,
A130220,板橋幸町クリニック,173-0034,東京都板橋区幸町２１－１３プラザさいわい１０１,139.70012782,35.74385646,geocoding,
A131396,なないろクリニック,173-0036,東京都板橋区向原３－１０－１８松前屋ビルディング１Ｆ,139.68105997,35.74409196,geocoding,
A130292,右田医院,173-0037,東京都板橋区小茂根１－２５－１０,139.67686022,35.74658043,geocoding,
A130369,医療法人社団　桐心会　林クリニック,173-0037,東京都板橋区小茂根４－２８－１４,139.67258288,35.74511659,geocoding,
A130110,公益財団法人　愛世会　愛誠病院,173-8588,東京都板橋区加賀１－３－１,139.72067014,35.75357809,geocoding,
A131014,医療法人社団順済会　志村坂クリニック,174-0042,東京都板橋区東坂下１－９－５リビエールオオノ１階,139.69075763,35.78048511,geocoding,
A130298,清水クリニック,174-0043,東京都板橋区坂下２－２８－７,139.68510795,35.784279,geocoding,
A130695,はすね駅西口内科,174-0046,東京都板橋区蓮根２－３１－３内田萩原共同ビル２Ｆ,139.67870855,35.78386217,geocoding,
A131343,すずき内科,174-0046,東京都板橋区蓮根３－９－１１ライオンズプラザ西台駅前１階Ａ号室,139.67470883,35.78741157,geocoding,
A130572,医療法人社団　明芳会　ＩＭＳ　Ｍｅ－Ｌｉｆｅクリニック板橋,174-0051,東京都板橋区小豆沢２－２３－１５,139.69960427,35.77695798,geocoding,
A130293,医療法人社団　篠遠医院,174-0052,東京都板橋区蓮沼町２０－１４,139.70350981,35.7688508,geocoding,
A130312,天木診療所,174-0053,東京都板橋区清水町４７－７,139.70531538,35.76479024,geocoding,
A130746,医療法人社団　美誠会　板橋宮本病院,174-0054,東京都板橋区宮本町５１－１５,139.70104629,35.76465958,geocoding,
A130321,医療法人社団　友晃会　藤田医院,174-0055,東京都板橋区泉町２３－８ー１階,139.69832703,35.76535941,geocoding,
A130261,医療法人社団　慈慶会　石澤内科クリニック,174-0056,東京都板橋区志村２－１０－９,139.6912994,35.77652729,geocoding,
A130299,医療法人社団　孝慈会中台医院,174-0064,東京都板橋区中台１－４－７,139.68222277,35.76533112,geocoding,
A131018,常盤台らいおん整形外科,174-0071,東京都板橋区常盤台１－４４－１ＢＥＬＩＳＴＡ常盤台１階,139.69045851,35.7584461,geocoding,
A130135,医療法人社団　櫻美会　石川医院,174-0071,東京都板橋区常盤台１－６１－３,139.69483598,35.75789357,geocoding,
A130067,医療法人社団玲芳　服部医院,174-0071,東京都板橋区常盤台１－７－１７,139.69063621,35.75980982,geocoding,
A130962,医療法人財団　朔望会　常盤台外科病院,174-0071,東京都板橋区常盤台２－２５－２０,139.68999168,35.76268168,geocoding,
A131307,医療法人社団　慈誠会　人間ドック会館クリニック,174-0071,東京都板橋区常盤台４－３５－１０,139.67663162,35.76504489,geocoding,
A130304,奥村整形外科,174-0076,東京都板橋区上板橋２－３－１０,139.67408755,35.76169521,geocoding,
A130290,はちすクリニック,174-0076,東京都板橋区上板橋２－３１－１３木下ビル２Ｆ,139.67502077,35.76235628,geocoding,
A131159,医療法人社団　明芳会　高島平中央総合病院,175-0082,東京都板橋区高島平１－７３－１,139.6677567,35.78686142,geocoding,
A130323,高島平りゅう医院,175-0082,東京都板橋区高島平２－２１－６,139.65853263,35.78366994,geocoding,
A130250,仁木外科整形外科,175-0082,東京都板橋区高島平４－１７－５,139.64899996,35.78809421,geocoding,
A130314,高島平診療所堀口内科小児科,175-0082,東京都板橋区高島平４－３０－６,139.65118309,35.78985504,geocoding,
A130297,医療法人社団　樹光会　宮田医院,175-0082,東京都板橋区高島平８－１２－９,139.66226271,35.79000245,geocoding,
A130306,医療法人社団　正有会　高橋医院,175-0082,東京都板橋区高島平９－１７－３,139.66589851,35.78862221,geocoding,
A131241,医療法人社団ナイズ　キャップスクリニック板橋（東武練馬）,175-0083,東京都板橋区徳丸２－６－１イオン板橋ショッピングセンター４階,139.66079957,35.77014943,geocoding,
A130224,医療法人社団　英植会　木村整形外科,175-0091,東京都板橋区三園１－４７－７,139.64310877,35.79176839,geocoding,
A131106,城北さくらクリニック,176-0001,東京都練馬区練馬１－１８－８犬丸ビル３Ｆ,139.65464027,35.73921957,geocoding,6
A131198,武蔵野総合クリニック練馬,176-0001,東京都練馬区練馬１－２６－１,139.65537911,35.73901405,geocoding,
A131071,南町医院,176-0002,東京都練馬区桜台１－８－８,139.66217017,35.73922809,geocoding,
A131148,医療法人財団　秀行会　阿部クリニック,176-0002,東京都練馬区桜台２－１－７,139.66777789,35.74224457,geocoding,
A130338,石黒内科クリニック,176-0004,東京都練馬区小竹町２－８１－８,139.67246349,35.74429168,geocoding,
A130345,練馬桜台クリニック,176-0012,東京都練馬区豊玉北４－１１－９,139.6591706,35.73538123,geocoding,
A130212,森口クリニック,176-0012,東京都練馬区豊玉北６－１－７メイゾン豊玉２Ｆ,139.65200448,35.73695031,geocoding,
A131124,富士見堂クリニック,176-0021,東京都練馬区貫井３－１４－６,139.62894806,35.73653588,geocoding,
A131152,医療法人社団順済会　つちやハートクリニック,176-0024,東京都練馬区中村３－１７－６,139.63925571,35.73271713,geocoding,
A130152,森クリニック,177-0041,東京都練馬区石神井町２－１５－１ＮＭＳビル１階奥,139.60739953,35.74546761,geocoding,
A131354,医療法人　元気会　わかさクリニック　石神井公園院,177-0041,東京都練馬区石神井町３－１９－１６ＭＳＰ②ビル２Ｆ,139.60561646,35.74288451,geocoding,6
A131013,医療法人社団　白鳳会　大角医院,177-0044,東京都練馬区上石神井４－３－２３,139.5912266,35.72793302,geocoding,
A131266,医療法人社団　こいし会　関町ゆいクリニック,177-0051,東京都練馬区関町北２－２６－１１,139.57646675,35.72654949,geocoding,
A131209,医療法人社団　蘭松会　立野町蘭松医院,177-0054,東京都練馬区立野町２５－５,139.57905862,35.71608406,geocoding,
A130167,大泉学園ふれあいクリニック,178-0061,東京都練馬区大泉学園町６－１９－３８,139.58622298,35.77183297,geocoding,
A131523,大泉学園駅前内科・糖尿病クリニック,178-0063,東京都練馬区東大泉１－２８－１リズモ大泉学園１Ｆ,139.587726,35.74955276,geocoding,6
A130336,長谷川クリニック,178-0063,東京都練馬区東大泉４－２６－４塩野第２ビル２Ｆ,139.58504558,35.75147749,geocoding,
A130161,医療法人社団純正会　東大泉病院,178-0063,東京都練馬区東大泉７－３６－１０,139.57955736,35.74670565,geocoding,
A130564,医療法人社団　澄笛会　竹下医院,178-0064,東京都練馬区南大泉５－３６－９,139.56832768,35.74921892,geocoding,
A130147,吉野記念クリニック,179-0071,東京都練馬区旭町１－１５－１９ラ・フォンテーヌイン光が丘２階,139.62509447,35.76491593,geocoding,
A131235,きくかわクリニック東館分院　内科・老年内科,179-0072,東京都練馬区光が丘２－１０－２ＩＭＡ東館２Ｆ,139.62951927,35.76066652,geocoding,6
A131213,医療法人社団ナイズ　キャップスクリニック光が丘,179-0072,東京都練馬区光が丘２－１０－２光が丘ＩＭＡ東館２階,139.62951927,35.76066652,geocoding,
A131511,医療法人社団健志会　飯島医院,179-0072,東京都練馬区光が丘７－３－６,139.62486982,35.7566835,geocoding,6
A130808,医療法人社団ハートクリニック　ハートクリニック練馬春日町,179-0074,東京都練馬区春日町５－３３－３０メディカルガーデン春日町１Ｆ,139.63741901,35.75122332,geocoding,
A130374,医療法人社団　誠信会　わかばクリニック,179-0076,東京都練馬区土支田４－６－７１Ｆ,139.61559525,35.76690427,geocoding,
A130858,医療法人社団　秀光会　黒川内科医院,179-0081,東京都練馬区北町２－４１－２１サンプロシード１Ｆ,139.66427154,35.76802478,geocoding,
A131166,医療法人社団　育陽会　練馬さくら病院,179-0081,東京都練馬区北町３－７－１９,139.6555112,35.76860784,geocoding,
A130585,仲町メディカルクリニック,179-0083,東京都練馬区平和台１－３１－３,139.66299431,35.75726214,geocoding,
A130431,城北公園クリニック,179-0084,東京都練馬区氷川台４－７－１,139.66769406,35.75320995,geocoding,
A130280,知久医院,179-0085,東京都練馬区早宮１－２２－１４,139.65912554,35.74988512,geocoding,
A130537,もとはし内科,180-0001,東京都武蔵野市吉祥寺北町２－１９－９,139.57739769,35.71512579,geocoding,
A130914,医療法人社団正友会　松井健診クリニック　吉祥寺プレイス,180-0002,東京都武蔵野市吉祥寺東町１－１９－２３,139.5849641,35.704966,geocoding,
A131246,吉祥寺・藤田クリニック,180-0003,東京都武蔵野市吉祥寺南町１－１－１０吉祥寺ＭＡビル７Ｆ,139.57760649,35.70291328,geocoding,
A130606,あべ整形外科クリニック,180-0003,東京都武蔵野市吉祥寺南町１－６－１８ルネ吉祥寺Ｂ－２０１Ａ,139.58023132,35.7013413,geocoding,
A130649,医療法人社団　光徳会　藤田整形外科,180-0003,東京都武蔵野市吉祥寺南町１－９－１０,139.57818147,35.70208283,geocoding,
A131286,医療法人社団　緑祐会　吉祥寺駅前クリニック,180-0003,東京都武蔵野市吉祥寺南町２－２－５アスコーナミエビル７Ｆ,139.58083124,35.70202456,geocoding,
A130474,医療法人社団　友志育成会　むさし野クリニック,180-0004,東京都武蔵野市吉祥寺本町１－１０－３古城会館７Ｆ,139.57948397,35.70629628,geocoding,
A131376,クリニックプラス吉祥寺,180-0004,東京都武蔵野市吉祥寺本町１－４－１５ホワイトハウスビル４Ｆ,139.57845084,35.7032716,geocoding,
A131516,クリニックプラス三鷹,180-0006,東京都武蔵野市中町１ー１４ー１１西武プラザビル７Ｆ,139.56120796,35.70309904,geocoding,6
A130521,医療法人社団　白百合会　タワーズ内科クリニック,180-0006,東京都武蔵野市中町１－１２－１０スカイゲートタワー５ＦＢ号,139.56095514,35.70449332,geocoding,
A131355,医療法人　元気会　わかさクリニック　三鷹院,180-0013,東京都武蔵野市西久保１－３－１０中島ビル２Ｆ,139.55951081,35.70505712,geocoding,6
A131243,ほりうちクリニック,180-0014,東京都武蔵野市関前５－８－１０,139.54380071,35.71372247,geocoding,
A131214,サルスクリニック武蔵境,180-0022,東京都武蔵野市境１－１５－５グランシャルール武蔵境３階,139.54577883,35.70270433,geocoding,
A130600,医療法人社団　慶定会　武蔵境あべメディカルクリニック,180-0022,東京都武蔵野市境１－９－９,139.54491216,35.70443744,geocoding,
A131251,医療法人社団　弁天会　ウエルネスクリニック,180-0022,東京都武蔵野市境２－１２－１３飯田ビル４階,139.54310404,35.70322365,geocoding,
A130423,医療法人社団　白百合会　スイング・ビル野崎クリニック,180-0022,東京都武蔵野市境２－１４－１スイング８０３号,139.54299296,35.70270427,geocoding,
A131242,医療法人社団　若狭内科クリニック,180-0023,東京都武蔵野市境南町２－１２－１２ヴィラキャスケード１階,139.54412638,35.6982909,geocoding,
A131517,医療法人社団ナイズ　キャップスクリニック武蔵境,180-0023,東京都武蔵野市境南町２ー１ー６ライザ武蔵境１Ｆ,139.54592884,35.70198497,geocoding,6
A130282,健診スクエア武蔵境　まつもとファミリークリニック,180-0023,東京都武蔵野市境南町２－９－３大矢ビル２Ｆ,139.54509843,35.70027681,geocoding,
A131276,医療法人社団　福正会　甲賀クリニック,180-0023,東京都武蔵野市境南町３－１３－７,139.54054327,35.70021006,geocoding,6
A131119,武蔵野みどり診療所,181-0001,東京都三鷹市井の頭５－７－３６ＳＡＫＵＲＡ１階,139.57773175,35.69583631,geocoding,
A131291,三鷹あかつきクリニック,181-0004,東京都三鷹市新川６－９－１１松ビル１Ｆ,139.56802771,35.67706873,geocoding,
A130489,医療法人社団　健櫻会　篠原医院,181-0012,東京都三鷹市上連雀２－９－５,139.55794165,35.7016797,geocoding,
A131302,ゆみのハートクリニック三鷹,181-0013,東京都三鷹市下連雀３－２６－９サンシロービル４Ｆ,139.56116634,35.70180752,geocoding,
A131233,三鷹駅前たなか糖尿病・内科クリニック,181-0013,東京都三鷹市下連雀３－３６－１トリコナ３Ｆ,139.56024978,35.70159364,geocoding,
A130856,みたかヘルスケアクリニック,181-0013,東京都三鷹市下連雀３－３８－４三鷹産業プラザ５Ｆ－Ｂ,139.56022489,35.69879396,geocoding,
A131099,のざきはちまん前内科,181-0014,東京都三鷹市野崎１－２２－８レヴァンティア１Ｆ,139.5497375,35.68305379,geocoding,
A131526,医療法人社団東山会　東山ドック・健診クリニック　ウェルピアザ仙川,182-0002,東京都調布市仙川町１－１８－１０仙川倉林ビルＡ棟３、４Ｆ,139.58499901,35.6615737,geocoding,6
A131268,せたがや仙川クリニック,182-0002,東京都調布市仙川町２－２１－１３仙川駅前ビルＢ館３Ｆ,139.58424626,35.66240692,geocoding,
A130414,医療法人社団　敬寿会　わかば町クリニック,182-0003,東京都調布市若葉町２－１－６,139.58597124,35.65886849,geocoding,
A131468,つつじヶ丘ホームドクタークリニック,182-0005,東京都調布市東つつじケ丘１－２－４ＯＧビル１Ｆ,139.57549721,35.65858498,geocoding,6
A130627,医療法人社団　暖心会　しばさき内科クリニック,182-0007,東京都調布市菊野台２－５－２１オガワアグリコート１階,139.56556501,35.65260496,geocoding,
A130879,医療法人社団　光眞会　工藤ハートフル・クリニック,182-0011,東京都調布市深大寺北町６－３８－６ブルージュ１階,139.54696845,35.67874866,geocoding,
A131030,国領内科・消化器内科クリニック,182-0022,東京都調布市国領町３－３－２０よろずやビル２０１号室,139.55895484,35.64874163,geocoding,
A130487,医療法人社団　桐生会　桐生クリニック,182-0026,東京都調布市小島町２－４０－１０,139.54148152,35.64971084,geocoding,
A131357,医療法人　元気会　わかさクリニック　調布院,182-0026,東京都調布市小島町３－６９－２第一荒井麗峰ビル３Ｆ,139.54199269,35.64879714,geocoding,6
A131239,医療法人社団　大慈会　慈秀病院,183-0011,東京都府中市白糸台３－１６－５,139.51692155,35.66638006,geocoding,
A130761,医療法人社団　卓心会　ながた内科クリニック,183-0013,東京都府中市小柳町２－１２－２,139.50154237,35.66255227,geocoding,
A130623,医療法人社団　村上医院,183-0022,東京都府中市宮西町５－２,139.4764165,35.66949528,geocoding,
A131356,医療法人　元気会　わかさクリニック　府中院,183-0022,東京都府中市宮西町５－８－１モンサラット府中２Ｆ,139.47488328,35.66974799,geocoding,6
A130532,医療法人社団スタート　府中よつやクリニック,183-0035,東京都府中市四谷３－３７－１４,139.44368338,35.66371452,geocoding,
A130648,協和診療所,183-0051,東京都府中市栄町２－１０－３,139.47944616,35.68692668,geocoding,
A131344,府中わかばクリニック,183-0055,東京都府中市府中町２－２２－６グレースコート１Ｆ,139.48470171,35.67578644,geocoding,
A130442,津久井内科おなかクリニック,183-0055,東京都府中市府中町２－９－１６ウェルーチアビル２Ｆ,139.48199091,35.67361163,geocoding,
A131164,第２津久井内科おなかクリニック,183-0056,東京都府中市寿町１－１－３三ッ木寿町ビル７階Ａ１,139.47848011,35.67277274,geocoding,
A130997,医療法人社団　慈敬会　府中医王病院,183-0057,東京都府中市晴見町１－２０,139.47868809,35.68164117,geocoding,
A130730,医療法人社団　髙野医院,183-0057,東京都府中市晴見町３－１１－２１,139.47879908,35.68456028,geocoding,
A131402,ひがこ北口内科クリニック,184-0002,東京都小金井市梶野町５－１１－１パピスプラザアネックス１階・２階,139.52718874,35.70339274,geocoding,
A131275,浅沼整形外科,184-0004,東京都小金井市本町２－１０－２０,139.51045682,35.70281737,geocoding,
A130705,武蔵小金井クリニック,184-0004,東京都小金井市本町５－１９－３３,139.50581833,35.70255615,geocoding,
A131174,医療法人社団　つるかめ会　小金井つるかめクリニック,184-0004,東京都小金井市本町６－１４－２８アクウェルモール３Ｆ,139.50574618,35.70066747,geocoding,
A130625,医療法人社団・一白会　菊地脳神経外科・整形外科,184-0011,東京都小金井市東町３－１２－１１,139.53052473,35.69934326,geocoding,
A130688,医療法人社団　うちやまクリニック,184-0011,東京都小金井市東町４－４３－１５ＭＫジェムズマンション１Ｆ,139.52471409,35.70007638,geocoding,
A130682,医療法人社団　隆誠会　宮本内科医院,184-0012,東京都小金井市中町３－７－４,139.51092645,35.69728467,geocoding,
A130863,伊佐治内科,185-0003,東京都国分寺市戸倉４－４５－５Ｋエリタージュ１０２,139.45682489,35.71340086,geocoding,
A130875,たかの内科・脳神経外科クリニック,185-0012,東京都国分寺市本町２－１０－９島田ビル２階,139.48116208,35.70150004,geocoding,
A130833,医療法人社団緑杉会　本町クリニック,185-0012,東京都国分寺市本町２－７－１０エッセンビル２階,139.48337301,35.70138622,geocoding,
A130828,多摩メディカルクリニック,185-0012,東京都国分寺市本町３－１１－１４－２Ｆ,139.48085649,35.7032054,geocoding,
A131293,医療法人社団　創青会　あおいクリニック―駅ホーム西国分寺―,185-0013,東京都国分寺市西恋ケ窪２－１－１８ｎｏｎｏｗａ西国分寺中央線上りホーム８０７,139.46571628,35.69981377,geocoding,
A130267,社会福祉法人　浴光会　国分寺病院,185-0014,東京都国分寺市東恋ケ窪４－２－２,139.46943792,35.70650475,geocoding,
A130851,医療法人社団　実幸会　武蔵国分寺公園クリニック,185-0023,東京都国分寺市西元町２－１６－３４ザ・ライオンズ武蔵国分寺公園１２７,139.46865787,35.69523104,geocoding,
A130849,青葉医院,186-0001,東京都国立市北３－１５－２,139.42952223,35.69940727,geocoding,
A130955,医療法人社団　浩央会　国立さくら病院,186-0002,東京都国立市東１－１９－１０,139.44988169,35.69634711,geocoding,
A130660,国立中央診療所,186-0004,東京都国立市中１－１４－１０,139.44266841,35.69680241,geocoding,
A131361,医療法人社団　ナイズ　キャップスクリニック　国立,186-0004,東京都国立市中１－１－５２ｎｏｎｏｗａ国立ＳＯＵＴＨ２Ｆ,139.44220449,35.69880495,geocoding,
A131267,国立の森ファミリークリニック,186-0004,東京都国立市中１－１７－２６振興第二ビル２０１,139.44634587,35.69666365,geocoding,
A130763,医療法人社団　欅会　小平北口クリニック,187-0001,東京都小平市大沼町２－２－１１,139.49289001,35.73999044,geocoding,
A130332,吉元医院,187-0002,東京都小平市花小金井１－２１－３,139.51545247,35.72681474,geocoding,
A131438,医療法人社団輝悠会　花小金井ハートクリニック,187-0002,東京都小平市花小金井１－４－２９クレアール１０３,139.51281928,35.72849226,geocoding,6
A130650,医療法人社団　隼甫会　ふなびき胃腸クリニック,187-0002,東京都小平市花小金井１－９－２エスパシオ３０１号,139.51407761,35.72648419,geocoding,
A131258,竹本内科小児科医院,187-0011,東京都小平市鈴木町２－２０５,139.50651447,35.72495917,geocoding,
A130847,医療法人社団　宏知会　大林医院,187-0011,東京都小平市鈴木町２－２４２－４,139.50374248,35.72514519,geocoding,
A130855,はやぶさ内科,187-0032,東京都小平市小川町１－７６６,139.45050252,35.73115967,geocoding,
A131451,医療法人社団鶴会　新小平駅前クリニック,187-0032,東京都小平市小川町２－１９５９－１,139.47063407,35.73047146,geocoding,6
A130867,慈弘会　古坂医院,187-0035,東京都小平市小川西町１－２３－１３－１階,139.45338532,35.73748957,geocoding,
A131498,糖尿病・腎・高血圧の内科クリニック,187-0043,東京都小平市学園東町１－４－６一橋学園駅前ビル３階,139.48163063,35.72341146,geocoding,5
A131180,たなか内科・リウマチ科クリニック,188-0001,東京都西東京市谷戸町２－１－４１－１Ｆ,139.5372443,35.74319111,geocoding,
A131046,ひばりが丘やまね小児科・皮フ科・アレルギー科,188-0001,東京都西東京市谷戸町２－１－４１グランドマストひばりが丘南１０３号,139.5372443,35.74319111,geocoding,
A131378,坂上医院,188-0012,東京都西東京市南町３－１７－８,139.54360298,35.72426013,geocoding,
A131185,くめがわ耳鼻咽喉科,189-0013,東京都東村山市栄町２－１０－２４,139.47102485,35.75026089,geocoding,
A131091,東村山ネフロクリニック,189-0014,東京都東村山市本町２－４－６１クレストハイム１Ｆ,139.46701923,35.76128454,geocoding,
A131389,社会福祉法人白十字会　東京白十字病院,189-0021,東京都東村山市諏訪町２－２６－１,139.46365808,35.77189152,geocoding,
A130536,宮本整形外科医院,190-0011,東京都立川市高松町２－３９－１２,139.42175033,35.70835602,geocoding,
A131033,医療法人社団テラス　立川クリニック,190-0012,東京都立川市曙町２－１１－２フロム中武７階,139.41484005,35.69975681,geocoding,
A130116,医療法人社団　進興会　立川北口健診館,190-0012,東京都立川市曙町２－３７－７コアシティ立川ビル６Ｆ・９Ｆ,139.41410392,35.70168158,geocoding,
A131383,クリニックプラス立川,190-0012,東京都立川市曙町２－６－１０Ｎ８ビル８Ｆ,139.41381515,35.69937905,geocoding,
A130120,多摩健康管理センター,190-0022,東京都立川市錦町３－７－１０,139.41725405,35.69207718,geocoding,6
A130348,医療法人社団　秀徳会　馬場クリニック,190-0023,東京都立川市柴崎町３－１０－２０立川渡辺ビル１Ｆ,139.41210436,35.69469342,geocoding,
A130988,医療法人社団　鉄医会　ナビタスクリニック立川,190-0023,東京都立川市柴崎町３－１－１エキュート立川４階,139.41269306,35.69812638,geocoding,
A130838,立川内科クリニック,190-0023,東京都立川市柴崎町３－８－２ビルドはなさい５階,139.41214875,35.69595161,geocoding,
A130114,医療法人社団　崎陽会　日の出ヶ丘病院,190-0181,東京都西多摩郡日の出町大久野３１０,139.24635571,35.74283371,geocoding,
A131429,立川パークスクリニック,190-8507,東京都立川市曙町２－３９－３立川高島屋Ｓ．Ｃ　１０Ｆ,139.41319569,35.70093164,geocoding,6
A130394,医療法人社団　仁應　栄町クリニック,191-0001,東京都日野市栄町１－３１－９ヴェルジュ１４０　１Ｆ,139.39452576,35.68181946,geocoding,
A131496,ふくろう内科クリニック　日野・八王子　胃と大腸の内視鏡院,191-0062,東京都日野市多摩平３－１－１　ＴｏｍｏｒｒｏｗＰＬＡＺＡ１階,139.37790824,35.66537933,geocoding,6
A130193,社会医療法人社団　愛有会　三愛クリニック,192-0005,東京都八王子市宮下町３７７,139.3077099,35.70672584,geocoding,
A131289,医療法人社団　東光会　八王子山王病院,192-0042,東京都八王子市中野山王２－１５－１６,139.3281511,35.67388008,geocoding,
A130935,一社）秋明会　健診ベース８０２,192-0046,東京都八王子市明神町４－３０－２,139.34523058,35.66193186,geocoding,
A130608,一般財団法人　仁和会　総合病院,192-0046,東京都八王子市明神町４－８－１,139.34146715,35.65829884,geocoding,
A131262,医療法人財団　興和会　みぎたクリニック,192-0066,東京都八王子市本町１３－８,139.33233451,35.6612455,geocoding,
A130771,市川内科クリニック,192-0072,東京都八王子市南町３－５シュゼル八王子１Ｆ,139.33359839,35.65814033,geocoding,
A131277,医療法人社団　清泉会　富士森内科八王子リウマチ膠原病クリニック,192-0082,東京都八王子市東町１－６橋完ＬＫビル１Ｆ,139.34033671,35.65774054,geocoding,
A130175,南大沢メディカルプラザ,192-0364,東京都八王子市南大沢２－２５フォレストモール南大沢２階,139.38134601,35.61314382,geocoding,
A130902,医療法人社団　ＳＨ　菅原脳神経外科クリニック,192-0903,東京都八王子市万町１７５－１クリニックビレッジＤ棟,139.33279316,35.6512161,geocoding,
A130451,むらやま外科クリニック,192-0906,東京都八王子市北野町５４５－３きたのタウンビル６Ｆ,139.35489417,35.64554785,geocoding,
A131248,富士森内科みなみのクリニック,192-0917,東京都八王子市西片倉３－１－２１第一みなみ野クリニックセンター２Ｆ,139.32977456,35.6341346,geocoding,
A130896,医療法人社団　永生会　南多摩病院,193-0832,東京都八王子市散田町３－１０－１,139.31323078,35.65551507,geocoding,
A131409,医療法人社団　永生会　南多摩病院附属クリニック,193-0832,東京都八王子市散田町３－９－１５―１Ｆ,139.31365574,35.65582894,geocoding,
A131259,酒井内科医院,193-0835,東京都八王子市千人町２－７－８,139.3115808,35.65942016,geocoding,
A131240,医療法人社団　清泉会　富士森内科クリニック,193-0931,東京都八王子市台町２－１４－２０,139.31787773,35.65200169,geocoding,
A131477,医療法人社団　永生会　永生クリニック,193-0942,東京都八王子市椚田町５８８－１７,139.30584592,35.63945008,geocoding,6
A131478,医療法人社団　永生会　クリニック０（ゼロ）,193-0943,東京都八王子市寺田町４９０,139.30694385,35.62190538,geocoding,6
A130843,医療法人社団　徳丹会　さぬき診療所,194-0003,東京都町田市小川２－２５－１４成瀬メディカルヴィレッジ１階,139.47166902,35.5313002,geocoding,
A130015,医療法人社団　絢雄会　佐藤寿一クリニック,194-0013,東京都町田市原町田１－７－１７ガレリア町田ビル２Ｆ,139.44809818,35.54024228,geocoding,
A131025,あらいこどもアレルギークリニック,194-0013,東京都町田市原町田４－１４－１４Ｌｉｆｉｘビル２階,139.4504507,35.54230049,geocoding,
A130529,医療法人社団　多摩医療会　原町田診療所,194-0013,東京都町田市原町田４－１７－１１,139.45194778,35.5431449,geocoding,
A130842,医療法人社団　稲垣耳鼻咽喉科医院,194-0013,東京都町田市原町田６－２２－１５,139.44918687,35.54353643,geocoding,
A131485,医療法人社団優和会　湘南健診クリニック　ココットまちだ館,194-0013,東京都町田市原町田６－８－１町田センタービル２Ｆ,139.4471426,35.54301696,geocoding,6
A131391,玉川学園前整形外科リウマチ科,194-0041,東京都町田市玉川学園７－４－４クリーピア野口２－３階,139.46338516,35.56232666,geocoding,
A131525,つるかわこどもクリニック,195-0053,東京都町田市能ヶ谷１－５－４ルーブル夏目１０２号室,139.48057871,35.58341034,geocoding,6
A130609,医療法人社団　星輝会　おおくら医院,195-0062,東京都町田市大蔵町３１６５,139.47077889,35.58301733,geocoding,
A130043,医療法人社団　潮友会　うしお病院,196-0021,東京都昭島市武蔵野２－７－１２,139.37741776,35.72151444,geocoding,
A131096,医療法人社団　安井会　セザイ皮フ科・しゅういち内科,197-0022,東京都福生市本町７－１プリマヴェール福生２階,139.32760453,35.73826686,geocoding,
A130361,医療法人社団　光輝会　ひかりクリニック,197-0022,東京都福生市本町９５－３,139.32660174,35.7403388,geocoding,
A130385,島井内科小児科クリニック,197-0024,東京都福生市牛浜１１８－１コートエレガンスＥｌｌｅ－Ｋ２Ｆ,139.3335459,35.73517573,geocoding,
A130178,医療法人社団　豊信会　草花クリニック,197-0802,東京都あきる野市草花２７２４,139.29241554,35.74296248,geocoding,
A130497,医療法人財団　暁　あきる台病院　健診センター,197-0804,東京都あきる野市秋川６－５－１,139.29196048,35.72934464,geocoding,
A130671,医療法人社団　幸誠会　星野小児科内科クリニック,197-0822,東京都あきる野市小川東１－１９－２０－１Ｆ,139.32492203,35.7183915,geocoding,
A130540,あさひ整形外科クリニック,198-0024,東京都青梅市新町３－３－１－２Ｆ,139.30307467,35.77826706,geocoding,
A130768,医療法人社団　新町クリニック健康管理センター,198-0024,東京都青梅市新町３－５６－１,139.30277454,35.78277764,geocoding,6
A131101,かとうクリニック,201-0012,東京都狛江市中和泉１－１－１－４階,139.57796492,35.63391331,geocoding,
A130700,岩下医院,201-0012,東京都狛江市中和泉５－２０－１１,139.56641019,35.64006236,geocoding,
A131358,医療法人　元気会　わかさクリニック　ひばりが丘院,202-0002,東京都西東京市ひばりが丘北３－３－１４モンマビル３Ｆ,139.54522666,35.75229577,geocoding,6
A131053,保谷北町かなざわファミリークリニック,202-0003,東京都西東京市北町１－６－１レッツビルディング２Ｆ,139.55928943,35.75306544,geocoding,
A130655,医療法人社団　斉藤小児科内科クリニック,202-0004,東京都西東京市下保谷４－２－２１,139.56538348,35.74951881,geocoding,
A131238,武蔵野総合クリニックいずみ,202-0011,東京都西東京市泉町３－６－９,139.55322087,35.74135559,geocoding,
A130172,医療法人社団　幸慶会　みわハートクリニック,202-0012,東京都西東京市東町２－１６－２３,139.56216442,35.74569418,geocoding,
A130992,医療法人社団　有実会　はやし内科クリニック,202-0012,東京都西東京市東町６－６－１０西東京メディカルモール,139.56560603,35.73945055,geocoding,
A130869,医療法人社団ＲＭＣ　東伏見整形外科,202-0014,東京都西東京市富士町４－１８－１０,139.56400937,35.7290406,geocoding,
A131446,東伏見駅前内科糖尿病クリニック,202-0014,東京都西東京市富士町４－１８－１１,139.56380383,35.72906837,geocoding,6
A130554,医療法人社団　啓信会　武村医院,202-0021,東京都西東京市東伏見５－９－１４,139.5588962,35.72254677,geocoding,
A130231,医療法人社団　欅会　東久留米クリニック,203-0013,東京都東久留米市新川町２－２－２２,139.53999347,35.76068913,geocoding,
A130703,細井医院,203-0014,東京都東久留米市東本町４－３,139.53397163,35.76263324,geocoding,
A130772,東久留米おだやかメディカルクリニック,203-0023,東京都東久留米市南沢５－１７イオンモール東久留米２階,139.52652843,35.74521564,geocoding,
A131051,医療法人社団　欅会　東久留米駅前クリニック,203-0053,東京都東久留米市本町１－３－６グランツビル２Ｆ,139.53274126,35.76035015,geocoding,
A130758,医療法人社団　順洋会　武蔵野総合クリニック,204-0021,東京都清瀬市元町１－８－３０,139.51994208,35.77363441,geocoding,
A130728,医療法人社団　功和会　平野クリニック,204-0022,東京都清瀬市松山１－４－１９ＨＲＮビル１・２・３階,139.52048373,35.77114861,geocoding,
A130626,野島整形外科内科,204-0022,東京都清瀬市松山２－１－３,139.51679799,35.770032,geocoding,
A130742,公益財団法人　結核予防会　複十字病院　健康管理センター,204-0022,東京都清瀬市松山３－１－２４,139.51150403,35.77103731,geocoding,
A130689,松田医院,205-0001,東京都羽村市小作台５－８－８,139.30142769,35.77467022,geocoding,
A131514,医療法人社団向日葵清心会　いずみクリニック健診プラザ,205-0002,東京都羽村市栄町２－６－２９,139.3115186,35.77236241,geocoding,6
A130821,医療法人社団　三秀会　羽村三慶病院,205-0015,東京都羽村市羽４２０７,139.33171713,35.76416117,geocoding,
A130710,羽村相互診療所,205-0023,東京都羽村市神明台１－３０－５,139.32059618,35.75299546,geocoding,
A130694,あいクリニック,206-0012,東京都多摩市貝取１４３１－３,139.44359832,35.63505116,geocoding,
A130182,医療法人社団　貝取内田医院,206-0012,東京都多摩市貝取１－５２－１ノーブル貝取１Ｆ,139.43766037,35.62446619,geocoding,
A130646,医療法人社団　泰永会　宮国医院,206-0025,東京都多摩市永山１－４グリナード永山５Ｆ,139.44805926,35.62920755,geocoding,
A131308,医療法人社団　めぐみ会　めぐみクリニック,206-0033,東京都多摩市落合１－３２－１多摩センターペペリビル４Ｆ,139.4279529,35.62416039,geocoding,
A130229,医療法人社団　めぐみ会　田村クリニック,206-0033,東京都多摩市落合１－３２－１多摩センターペペリビル５階,139.4279529,35.62416039,geocoding,
A130588,田村クリニック２,206-0033,東京都多摩市落合１－３５ライオンズプラザ多摩センター３階,139.4269891,35.62388818,geocoding,
A130897,医療法人社団ユスタヴィア　多摩センタークリニックみらい,206-0033,東京都多摩市落合１－３８マグレブパーキングビル１階,139.42658076,35.62478528,geocoding,
A130773,医療法人財団　医親会　多摩海上ビル診療所,206-0034,東京都多摩市鶴牧２－１－１多摩東京海上日動ビル中央館１Ｆ,139.41836494,35.62129939,geocoding,
A131368,医療法人社団　医正会　からきだ駅前クリニック,206-0035,東京都多摩市唐木田１－１－７プラザ唐木田１０４,139.41166016,35.61595267,geocoding,
A130657,北澤ニュータウンクリニック,206-0041,東京都多摩市愛宕４－１７－１リエス多摩センター１Ｆ,139.42721669,35.62787659,geocoding,
A130669,あべ内科クリニック,206-0802,東京都稲城市東長沼３１０７－１ピアタウン２１　２階,139.5006582,35.63693707,geocoding,
A131021,なかお内科クリニック,206-0802,東京都稲城市東長沼３１０７－４京王リトナード稲城３Ｆ,139.50016103,35.63655655,geocoding,
A130702,医療法人社団　新晴会　竹田耳鼻咽喉科気管食道科医院,206-0803,東京都稲城市向陽台５－４－２,139.48685306,35.63961053,geocoding,
A130698,平尾内科クリニック,206-0823,東京都稲城市平尾３－７－２６,139.4889583,35.60923614,geocoding,
A131195,医療法人社団　新晴会　若葉台耳鼻咽喉科,206-0824,東京都稲城市若葉台２－４－３－３０２,139.47193312,35.61988251,geocoding,
A130633,石山内科・ペインクリニック,207-0014,東京都東大和市南街１－３９－９,139.43258979,35.73895829,geocoding,
A130749,医療法人社団　正洋会　アイエスクリニック,207-0031,東京都東大和市奈良橋６－８８５－１４,139.42467057,35.74781542,geocoding,
A130677,医療法人社団　忍会　野口医院,207-0033,東京都東大和市芋窪３－１６２９,139.41462692,35.75284241,geocoding,
A130164,医療法人社団　千州会　ちかま医院,208-0022,東京都武蔵村山市榎３－４０－１５,139.38771862,35.74752847,geocoding,
A131057,かめい内科・外科クリニック,208-0034,東京都武蔵村山市残堀２－１４－１,139.37257006,35.74609766,geocoding,
A140078,医療法人社団うすい会　うすい整形外科医院,210-0006,神奈川県川崎市川崎区砂子２－２－１０第２園ビル,139.69939841,35.52944995,geocoding,
A140495,医療法人社団エキクリ　川崎駅東口内科クリニック,210-0007,神奈川県川崎市川崎区駅前本町１０－１ＭＥＦＵＬＬ川崎１１Ｆ,139.69917612,35.53198847,geocoding,
A140008,川崎健診クリニック,210-0007,神奈川県川崎市川崎区駅前本町１０－５クリエ川崎８Ｆ,139.69943444,35.53195236,geocoding,
A140412,医療法人社団　鉄医会　ナビタスクリニック川崎,210-0007,神奈川県川崎市川崎区駅前本町２６－１アトレ川崎８階,139.69721525,35.53093313,geocoding,
A140510,あべクリニック,210-0007,神奈川県川崎市川崎区駅前本町４－７堀井ビル３Ｆ,139.69970113,35.53020817,geocoding,6
A140462,畑医院,210-0012,神奈川県川崎市川崎区宮前町５－１,139.70411192,35.52751679,geocoding,
A140422,医療法人社団　和光会　総合川崎臨港病院,210-0806,神奈川県川崎市川崎区中島３－１３－１,139.7174014368916,35.52577460368867,normalized_existing,
A140092,村上外科医院,210-0834,神奈川県川崎市川崎区大島１－５－１４,139.71041697,35.52537251,geocoding,
A140493,医療法人社団　ナイズ　キャップスクリニック　小田栄,210-0843,神奈川県川崎市川崎区小田栄２－２－３ＬＩＣＯＰＡ川崎２Ｆ,139.70729814,35.51567952,geocoding,
A140135,京町クリニック,210-0848,神奈川県川崎市川崎区京町１－９－１１大森ビル１Ｆ,139.69498526,35.5177712,geocoding,
A140368,医療法人敬文会社団　黒坂医院,210-0848,神奈川県川崎市川崎区京町２－８－１７,139.69491031,35.5155604,geocoding,
A140421,東扇島診療所,210-0869,神奈川県川崎市川崎区東扇島７８福利厚生センター２Ｆ,139.75863599,35.49627158,geocoding,
A140172,武蔵小杉内科・漢方・循環器,211-0004,神奈川県川崎市中原区下沼部１８１０－１シティハウス武蔵小杉２Ｆ,139.66347796,35.57287991,geocoding,
A140453,ヒロクリニック,211-0004,神奈川県川崎市中原区新丸子東１－８２６－１階,139.66346892,35.57995625,geocoding,
A140435,医療法人社団　恒潤会　武蔵小杉皮ふ科,211-0004,神奈川県川崎市中原区新丸子東３－１３０２　ららテラス武蔵小杉４Ｆ,139.65971984,35.57513505,geocoding,
A140346,医療法人社団　武光会　武蔵小杉ささもと小児科・アレルギー科,211-0004,神奈川県川崎市中原区新丸子東３－１３０２　ららテラス武蔵小杉４階,139.65971984,35.57513505,geocoding,
A140451,山口外科,211-0005,神奈川県川崎市中原区新丸子町７４５－３,139.66086359,35.58041728,geocoding,
A140440,医療法人社団　ナイズ　キャップスクリニック武蔵小杉,211-0016,神奈川県川崎市中原区市ノ坪４４９－３シティタワー武蔵小杉,139.65985062,35.57278832,geocoding,
A140326,宇藤内科医院,211-0022,神奈川県川崎市中原区苅宿２４－３７,139.66249543,35.56272057,geocoding,
A140149,すずき耳鼻咽喉科クリニック,211-0035,神奈川県川崎市中原区井田１－３６－３メディパーク川崎井田２Ｆ,139.63983337,35.56505024,geocoding,
A140138,上杉クリニック,211-0041,神奈川県川崎市中原区下小田中１－１５－３３,139.63779649,35.57990872,geocoding,
A140122,医療法人光仁会　たかはし内科,211-0041,神奈川県川崎市中原区下小田中１－３－６ＪＯＪビル１Ｆ,139.63947132,35.57980597,geocoding,
A140123,医療法人社団　山高クリニック,211-0041,神奈川県川崎市中原区下小田中２－３３－３９グランディール１Ｆ,139.64150195,35.57616218,geocoding,
A140215,中島こどもと家族のクリニック,211-0044,神奈川県川崎市中原区新城３－５－１,139.62993307,35.58589671,geocoding,
A140496,武蔵小杉森のこどもクリニック小児科・皮膚科,211-0063,神奈川県川崎市中原区小杉町２－２２８－１パークシティ武蔵小杉１Ｆ,139.65548387,35.57753167,geocoding,
A140407,むらた内科クリニック,211-0063,神奈川県川崎市中原区小杉町３－１５０１セントア武蔵小杉Ａ棟１階,139.65672002,35.57601535,geocoding,
A140436,医療法人社団　恒潤会　こすぎ皮ふ科,211-0063,神奈川県川崎市中原区小杉町３－４３２尾村ビル１Ｆ・２Ｆ,139.65834781,35.57452126,geocoding,
A140238,たむらクリニック,211-0066,神奈川県川崎市中原区今井西町１２－１４,139.64822369,35.57422379,geocoding,
A140009,アルファメディッククリニック,212-0013,神奈川県川崎市幸区堀川町５８０－１６川崎テックセンター８Ｆ,139.70050083,35.53606006,geocoding,
A140486,医療法人社団育心会　ミューザ川崎こどもクリニック,212-0014,神奈川県川崎市幸区大宮町１３１０ミューザ川崎２Ｆ,139.69457383,35.53131092,geocoding,
A140324,医療法人社団慶真会　川崎中央クリニック,212-0022,神奈川県川崎市幸区神明町２－６８－７,139.68548578,35.53659652,geocoding,
A140195,まつの内科クリニック,212-0032,神奈川県川崎市幸区新川崎５－２シンカモール３階,139.6700144,35.55102046,geocoding,
A140136,医療法人社団　博仁会　関口医院,212-0052,神奈川県川崎市幸区古市場１－２１,139.68633801,35.55345787,geocoding,
A140181,医療法人社団　晃愛会　たくま幸クリニック,212-0054,神奈川県川崎市幸区小倉３－２８－１２,139.67004279,35.53952141,geocoding,
A140530,南加瀬ファミリークリニック,212-0055,神奈川県川崎市幸区南加瀬２－６－８南加瀬メディカルモール２Ｆ,139.65987399,35.54947549,geocoding,6
A140539,クリニックフォア溝の口,213-0001,神奈川県川崎市高津区溝口１－４ー１マルイファミリー溝口１０Ｆ,139.61313437,35.59916992,geocoding,6
A140313,医療法人社団　山貴会　二子クリニック,213-0002,神奈川県川崎市高津区二子１－１１－１５,139.61849687,35.60612694,geocoding,
A140013,医療法人社団　彩新会　ＫＳＰクリニック,213-0012,神奈川県川崎市高津区坂戸３－２－１かながわサイエンスパーク西棟５Ｆ,139.6207254,35.59414004,geocoding,
A140250,医療法人社団輔仁会　片倉病院,213-0014,神奈川県川崎市高津区新作４－１１－１６,139.61926215,35.58679685,geocoding,
A140441,新城・新作こどもクリニック,213-0014,神奈川県川崎市高津区新作４－１２－６ＦＭビル２階,139.6193566,35.58635248,geocoding,
A140352,医療法人　仁泉会　桐村医院,213-0022,神奈川県川崎市高津区千年２００－５,139.62125415,35.57485984,geocoding,
A140147,松岡クリニック,213-0033,神奈川県川崎市高津区下作延２－３５－１スペースアメニティ梶ヶ谷２Ｆ,139.60400795,35.59502906,geocoding,
A140153,国島医院,213-0033,神奈川県川崎市高津区下作延３－２２－７,139.59800853,35.59179347,geocoding,
A140152,医療法人社団　奏　長瀬クリニック,213-0033,神奈川県川崎市高津区下作延３－３－１０スルバリエ梶ヶ谷２Ｆ,139.60058582,35.59665927,geocoding,
A140142,てづか内科循環器クリニック,214-0001,神奈川県川崎市多摩区菅１－５－１２－１Ａ,139.53650371,35.63300625,geocoding,
A140171,医療法人社団　豊栄会　稲田堤メディカルクリニック,214-0001,神奈川県川崎市多摩区菅２－１５－５,139.52982364,35.63303383,geocoding,
A140130,医療法人徳真会　西村クリニック,214-0001,神奈川県川崎市多摩区菅２－４－２サニーサイド２０２,139.5335511,35.63349497,geocoding,
A140160,あいクリニック産婦人科・小児科,214-0006,神奈川県川崎市多摩区菅仙谷４－１－５よみうりランドクリニックモール１Ｆ,139.51637822,35.62431565,geocoding,
A140166,大倉消化器科　外科クリニック,214-0006,神奈川県川崎市多摩区菅仙谷４－１－５よみうりランドクリニックモール２Ｆ,139.51637822,35.62431565,geocoding,
A140240,医療法人社団　三知会　中野島小児科クリニック,214-0012,神奈川県川崎市多摩区中野島６－２２－９,139.55210795,35.63074833,geocoding,
A140189,医療法人社団　家族の森　多摩ファミリークリニック,214-0013,神奈川県川崎市多摩区登戸新町３３７,139.56578731,35.62246863,geocoding,
A140302,やまもとクリニック,214-0013,神奈川県川崎市多摩区登戸新町４０４,139.56824815,35.62154092,geocoding,
A140361,岡野内科医院,214-0014,神奈川県川崎市多摩区登戸１７３７ハーベストヒル１階,139.56193551,35.61878615,geocoding,
A140472,医療法人社団やまびこ　向ヶ丘遊園整形外科リウマチ科,214-0014,神奈川県川崎市多摩区登戸２０５２ヨシザワプラザビル３Ｆ,139.5648908,35.61696968,geocoding,
A140298,久保田診療所,214-0021,神奈川県川崎市多摩区宿河原４－２１－２３,139.57927509,35.61583344,geocoding,
A140433,コクボ診療所,214-0021,神奈川県川崎市多摩区宿河原６－３３－９－１Ｆ,139.59040219,35.61034557,geocoding,
A140279,かえでファミリークリニック,214-0023,神奈川県川崎市多摩区長尾５－２－２－１０１,139.58172521,35.6115592,geocoding,
A140246,渡辺小児科医院,214-0039,神奈川県川崎市多摩区栗谷３－１－１－２０７,139.53967447,35.61464844,geocoding,
A140109,新ゆりクリニック,215-0004,神奈川県川崎市麻生区万福寺１－８－７,139.50395814,35.60345499,geocoding,
A140367,おばた小児クリニック,215-0005,神奈川県川崎市麻生区千代ケ丘４－１８－１２　スカイプラザ１Ａ,139.50428532,35.6119951,geocoding,
A140490,医療法人社団　神緑会　いしだクリニック,215-0011,神奈川県川崎市麻生区百合丘２－７－１,139.51620728,35.60418846,geocoding,
A140403,医療法人社団　晃進会　たま日吉台病院,215-0013,神奈川県川崎市麻生区王禅寺１１０５,139.52611513,35.58666579,geocoding,
A140167,新ゆり内科,215-0017,神奈川県川崎市麻生区王禅寺西４－３－８,139.51176622,35.59546473,geocoding,
A140124,王禅寺整形外科,215-0018,神奈川県川崎市麻生区王禅寺東３－２６－６,139.51508823,35.5875656,geocoding,
A140535,医療法人社団北村会　堀野メディカルクリニック,215-0018,神奈川県川崎市麻生区王禅寺東３－２６－６　王禅寺メディカル１Ｆ,139.51510212,35.58757672,geocoding,6
A140513,医療法人社団ナイズ　キャップスクリニック新百合ヶ丘,215-0021,神奈川県川崎市麻生区上麻生１－１９イオンスタイル新百合ヶ丘５Ｆ,139.50677192,35.60230246,geocoding,5
A140234,医療法人社団　黎明会　新百合ヶ丘ステーションクリニック,215-0021,神奈川県川崎市麻生区上麻生１－２０－１小田急アコルデ新百合ヶ丘５階,139.50744405,35.60331896,geocoding,
A140429,しんゆり皮フ科クリニック,215-0021,神奈川県川崎市麻生区上麻生１－５－２小田急新百合ヶ丘ビル４Ｆ,139.50885789,35.60248023,geocoding,
A140536,たま内科・循環器内科,215-0021,神奈川県川崎市麻生区上麻生３－１－１ヤオコー新百合ヶ丘店別館２Ｆ,139.50529984,35.60119154,geocoding,6
A140301,柿生すずき内科・循環器内科,215-0021,神奈川県川崎市麻生区上麻生５－２３－６,139.49913951,35.59064302,geocoding,
A140276,ユミカ内科小児科ファミリークリニック,215-0021,神奈川県川崎市麻生区上麻生５－４０－１,139.4966369,35.58954856,geocoding,
A140515,医療法人二生会　くろかわ内科クリニック,215-0034,神奈川県川崎市麻生区南黒川１－７フォレストモール川崎黒川,139.47010034,35.6127863,geocoding,6
A140179,医療法人　日米会　鷺沼診療所,216-0003,神奈川県川崎市宮前区有馬１－２２－１６,139.57817757,35.57665377,geocoding,
A140383,こにしクリニック,216-0004,神奈川県川崎市宮前区鷺沼１－３－１３鷺沼東急アパート１Ｆ,139.57496951,35.57675918,geocoding,
A140423,医療法人社団　菜愛会　つちはし整形外科リウマチ科,216-0005,神奈川県川崎市宮前区土橋７－２６－６,139.5735607,35.58920143,geocoding,
A140127,医療法人社団　福島内科医院,216-0006,神奈川県川崎市宮前区宮前平２－１９－９,139.57931578,35.58856286,geocoding,
A140342,医療法人社団　健栄会　宮前平健栄クリニック,216-0007,神奈川県川崎市宮前区小台２－５－２宮前平ハイツ２階,139.58280459,35.58407488,geocoding,
A140394,医療法人社団　医心会　宮前平グリーンハイツ診療所,216-0023,神奈川県川崎市宮前区けやき平１－１６－２０９,139.57687412,35.59365092,geocoding,
A140518,みやまえファミリークリニック,216-0035,神奈川県川崎市宮前区馬絹４－４－１３メゾーネ宮崎台１Ｆ,139.59873115,35.58129541,geocoding,6
A140277,医療法人社団　昌慶会　小野田医院,216-0035,神奈川県川崎市宮前区馬絹６－２２－１４,139.5961701,35.5852891,geocoding,
A140262,医療法人社団　前川メディカルクリニック,220-0004,神奈川県横浜市西区北幸１－１－８エキニア横浜８Ｆ,139.62144587,35.46762389,geocoding,
A140378,松尾医院,220-0004,神奈川県横浜市西区北幸１－４－１天理ビル５Ｆ,139.61962109,35.46726284,geocoding,
A140377,久保クリニック,220-0004,神奈川県横浜市西区北幸２－５－１５プレミア横浜西口ビル１Ｆ,139.61736024,35.46729063,geocoding,
A140350,スカイビル内科,220-0011,神奈川県横浜市西区高島２－１９－１２スカイビル２１階,139.62447888,35.46472143,geocoding,
A140053,医療法人社団　アスクレピオス　ランドマーク横浜国際クリニック,220-0012,神奈川県横浜市西区みなとみらい２－２－１　ランドマークプラザ１Ｆ,139.63100343,35.45529764,geocoding,
A140476,医療法人社団　ＭＹメディカル　ＭＹメディカルクリニック横浜みなとみらい,220-0012,神奈川県横浜市西区みなとみらい３－６－１みなとみらいセンタービル１１階,139.63323924,35.4576223,geocoding,
A140074,横浜リーフみなとみらい健診クリニック,220-0012,神奈川県横浜市西区みなとみらい４－６－５　リーフみなとみらい１１階,139.6287813,35.45926657,geocoding,
A140507,伸寿記念クリニック,220-0012,神奈川県横浜市西区みなとみらい６－３－６オーケーみなとみらいビル１Ｆ,139.63163641,35.46331318,geocoding,6
A140016,医療法人財団　コンフォート　コンフォート横浜健診センター,220-0023,神奈川県横浜市西区平沼２－８－２５,139.61646599,35.4584223,geocoding,
A140296,富田内科クリニック,220-0053,神奈川県横浜市西区藤棚町１－５８－６富田クリニックビル１階,139.61311921,35.45032054,geocoding,
A140168,医療法人社団　ランドマーク医院　クィーンズクリニック,220-6204,神奈川県横浜市西区みなとみらい２－３－５　クィーンズタワーＣ４階,139.63411139,35.45706404,geocoding,
A140047,医療法人ＡＺグループ　横浜エムエムクリニック,220-8401,神奈川県横浜市西区みなとみらい３－３－１　三菱重工横浜ビル３Ｆ,139.62969519,35.4561892,geocoding,
A140315,大口さいとうクリニック,221-0002,神奈川県横浜市神奈川区大口通３０－５　鈴鹿ビル２Ｆ,139.64553673,35.48892101,geocoding,
A140538,くにひろクリニック,221-0002,神奈川県横浜市神奈川区大口通５６－５大口メディカルセンタービル２Ｆ,139.64496178,35.49120414,geocoding,6
A140177,公益財団法人　柿葉会　神奈川診療所,221-0043,神奈川県横浜市神奈川区新町１５－６,139.64122046,35.48175482,geocoding,
A140455,たむら内科クリニック東神奈川,221-0044,神奈川県横浜市神奈川区東神奈川１－１０－１　ザ・ステーションタワー東神奈川１階,139.63324371,35.4772387,geocoding,
A140450,はたの東神奈川キッズクリニック,221-0044,神奈川県横浜市神奈川区東神奈川２－４２－５　ゴールデン東神奈川ビル２０１,139.6370627,35.47811913,geocoding,
A140312,医療法人　雅房会　井関医院,221-0052,神奈川県横浜市神奈川区栄町６－１ヨコハマポートサイドロア弐番館１階,139.62956703,35.46832916,geocoding,
A140353,あびこ消化器内科クリニック,221-0057,神奈川県横浜市神奈川区青木町６－１５,139.62976692,35.47049828,geocoding,
A140068,おおぐり医院,221-0061,神奈川県横浜市神奈川区七島町１２７－９,139.64583393,35.48693785,geocoding,
A140290,中村医院,221-0065,神奈川県横浜市神奈川区白楽１２１,139.626969,35.48952612,geocoding,
A140376,消化器内科　横浜むらきクリニック,221-0835,神奈川県横浜市神奈川区鶴屋町２－２６－４　第３安田ビル１Ｆ,139.62030155,35.469382,geocoding,
A140543,小林内科・循環器クリニック,221-0866,神奈川県横浜市神奈川区羽沢南２－４４ー５　２Ｆ,139.58483839,35.48022526,geocoding,6
A140060,いけだ整形外科,222-0001,神奈川県横浜市港北区樽町２－６－４０Ｔ－ＰＬＡＴＺ２Ｆ,139.63716256,35.5320088,geocoding,
A140161,（医）社団　浅木クリニック,222-0011,神奈川県横浜市港北区菊名１－１－８,139.63289886,35.49860593,geocoding,
A140173,八木クリニック,222-0011,神奈川県横浜市港北区菊名６－１２－１２金子ビル３Ｆ３０１号,139.63209372,35.51353839,geocoding,
A140059,中野こどもクリニック,222-0012,神奈川県横浜市港北区富士塚１－１－１,139.63177961,35.50008645,geocoding,
A140289,山田医院,222-0032,神奈川県横浜市港北区大豆戸町２１２,139.63047445,35.51211348,geocoding,
A140533,医療法人社団慈友会　山田内科,222-0033,神奈川県横浜市港北区新横浜２－２－３新横浜第１竹生ビル４Ｆ,139.61304878,35.50667781,geocoding,6
A140366,社会医療法人社団　三思会　新横浜メディカルサテライト,222-0033,神奈川県横浜市港北区新横浜２－５－１１金子第一ビル４階,139.61586785,35.50969694,geocoding,
A140191,医療法人社団やまびこ　新横浜整形外科リウマチ科,222-0033,神奈川県横浜市港北区新横浜３－６－４千歳観光ビル１～４階,139.61824809,35.50868592,geocoding,6
A140328,医療法人社団　服部クリニック,222-0037,神奈川県横浜市港北区大倉山１－２８－３,139.631916,35.52051559,geocoding,
A140465,日吉の森内科クリニック,223-0051,神奈川県横浜市港北区箕輪町１－２４－９－２Ｆ,139.64516417,35.54859776,geocoding,
A140300,医療法人　あべこどもクリニック,223-0051,神奈川県横浜市港北区箕輪町２－１５－２２,139.64723634,35.54446238,geocoding,
A140314,綱島クリニック,223-0053,神奈川県横浜市港北区綱島西２－３－２ナイスアーバンステイツ綱島２Ｆ,139.63324895,35.53564432,geocoding,
A140381,医療法人社団設身会　川野糖尿病・循環器内科,223-0053,神奈川県横浜市港北区綱島西４－８－１８川野ビル３階,139.62711322,35.54199875,geocoding,
A140480,八木医院,223-0062,神奈川県横浜市港北区日吉本町１－１－６,139.64619446,35.55380242,geocoding,
A140219,医療法人芝成会　吉川内科・循環器科クリニック,223-0062,神奈川県横浜市港北区日吉本町１－２０－２　吉川ビル１Ｆ,139.64583341,35.55312476,geocoding,
A140180,日吉内科,223-0062,神奈川県横浜市港北区日吉本町１－８－３,139.64325024,35.55432451,geocoding,
A140511,医療法人社団　ナイズ　キャップスクリニック　高田,223-0066,神奈川県横浜市港北区高田西１－１－４７そよら横浜高田２Ｆ,139.61849986,35.54944751,geocoding,6
A140382,医療法人社団コンパス　コンパス内科歯科クリニック都筑センター南,224-0001,神奈川県横浜市都筑区茅ヶ崎中央４５－１４　村田ビル３階,139.57414623,35.54596956,geocoding,
A140184,（医）星の子　星の子どもクリニック,224-0001,神奈川県横浜市都筑区中川１－１９－１－４Ｆ,139.57057331,35.56311683,geocoding,
A140488,五良ファミリークリニックセンター南,224-0006,神奈川県横浜市都筑区荏田東４－３－１９,139.56683031,35.54553602,geocoding,
A140248,ときえだ小児科クリニック,224-0021,神奈川県横浜市都筑区北山田１－１２－１５,139.59491571,35.56087914,geocoding,
A140330,港北メディカルクリニック,224-0027,神奈川県横浜市都筑区大棚町３００１－８,139.57912335,35.54903876,geocoding,
A140508,南山田クリニック,224-0029,神奈川県横浜市都筑区南山田２－１８－２奥村ビル１Ｆ,139.58944151,35.55495771,geocoding,6
A140086,桜並木医院,224-0037,神奈川県横浜市都筑区茅ケ崎南２－１１－２,139.58090163,35.53609891,geocoding,
A140485,ららぽーと横浜クリニック,224-0053,神奈川県横浜市都筑区池辺町４０３５－１ららぽーと横浜１Ｆ,139.56631986,35.51792557,geocoding,
A140355,医療法人社団　若葉会　つづき病院,224-0057,神奈川県横浜市都筑区川和町２６７４－８３,139.54826039,35.53886129,geocoding,
A140474,医療法人社団ＣＭＧ　ふれあいの丘内科内視鏡健診クリニック,224-0062,神奈川県横浜市都筑区葛が谷１０－３エムズビル３・４階,139.56077852,35.53750354,geocoding,
A140308,有本小児科内科,225-0002,神奈川県横浜市青葉区美しが丘２－２０－１８　ドムス有本１０１,139.55849596,35.58000853,geocoding,
A140249,桑原クリニック,225-0002,神奈川県横浜市青葉区美しが丘３－３２－５,139.54979383,35.58554111,geocoding,
A140426,たまプラーザ整形外科リウマチ科,225-0003,神奈川県横浜市青葉区新石川２－３－３－１階Ａ号室,139.55809891,35.57627856,geocoding,
A140178,よしむら内科クリニック,225-0005,神奈川県横浜市青葉区荏子田１－３－３,139.54487784,35.57791719,geocoding,
A140431,メンタルクリニック響,225-0011,神奈川県横浜市青葉区あざみ野２－２－８プロスパあざみ野ビル２階,139.55379134,35.56814647,geocoding,
A140270,医療法人社団　健生会　長浜医院,225-0011,神奈川県横浜市青葉区あざみ野４－２－４,139.54089231,35.57129032,geocoding,
A140492,医療法人社団成仁会　市ヶ尾病院健診センター,225-0024,神奈川県横浜市青葉区市ケ尾町２３－１,139.5399495,35.54796858,geocoding,
A140373,牧野記念病院,226-0003,神奈川県横浜市緑区鴨居２－２１－１１,139.57023604,35.50775172,geocoding,
A140170,三保町内科・循環器クリニック,226-0015,神奈川県横浜市緑区三保町１８０３－１,139.527026,35.51895016,geocoding,
A140471,坂本内科クリニック,226-0019,神奈川県横浜市緑区中山１－６－１ミヨシズシードビル４０２号,139.54068315,35.51497027,geocoding,
A140263,さいとうクリニック,226-0021,神奈川県横浜市緑区北八朔町１２０８－１,139.53636999,35.5297156,geocoding,
A140131,岩波胃腸科外科医院,226-0022,神奈川県横浜市緑区青砥町１１２２,139.54589402,35.51885885,geocoding,
A140155,いのうち内科クリニック,226-0025,神奈川県横浜市緑区十日市場町９０１－１２,139.52350969,35.52249688,geocoding,
A140420,医療法人社団　日本厚生団　長津田健診・透析クリニック,226-0027,神奈川県横浜市緑区長津田４－２３－１,139.493338,35.53611386,geocoding,
A140419,さとう内科クリニック,227-0043,神奈川県横浜市青葉区藤が丘１－２８－２０　ファミーユ２Ｆ,139.52861732,35.54536886,geocoding,
A140048,医療法人　健究社　スマイル眼科クリニック,227-0062,神奈川県横浜市青葉区青葉台１－６－１２カンゼームビル４階,139.51667655,35.54193827,geocoding,
A140483,たけのこメディカルパーク,227-0062,神奈川県横浜市青葉区青葉台２－８－２０パルテ青葉台２Ｆ,139.51524868,35.54359617,geocoding,
A140479,医療法人社団やまびこ　青葉台整形外科リウマチ科,227-0062,神奈川県横浜市青葉区青葉台２－９－１ケンプラザビル３Ｆ,139.51627644,35.54368238,geocoding,
A140527,うしおだ在宅クリニック,230-0001,神奈川県横浜市鶴見区矢向１－５－２９うしおだ総合ケアセンター,139.67867549,35.52874783,geocoding,6
A140206,汐田総合病院,230-0001,神奈川県横浜市鶴見区矢向１－６－２０,139.67821719,35.52967548,geocoding,
A140544,おおやまこどもクリニック,230-0001,神奈川県横浜市鶴見区矢向６－７－１５,139.68022516,35.53820474,geocoding,6
A140321,めがね橋小児科,230-0017,神奈川県横浜市鶴見区東寺尾中台１２－３７,139.66339946,35.51089206,geocoding,
A140418,医療法人社団　崇英会　冨士見クリニック,230-0026,神奈川県横浜市鶴見区市場富士見町８－８,139.68843863,35.51698816,geocoding,
A140227,坂本クリニック,230-0052,神奈川県横浜市鶴見区生麦５－６－２,139.67381257,35.50054051,geocoding,
A140143,ふくし内科クリニック,230-0071,神奈川県横浜市鶴見区駒岡４－１８－２０,139.65733293,35.53439731,geocoding,
A140284,医療法人社団　古賀クリニック,230-0076,神奈川県横浜市鶴見区馬場７－３０－１,139.64554528,35.50889738,geocoding,
A140348,医療法人社団　康心会　ふれあい鶴見ホスピタル,230-0077,神奈川県横浜市鶴見区東寺尾４－４－２２,139.65868917,35.49621871,geocoding,
A140408,医療法人社団　悠仁会　ほほえみ内科クリニック,230-0078,神奈川県横浜市鶴見区岸谷１－２２－２２ルミエール大谷１階,139.66546076,35.49577437,geocoding,
A140497,うるうクリニック関内馬車道,231-0007,神奈川県横浜市中区弁天通３－４７－２フロール横濱関内３０２号,139.63838084,35.44795416,geocoding,
A140214,相生２３クリニック,231-0012,神奈川県横浜市中区相生町１－３モア・グランド関内ビル１Ｆ,139.63968637,35.4459572,geocoding,
A140463,馬車道栗山内科クリニック,231-0012,神奈川県横浜市中区相生町５－７８清栄ビル馬車道５階,139.63550607,35.44811249,geocoding,
A140292,医療法人　祐清会　雨宮クリニック,231-0015,神奈川県横浜市中区尾上町５－７６明治屋尾上町ビル５Ｆ,139.6341757,35.44651273,geocoding,
A140475,医療法人社団　結樹会　スターフィールド・クリニック横浜,231-0016,神奈川県横浜市中区真砂町３－３１アクティオーレ関内３階,139.63606726,35.44521289,geocoding,
A140505,誠友クリニック,231-0023,神奈川県横浜市中区山下町２２４－２パークポイント山下町１Ｆ,139.64192244,35.44275758,geocoding,6
A140100,うしくぼ消化器・内科クリニック,231-0028,神奈川県横浜市中区翁町１－４－１アルテマリンウェーブビル２Ｆ,139.63807837,35.44178554,geocoding,
A140225,久保内科クリニック,231-0048,神奈川県横浜市中区蓬莱町２－３－３,139.63458693,35.44323263,geocoding,
A140437,医療法人社団　優和会　湘南健診クリニック　ココットさくら館,231-0062,神奈川県横浜市中区桜木町１－１－７ヒューリックみなとみらい１３階,139.63055355,35.45263412,geocoding,
A140491,医療法人社団　ファミリーメディカル　横浜日ノ出町呼吸器内科・内科クリニック,231-0066,神奈川県横浜市中区日ノ出町１－３０－４日ノ出町ビル３Ｆ,139.62699845,35.44544627,geocoding,
A140102,医療法人社団　広秀会　みなとクリニック,231-0806,神奈川県横浜市中区本牧町１－７,139.65745484,35.43175846,geocoding,
A140133,向井クリニック,231-0861,神奈川県横浜市中区元町１－５１－１－Ｆ－ｆｌａｔ１Ｆ,139.65063011,35.44049108,geocoding,
A140187,あずま医院,232-0007,神奈川県横浜市南区清水ケ丘１－２１,139.61246389,35.4395608,geocoding,
A140506,井土ヶ谷整形外科リハビリクリニック,232-0052,神奈川県横浜市南区井土ケ谷中町１５８アクロスキューブ３Ｆ,139.60163449,35.43326967,geocoding,6
A140404,北郷耳鼻咽喉科クリニック,232-0056,神奈川県横浜市南区通町１－２,139.6077284,35.4287344,geocoding,
A140205,医療法人社団ファミリーメディカル　横浜弘明寺呼吸器内科・内科クリニック,232-0066,神奈川県横浜市南区六ツ川１－８１ＦＨＣビル２階,139.59132715,35.42503148,geocoding,
A140050,原整形外科医院,232-0067,神奈川県横浜市南区弘明寺町２６８,139.59821261,35.42416251,geocoding,
A140045,医療法人社団　厚済会　上大岡仁正クリニック,233-0002,神奈川県横浜市港南区上大岡西１－１０－１,139.59640435,35.40998415,geocoding,
A140389,宮川医院,233-0002,神奈川県横浜市港南区上大岡西１－１２－１７,139.59560166,35.41092841,geocoding,
A140522,医療法人社団　豊福医院,233-0012,神奈川県横浜市港南区上永谷３－１８－１６,139.57060964,35.40695856,geocoding,6
A140113,医療法人　真心会　上永谷さいとうクリニック,233-0013,神奈川県横浜市港南区丸山台１－２－１京急シティ上永谷Ｌウイング２Ｆ,139.57310666,35.40189817,geocoding,
A140358,医療法人社団寿啓会　原口小児科医院,233-0013,神奈川県横浜市港南区丸山台３－４１－１,139.56567958,35.39669592,geocoding,
A140196,医療法人社団　森豊会　中森内科クリニック,234-0051,神奈川県横浜市港南区日野８－８－７,139.57771464,35.38327825,geocoding,
A140504,医療法人社団成澤会　清水橋クリニック,234-0053,神奈川県横浜市港南区日野中央１－１９－４,139.58377789,35.38956104,geocoding,
A140447,うるうクリニック港南台,234-0054,神奈川県横浜市港南区港南台３－３－１港南台２１４ビルＢ１－０１－Ｂ,139.57851459,35.3750069,geocoding,
A140084,医療法人横浜グリーンクリニック,234-0054,神奈川県横浜市港南区港南台４－２２－９パークハウス港南台１Ｆ,139.57531491,35.3770039,geocoding,
A140340,医療法人　栗木会　遠藤内科,235-0041,神奈川県横浜市磯子区栗木１－２８－２７,139.60555646,35.38270145,geocoding,
A140304,奥田内科,235-0045,神奈川県横浜市磯子区洋光台３－１－１ショップ２７－２階,139.59487967,35.3789985,geocoding,
A140274,川畑内科クリニック,236-0016,神奈川県横浜市金沢区谷津町３４３,139.62293877,35.34273776,geocoding,
A140498,医療法人さくら会　金沢さくら医院,236-0016,神奈川県横浜市金沢区谷津町３５ＶＩＣＳビル３Ｆ・４Ｆ,139.62312213,35.34550127,geocoding,
A140212,医療法人社団　湘南太陽会　鳥居泌尿器科・内科,236-0042,神奈川県横浜市金沢区釜利谷東２－２１－２２　クリニックビル別館,139.6148781,35.34526741,geocoding,
A140460,草川クリニック　内科・循環器内科,236-0053,神奈川県横浜市金沢区能見台通４－１－２Ｆ,139.62886058,35.36078262,geocoding,
A140022,医療法人　優和会　湘南健康管理センター,237-0063,神奈川県横須賀市追浜東町３－５３－１２,139.63061587,35.31713276,geocoding,
A140467,水口整形外科,238-0011,神奈川県横須賀市米が浜通２－４,139.67614415,35.27748774,geocoding,
A140021,医療法人社団　原医院,238-0034,神奈川県横須賀市金谷２－１－２２,139.65202393,35.26310908,geocoding,
A140207,三浦海岸つばさクリニック,238-0101,神奈川県三浦市南下浦町上宮田３２０２－１４,139.65015788,35.18400339,geocoding,
A140082,医療法人社団　啓寿会　石橋クリニック,239-0808,神奈川県横須賀市大津町１－８－３２,139.6936009,35.2623893,geocoding,
A140075,めぐみケアクリニック,239-0831,神奈川県横須賀市久里浜１－１１－７,139.69909474,35.23132326,geocoding,
A140482,医療法人社団　ナイズ　キャップスクリニック天王町,240-0001,神奈川県横浜市保土ケ谷区川辺町３－５イオン天王町ショッピングセンター３Ｆ,139.59956788,35.45792223,geocoding,
A140442,医療法人社団　平郁会　みんなの天王町クリニック,240-0003,神奈川県横浜市保土ケ谷区天王町２－３８－３　横浜天王町ＡＴビル１Ｆ,139.60339526,35.45483652,geocoding,
A140468,天王町セントラルクリニック,240-0003,神奈川県横浜市保土ケ谷区天王町２－４５－８,139.60280366,35.45381997,geocoding,
A140269,吉田クリニック,240-0006,神奈川県横浜市保土ケ谷区星川１－１５－２０,139.59214373,35.45503908,geocoding,
A140405,保土ヶ谷あだちクリニック,240-0013,神奈川県横浜市保土ケ谷区帷子町１－１７ＹＧＹ　２０３,139.59805978,35.44784557,geocoding,
A140163,清水ケ丘セツルメント診療所,240-0023,神奈川県横浜市保土ケ谷区岩井町２２２－１,139.60379809,35.44166588,geocoding,
A140384,一般財団法人　育生会　横浜病院,240-0025,神奈川県横浜市保土ケ谷区狩場町２００－７,139.57592029,35.4403793,geocoding,
A140286,古川医院,240-0041,神奈川県横浜市保土ケ谷区東川島町２０－１９,139.57413938,35.47287301,geocoding,
A140430,医療法人社団　日輝会　うなやま整形外科,240-0052,神奈川県横浜市保土ケ谷区西谷４－５－１,139.56866732,35.47795841,geocoding,
A140500,医療法人順正会　横浜鶴ヶ峰病院,241-0011,神奈川県横浜市旭区川島町１７６４,139.55419072,35.4708727,geocoding,
A140501,医療法人順正会　横浜鶴ヶ峰病院付属予防医療クリニック,241-0022,神奈川県横浜市旭区鶴ケ峰２－８２－１ココロット鶴ヶ峰５Ｆ,139.55002692,35.47486375,geocoding,
A140309,医療法人社団　明珠会　若葉台クリニック,241-0801,神奈川県横浜市旭区若葉台１－３－１１６,139.50422456,35.50257602,geocoding,
A140058,医療法人社団　悠仁会　中希望が丘診療所,241-0825,神奈川県横浜市旭区中希望が丘９４－６－１Ｆ,139.51550857,35.45814908,geocoding,
A140521,飯塚クリニック,242-0006,神奈川県大和市南林間１－５－８今木ビル２Ｆ,139.44723896,35.49440142,geocoding,6
A140365,和田クリニック,242-0006,神奈川県大和市南林間５－１１－２５,139.44234493,35.49371565,geocoding,
A140186,もみの木医院,242-0016,神奈川県大和市大和南２－６－５,139.46345023,35.4677943,geocoding,
A140067,あいクリニック泌尿器科・皮膚科,242-0023,神奈川県大和市渋谷５－２５－１高座渋谷西口駅前日の出屋ビル２Ｆ,139.4635567,35.43294878,geocoding,
A140015,公益財団法人　健康予防医学財団　ヘルスケアクリニック厚木,243-0014,神奈川県厚木市旭町１－２５－１本厚木ミハラス３階,139.36507476,35.43862931,geocoding,
A140519,イオン厚木オアシス診療所,243-0018,神奈川県厚木市中町１－５－１０イオン厚木１Ｆ,139.36679419,35.44217064,geocoding,6
A140224,医療法人社団　厚泉会　厚木中町クリニック,243-0018,神奈川県厚木市中町４－１０－２ハラダ中町ビル１階,139.36115003,35.43790707,geocoding,
A140115,社会医療法人社団　三思会　東名厚木メディカルサテライトクリニック,243-0034,神奈川県厚木市船子２２４,139.35350302,35.42586647,geocoding,
A140231,医療法人鉄蕉会　亀田森の里病院,243-0122,神奈川県厚木市森の里３－１－１,139.3105679,35.44622958,geocoding,
A140273,あらかわクリニック,243-0201,神奈川県厚木市上荻野１１６４－１上荻野郵便局２階,139.31357346,35.49983235,geocoding,
A140520,馬嶋医院,243-0203,神奈川県厚木市下荻野１１２０,139.34312044,35.47796878,geocoding,6
A140235,もり整形外科眼科,243-0401,神奈川県海老名市東柏ケ谷２－２９－１６－１０１,139.429005,35.47104573,geocoding,
A140484,キャップスクリニック海老名,243-0432,神奈川県海老名市中央１－６－１マルイファミリー海老名３Ｆ,139.39351998,35.45281384,geocoding,
A140251,医療法人社団タムラ　海老名耳鼻咽喉科クリニック,243-0432,神奈川県海老名市中央２－２－１７,139.3922978,35.44769232,geocoding,
A140503,社会医療法人ジャパンメディカルアライアンス　カラダテラス海老名,243-0438,神奈川県海老名市めぐみ町３－１ＶｉＮＡＧＡＲＤＥＮＳ　ＰＥＲＣＨ　７Ｆ,139.38925085,35.45364705,geocoding,6
A140266,医療法人　横浜未来ヘルスケアシステム　戸塚共立第１病院,244-0003,神奈川県横浜市戸塚区戸塚町１１６,139.53225164,35.39875098,geocoding,
A140459,医療法人　横浜未来ヘルスケアシステム　戸塚共立あさひクリニック,244-0003,神奈川県横浜市戸塚区戸塚町１１６－１５Ｃ．Ｉスクエア２階,139.53225164,35.39875098,geocoding,
A140228,医療法人社団道愛会　しばた医院,244-0003,神奈川県横浜市戸塚区戸塚町２８１０－８土屋クリニックビル１Ｆ,139.52710775,35.3874276,geocoding,
A140473,医療生協　かながわ生活協同組合　戸塚診療所,244-0003,神奈川県横浜市戸塚区戸塚町３８８０－２,139.52975744,35.39395719,geocoding,
A140424,医療法人　横浜未来ヘルスケアシステム　戸塚共立メディカルサテライト健診センター,244-0003,神奈川県横浜市戸塚区戸塚町３９７０－５,139.53091841,35.39756224,geocoding,
A140461,横浜戸塚駅前内科,244-0003,神奈川県横浜市戸塚区戸塚町４０１８－１ザ・パークハウス戸塚フロント２Ｆ,139.53152391,35.39962028,geocoding,
A140525,医療法人　横浜未来ヘルスケアシステム　戸塚共立おとキッズクリニック,244-0003,神奈川県横浜市戸塚区戸塚町４２５３－１サクラス戸塚ビル５Ｆ,139.53080727,35.40118949,geocoding,6
A140445,戸塚ファミリークリニック,244-0003,神奈川県横浜市戸塚区戸塚町９９－３０１,139.53342655,35.39939257,geocoding,
A140526,医療法人社団やまびこ　東戸塚整形外科リウマチ科,244-0801,神奈川県横浜市戸塚区品濃町５１３－７清光ビル２Ｆ,139.55881339,35.42759481,geocoding,6
A140185,藤野クリニック,244-0801,神奈川県横浜市戸塚区品濃町５４３－５,139.55773573,35.43254976,geocoding,
A140260,菅野内科クリニック,244-0802,神奈川県横浜市戸塚区平戸５－１－８いずみプラザ東戸塚２Ｆ,139.56996522,35.42736972,geocoding,
A140261,海のこどもクリニック,244-0805,神奈川県横浜市戸塚区川上町９１－１－３Ｆ,139.55579699,35.43007508,geocoding,
A140211,おおくぼ総合内科クリニック,244-0805,神奈川県横浜市戸塚区川上町９１－１モレラ東戸塚３Ｆ,139.55579699,35.43007508,geocoding,
A140375,医療法人　横浜未来ヘルスケアシステム　戸塚共立第２病院,244-0817,神奈川県横浜市戸塚区吉田町５７９－１,139.53789562,35.40538069,geocoding,
A140494,医療法人社団　ナイズ　キャップスクリニック　東戸塚,244-8528,神奈川県横浜市戸塚区品濃町５３５－１イオンスタイル東戸塚３Ｆ,139.56118264,35.43053886,geocoding,
A140372,医療法人社団　山中クリニック,245-0002,神奈川県横浜市泉区緑園３－２－８,139.52082779,35.43944031,geocoding,
A140327,会田クリニック,245-0002,神奈川県横浜市泉区緑園６－２－１,139.52449975,35.44337605,geocoding,
A140247,医療法人　敬生会　ともろークリニック,245-0008,神奈川県横浜市泉区弥生台５５－５５,139.5034791,35.42608342,geocoding,
A140198,横浜緑園丘の上クリニック,245-0009,神奈川県横浜市泉区新橋町５３－１,139.51807239,35.43193839,geocoding,
A140280,医療生協かながわ生活協同組合　中田診療所,245-0013,神奈川県横浜市泉区中田東３－３－２７,139.51192551,35.41165465,geocoding,
A140523,医療法人順神会　ばんどうクリニック,245-0016,神奈川県横浜市泉区和泉町５１４－８,139.48888872,35.3938403,geocoding,6
A140125,板倉医院,245-0018,神奈川県横浜市泉区上飯田町１１０７－１,139.4804115,35.41667896,geocoding,
A140157,汲沢中央診療所,245-0061,神奈川県横浜市戸塚区汲沢８－２９－１６,139.5164473,35.40133098,geocoding,
A140204,わたなべファミリークリニック,246-0031,神奈川県横浜市瀬谷区瀬谷１－２３－４Ｙビル１階,139.49227109,35.46667553,geocoding,
A140253,医療法人社団美里会　瀬谷ふたつ橋病院,246-0031,神奈川県横浜市瀬谷区瀬谷１－２９－１,139.49355712,35.46694219,geocoding,
A140529,瀬谷小児科クリニック,246-0031,神奈川県横浜市瀬谷区瀬谷４－２３－３５アクロスキューブ瀬谷２０２,139.48166881,35.46863891,geocoding,6
A140369,一般社団法人　日本健康倶楽部横浜支部診療所,246-0031,神奈川県横浜市瀬谷区瀬谷４－５－３１シルバープラザビル２階,139.48412143,35.47010817,geocoding,
A140339,さかえ小磯診療所,247-0006,神奈川県横浜市栄区笠間４－１０－３,139.53676573,35.36282641,geocoding,
A140141,医療法人社団　前田医院,247-0007,神奈川県横浜市栄区小菅ケ谷町２－３９－８,139.55659453,35.37312958,geocoding,
A140356,医療法人ホライズン　ひらいで内科クリニック,247-0015,神奈川県横浜市栄区中野町２７－８,139.56154127,35.36366679,geocoding,
A140385,医療法人社団　啓養会　左近允医院,247-0053,神奈川県鎌倉市今泉台４－２０－１９,139.55927475,35.33911948,geocoding,
A140517,まつむらファミリークリニック,247-0056,神奈川県鎌倉市大船１－２３－３１浜田ビル３Ｆ,139.53258273,35.35285791,geocoding,6
A140410,信愛クリニック,247-0056,神奈川県鎌倉市大船２－２６－１０,139.53732957,35.35448825,geocoding,
A140042,鎌倉雪ノ下クリニック,248-0005,神奈川県鎌倉市雪ノ下４－１－８,139.55866362,35.32341024,geocoding,
A140001,井口内科医院,248-0012,神奈川県鎌倉市御成町６－９,139.54827845,35.31633348,geocoding,
A140002,医療法人社団　平平會　橋本クリニック,248-0014,神奈川県鎌倉市由比ガ浜２－２－４０鎌倉ＫＦビル２Ｆ,139.54971441,35.3155891,geocoding,
A140331,藤本小児科医院,248-0014,神奈川県鎌倉市由比ガ浜３－１１－１６,139.54111252,35.31285624,geocoding,
A140243,おばなファミリークリニック,249-0001,神奈川県逗子市久木８－９－１９,139.57345687,35.31003149,geocoding,
A140319,逗子内科診療所,249-0005,神奈川県逗子市桜山１－５－４５,139.58776087,35.29728855,geocoding,
A140531,医療法人社団　湘南内科ペインクリニック,249-0006,神奈川県逗子市逗子５－６－１８,139.58039184,35.29520532,geocoding,6
A140297,医療法人社団　窪倉医院,250-0001,神奈川県小田原市扇町１－１２－１８,139.15946628,35.26216112,geocoding,
A140255,螢田診療所,250-0865,神奈川県小田原市蓮正寺３１０,139.15197111,35.2854074,geocoding,
A140005,医療法人社団　福井内科消化器科クリニック,250-0872,神奈川県小田原市中里３９２－１,139.18958872,35.2852921,geocoding,
A140457,医療法人社団　三昧耶会　ゆげ耳鼻咽喉科,250-0872,神奈川県小田原市中里７２－１,139.18426451,35.28476696,geocoding,
A140281,あすなろクリニック,250-0875,神奈川県小田原市南鴨宮３－１８－１３,139.18062137,35.27225762,geocoding,
A140003,医療法人社団　ぬまた内科呼吸器科,251-0002,神奈川県藤沢市大鋸１－２－１８藤沢ホスピタリティパーク３Ｆ,139.49435743,35.33963076,geocoding,
A140528,からさわ耳鼻咽喉科,251-0003,神奈川県藤沢市柄沢５６０－４－１,139.497599,35.35447897,geocoding,6
A140104,牧野クリニック,251-0021,神奈川県藤沢市鵠沼神明５－１３－１９第３森谷ビル３Ｆ,139.47232047,35.34646573,geocoding,
A140011,医療法人社団　藤順会　藤沢総合健診センター,251-0024,神奈川県藤沢市鵠沼橘１－１７－１１,139.48586084,35.33754198,geocoding,
A140516,ふじさわ脳とからだのクリニック,251-0026,神奈川県藤沢市鵠沼東１－２,139.49025214,35.33577837,geocoding,6
A140242,山田医院,251-0046,神奈川県藤沢市辻堂西海岸２－１０－６,139.44326164,35.32526445,geocoding,
A140333,こまたアレルギー科　小児科クリニック,251-0052,神奈川県藤沢市藤沢６１０－１サミットストア藤沢駅北口店２階,139.48740799,35.34099714,geocoding,
A140096,医療法人　ＭＫＳ　まり乳腺クリニック,251-0052,神奈川県藤沢市藤沢９６５－４,139.48439714,35.34183033,geocoding,
A140237,医療法人アイビス　鴇田医院,252-0001,神奈川県座間市相模が丘３－５３－１０,139.42157686,35.50693836,geocoding,
A140159,医療法人　敦信会　塚原クリニック,252-0001,神奈川県座間市相模が丘５－５－７ヴリリア小田急相模原１０５,139.42271821,35.5137418,geocoding,
A140226,城山内科呼吸器科クリニック,252-0102,神奈川県相模原市緑区原宿４－２－７０,139.30742306,35.59726908,geocoding,
A140291,浮田医院,252-0137,神奈川県相模原市緑区二本松１－６－２,139.32582987,35.59258683,geocoding,
A140359,医療法人社団廣淳会　矢田内科小児科医院,252-0143,神奈川県相模原市緑区橋本２－３－６吉美ビル２ＦーＢ,139.34307524,35.5954329,geocoding,
A140087,りつの医院,252-0144,神奈川県相模原市緑区東橋本２－１９－９,139.35229111,35.59336345,geocoding,
A140401,医療法人　旭良会　あさひクリニック,252-0144,神奈川県相模原市緑区東橋本３－１－１６,139.3553518,35.59589056,geocoding,
A140230,医療法人社団悠心会　森田病院,252-0159,神奈川県相模原市緑区三ケ木６２７,139.23200863,35.5900049,geocoding,
A140349,ひぐち内科・消化器,252-0203,神奈川県相模原市中央区東淵野辺５－８－９,139.40843741,35.55827888,geocoding,
A140334,医療法人社団仁和会　さがみ仁和会病院,252-0231,神奈川県相模原市中央区相模原４－１１－４,139.37806708,35.57727857,geocoding,
A140478,医療法人社団やまびこ　ふちのべ整形外科リウマチ科,252-0233,神奈川県相模原市中央区鹿沼台１丁目１１－８　やま１ビル２－５階,139.39396336,35.5687801,geocoding,
A140151,尾形内科．循環器科,252-0233,神奈川県相模原市中央区鹿沼台２－１１－５,139.39219685,35.56811349,geocoding,
A140534,医療法人楓育会　しながわ小児クリニック,252-0239,神奈川県相模原市中央区中央４－３－２４,139.36606548,35.57292408,geocoding,6
A140386,山岸クリニック相模大野,252-0303,神奈川県相模原市南区相模大野３－１４－２０　ＴＨ＆Ｃビル５階,139.43632731,35.53268464,geocoding,
A140402,一般財団法人　ヘルス・サイエンス・センター,252-0303,神奈川県相模原市南区相模大野３－３－２－４０１　ボーノ相模大野サウスモール４Ｆ,139.43520251,35.5305488,geocoding,
A140541,医療法人社団ナイズ　キャップスクリニック相模大野,252-0303,神奈川県相模原市南区相模大野４－４－３オーノクロス２Ｆ,139.43447748,35.53281239,geocoding,6
A140229,医療法人　奏健　やまもとクリニック,252-0311,神奈川県相模原市南区東林間５－１３－８,139.4380055,35.51884518,geocoding,
A140512,医療法人社団　ナイズ　キャップスクリニック　相模原,252-0331,神奈川県相模原市南区大野台６－１－１ニトリモール相模原１Ｆ,139.40972904,35.55535421,geocoding,6
A140532,古淵アットホームクリニック,252-0344,神奈川県相模原市南区古淵２－３－７Ｔ＆Ｔ第二ビル１０５号,139.4168533,35.55629311,geocoding,6
A140025,御所見総合クリニック,252-0825,神奈川県藤沢市獺郷１８８,139.40861858,35.39525685,geocoding,
A140489,医療法人社団　ナイズ　キャップスクリニック茅ヶ崎,253-0041,神奈川県茅ヶ崎市茅ヶ崎２－７１そよら湘南茅ヶ崎１Ｆ,139.405915,35.33508095,geocoding,
A140524,医療法人社団ＭＢＳ　湘南いしぐろクリニック,253-0043,神奈川県茅ヶ崎市元町２－４山鉄ビル６Ｆ,139.40647384,35.33129835,geocoding,6
A140188,茅ヶ崎メディカルクリニック,253-0052,神奈川県茅ヶ崎市幸町５－８―２０１号２階,139.40974869,35.3308013,geocoding,
A140103,医療法人社団　加藤医院,253-0053,神奈川県茅ヶ崎市東海岸北２－１－５２,139.40801868,35.32775461,geocoding,
A140487,神部医院,253-0106,神奈川県高座郡寒川町宮山３０３５,139.38669257,35.38897092,geocoding,
A140117,医療法人財団　倉田会　倉田会メディカルサポートクリニック,254-0014,神奈川県平塚市四之宮２－７－８,139.35507751,35.34880808,geocoding,
A140192,井上クリニック,254-0032,神奈川県平塚市八千代町１２－１２,139.35701452,35.33143588,geocoding,
A140456,医療法人社団　うえくさ小児科,254-0034,神奈川県平塚市宝町３－１ＭＮビル１Ｆ,139.35078732,35.32964388,geocoding,
A140502,平塚整形外科リウマチ科,254-0043,神奈川県平塚市紅谷町４－２３やま２ビル１－３Ｆ,139.34949022,35.32914105,geocoding,
A140449,医療法人社団　小笠原医院,254-0045,神奈川県平塚市見附町８－８,139.34388767,35.33208729,geocoding,
A140030,医療法人社団　梶原医院,254-0077,神奈川県平塚市東中原１－１９－１８,139.33892391,35.35435457,geocoding,
A140354,間島医院,254-0814,神奈川県平塚市龍城ケ丘３－３７,139.34533262,35.32080042,geocoding,
A140202,クリニック斎藤,254-0902,神奈川県平塚市徳延２－１－１,139.32038684,35.33516192,geocoding,6
A140481,湘南いいだハートクリニック,254-0906,神奈川県平塚市公所４３６－７,139.30382468,35.34535272,geocoding,
A140072,医療法人社団　陽康会　たつきファミリークリニック,258-0021,神奈川県足柄上郡開成町吉田島４３２０－２,139.13753968,35.32703964,geocoding,
A140099,ねもと総合内科クリニック,258-0113,神奈川県足柄上郡山北町山北７１１－３２,139.08479434,35.36046578,geocoding,
A140267,医療法人ひまわり　ひまわりクリニック,259-1116,神奈川県伊勢原市石田２２４－１１,139.33522665,35.41706967,geocoding,
A140469,医療法人社団杏月会　伊勢原駅前クリニック,259-1132,神奈川県伊勢原市桜台１－２－１３,139.31308452,35.39470232,geocoding,
A120270,医療法人社団一陽会　髙部内科医院,260-0001,千葉県千葉市中央区都町１－４９－６,140.14226531,35.61539,geocoding,
A120313,医療法人社団　武光会　つばきこどもクリニック,260-0001,千葉県千葉市中央区都町２－１６－６,140.14060174,35.61236824,geocoding,
A120039,医療法人社団　楽生会　にへいファミリークリニック千葉,260-0001,千葉県千葉市中央区都町５－８－２７,140.15019272,35.61393478,geocoding,
A120006,医療法人社団報徳会　報徳千葉診療所,260-0012,千葉県千葉市中央区本町１－１－１３,140.12549157,35.61102029,geocoding,
A120113,医療法人社団　春鈴会　寺田クリニック,260-0015,千葉県千葉市中央区富士見２－３－１塚本大千葉ビル６階,140.11661975,35.61168039,geocoding,
A120012,一般社団法人　千葉衛生福祉協会　千葉診療所,260-0018,千葉県千葉市中央区院内１－８－１２,140.12383582,35.6129892,geocoding,
A120032,医療法人社団　和田医院,260-0018,千葉県千葉市中央区院内２－１５－７,140.12453599,35.61152288,geocoding,
A120335,一般財団法人　柏戸記念財団　ポートスクエア柏戸クリニック,260-0025,千葉県千葉市中央区問屋町１－３５千葉ポートサイドタワー２７階,140.11098766,35.60262832,geocoding,
A120385,医療法人財団明理会　ＩＭＳ　ＭｅーＬｉｆｅクリニック千葉,260-0028,千葉県千葉市中央区新町１０００センシティタワー８階,140.11328941,35.61151897,geocoding,
A120396,東京ビジネスクリニック　ファミリア　ペリエ千葉,260-0031,千葉県千葉市中央区新千葉１－１－１ペリエ千葉６階,140.11425595,35.61216617,geocoding,
A120392,東京ビジネスクリニック　ペリエ千葉エキナカ,260-0031,千葉県千葉市中央区新千葉１－１－１ペリエ千葉エキナカ,140.11425595,35.61216617,geocoding,
A120414,ＭＡＲＵ　Ｂｙ　Ｔｏｋｙｏ　Ｂｕｓｉｎｅｓｓ　Ｃｌｉｎｉｃ　ペリエ千葉エキナカ,260-0031,千葉県千葉市中央区新千葉１－１－１ペリエ千葉エキナカ４Ｆ,140.11425595,35.61216617,geocoding,
A120347,上田医院　内科・腎臓内科,260-0032,千葉県千葉市中央区登戸１－１３－１８,140.10965924,35.60990772,geocoding,
A120033,医療法人社団　細川会　えりやま内科皮膚科医院,260-0044,千葉県千葉市中央区松波３－１９－８,140.10984973,35.62094756,geocoding,
A120123,医療法人社団　煌和会　國分クリニック,260-0805,千葉県千葉市中央区宮崎２３５－８,140.14230206,35.58337316,geocoding,
A120307,今井町診療所,260-0841,千葉県千葉市中央区白旗２－４－１０,140.14045478,35.5791123,geocoding,
A120382,野井レディースクリニック,260-0842,千葉県千葉市中央区南町２－１４－１４,140.13381226,35.5812479,geocoding,
A120361,幸町中央診療所,261-0001,千葉県千葉市美浜区幸町２－１２－６,140.0929709,35.62184349,geocoding,
A120408,医療法人社団　ナイズ　キャップスクリニック　稲毛海岸,261-0004,千葉県千葉市美浜区高洲３－１３－１イオンマリンピア本館４Ｆ,140.07318092,35.62843625,geocoding,
A120374,美浜ホームクリニック・健診プラザ,261-0004,千葉県千葉市美浜区高洲３－２１－１イオンマリンピア専門館２階,140.07512239,35.62862514,geocoding,
A120111,ヘルスケアクリニック川島内科・婦人科,261-0011,千葉県千葉市美浜区真砂１－１２－１１,140.07069767,35.63359111,geocoding,
A120279,幕張ベイクリニック,261-0013,千葉県千葉市美浜区打瀬２－１６パティオス１７番街１階,140.04455832,35.63983741,geocoding,
A120413,医療法人社団保健会　奏の杜クリニック　海浜幕張,261-0021,千葉県千葉市美浜区ひび野１－１４ａｕｎｅ幕張４Ｆ,140.04258609,35.64843076,geocoding,
A120363,幕張ハートクリニック,261-0021,千葉県千葉市美浜区ひび野１－７,140.04385254,35.65083048,geocoding,
A120135,社会福祉法人　煌徳会　般若クリニック,262-0005,千葉県千葉市花見川区こてはし台５－９－３,140.11994445,35.68955798,geocoding,
A120317,医療法人社団　順啓会　ほしなが耳鼻咽喉科,262-0015,千葉県千葉市花見川区宮野木台２－５－３３　ミキ医療モール２階,140.09351709,35.65836907,geocoding,
A120079,医療法人社団　オリーブ会　いとう新検見川クリニック,262-0025,千葉県千葉市花見川区花園１－９－１８クリニックガーデン花園３Ｂ,140.07319966,35.65249998,geocoding,
A120353,医）千葉県勤労者医療協会千葉健生病院付属まくはり診療所,262-0032,千葉県千葉市花見川区幕張町５－３９２－３,140.05945927,35.65278873,geocoding,
A120188,幕張耳鼻咽喉科・アレルギー科,262-0032,千葉県千葉市花見川区幕張町５－４１７－２２２　幕張グリーンハイツ,140.05660383,35.65857138,geocoding,
A120106,医療法人社団ゆかり会　幕張胃腸クリニック,262-0033,千葉県千葉市花見川区幕張本郷１－２－２４,140.04125216,35.67200293,geocoding,
A120356,医療法人　勇優雅会　花見川中央クリニック,262-0046,千葉県千葉市花見川区花見川３－２９－１０１,140.09602423,35.68890193,geocoding,
A120344,医療法人社団　みうらクリニック,263-0005,千葉県千葉市稲毛区長沼町１３４番地,140.11860097,35.66231924,geocoding,
A120209,医療法人社団　三育会　宮野木外科・内科,263-0005,千葉県千葉市稲毛区長沼町２６１－３,140.10919077,35.65422544,geocoding,
A120064,医療法人社団　直心会　轟クリニック,263-0021,千葉県千葉市稲毛区轟町１－１３－３,140.10900776,35.62500232,geocoding,6
A120298,林医院,263-0021,千葉県千葉市稲毛区轟町１－１６－２,140.11014357,35.62683818,geocoding,
A120328,医療法人社団ＡＺＭＥＤＩＣＡＬ　ふらットクリニック稲毛,263-0031,千葉県千葉市稲毛区稲毛東１－１６－１１　エフプラスビル１階,140.08977904,35.6345942,geocoding,
A120319,稲毛むらさき内科クリニック,263-0043,千葉県千葉市稲毛区小仲台２－５－３稲栄ビル３階,140.09315361,35.6377911,geocoding,
A120244,医療法人社団　三康会　田中クリニック,263-0043,千葉県千葉市稲毛区小仲台５－４－１５,140.09726147,35.64242947,geocoding,
A120241,医療法人社団　マリヤ・クリニック,263-0043,千葉県千葉市稲毛区小仲台６－１９－１９　Ｍｙビル１階,140.09500341,35.63879936,geocoding,
A120237,医療法人社団　駿心会　稲毛病院,263-0043,千葉県千葉市稲毛区小仲台６－２１－３,140.09462288,35.63967423,geocoding,
A120258,医療法人社団　中山内科クリニック,264-0005,千葉県千葉市若葉区千城台北３－２１－１　ラパーク千城台２階,140.18861151,35.6232447,geocoding,
A120320,（医）桐伸会　藤井クリニック,264-0024,千葉県千葉市若葉区高品町１０５７,140.14036147,35.6287598,geocoding,
A120402,千葉内科クリニック,264-0026,千葉県千葉市若葉区西都賀２－１１－１１,140.1453444,35.63790023,geocoding,
A120358,医療法人社団　若葉会　若葉整形外科クリニック,264-0032,千葉県千葉市若葉区みつわ台２－１３－１１,140.13223569,35.63981251,geocoding,
A120021,医療法人社団　千葉いずみ会　泉中央病院,265-0061,千葉県千葉市若葉区高根町９６４－４２,140.21966486,35.59440004,geocoding,
A120030,かまとり医院,266-0031,千葉県千葉市緑区おゆみ野３－８－２,140.17794207,35.56059772,geocoding,
A120255,医）寄命会　椎名崎クリニック,266-0033,千葉県千葉市緑区おゆみ野南２－１１－１,140.16732472,35.55225118,geocoding,
A120291,医療法人社団至玄清秀会　篠崎医院,267-0061,千葉県千葉市緑区土気町１６３２－６,140.27264636,35.53110768,geocoding,
A120345,坂の上外科,267-0061,千葉県千葉市緑区土気町３１１,140.28024887,35.52943884,geocoding,
A120346,いらはら診療所,270-0021,千葉県松戸市小金原４－３－２,139.93901583,35.82322341,geocoding,
A120428,医療法人鶴町会　流山鶴町皮膚科小児科クリニック,270-0116,千葉県流山市中野久木字米ノ台４１３－１,139.90696742,35.89476596,geocoding,3
A120400,医療法人社団ナイズ　キャップスクリニック流山おおたかの森,270-0128,千葉県流山市おおたかの森西１－１５－３コトエ流山おおたかの森３階,139.92089932,35.87287339,geocoding,
A120421,よいこのわくわくクリニック　ファミール流山おおたかの森,270-0138,千葉県流山市おおたかの森東１－２－１－１Ｆ　１０４区画,139.92641837,35.87267074,geocoding,6
A120333,柴沼医院,270-0141,千葉県流山市松ケ丘１－４７５,139.95213307,35.84734823,geocoding,
A120210,医療法人財団　東京勤労者医療会　東葛病院,270-0153,千葉県流山市中１０２－１,139.91584201,35.85293221,geocoding,
A120094,南流山整形外科,270-0163,千葉県流山市南流山２－１８－４プロモシオン南流山１Ｆ,139.9027938,35.83685071,geocoding,
A120182,医療法人社団　紀信会　西村内科胃腸科医院,270-0163,千葉県流山市南流山２－２４－４,139.90024127,35.83652014,geocoding,
A120235,医療法人社団啓仁会　関宿中央医院,270-0222,千葉県野田市木間ケ瀬４６３９,139.83121163,36.03143815,geocoding,3
A120252,医療法人社団　淑幸会　尾崎台クリニック,270-0238,千葉県野田市尾崎台１４,139.83545991,35.98426259,geocoding,
A120214,社会医療法人社団蛍水会　名戸ヶ谷あびこ病院,270-1166,千葉県我孫子市我孫子１８５５－１,140.02735598,35.86524123,geocoding,
A120080,医療法人社団　優朗会　根戸クリニック,270-1168,千葉県我孫子市根戸１７４７－６,139.99437572,35.87927135,geocoding,
A120323,医療法人社団　聖和会　天王台消化器病院,270-1176,千葉県我孫子市柴崎台１－１８－３８,140.04340675,35.87289365,geocoding,
A120083,小倉外科内科,270-1176,千葉県我孫子市柴崎台３－１９－２２,140.04428429,35.87664599,geocoding,
A120410,医療法人社団　ナイズ　キャップスクリニック　千葉ニュータウン中央,270-1340,千葉県印西市中央南１－８　千葉ニュータウン中央駅前センタービル１Ｆ,140.11702015,35.79887118,geocoding,
A120422,医療法人社団志村厚生会　内野診療所,270-1347,千葉県印西市内野１－５－５,140.12668024,35.79698819,geocoding,6
A120276,医療法人社団　すずき小倉台医院,270-1356,千葉県印西市小倉台４－１２,140.11208222,35.80642279,geocoding,
A120163,桜台メディカルクリニック,270-1412,千葉県白井市桜台２－７－２,140.10415208,35.7987934,geocoding,
A120297,医療法人社団　白藤会　伊藤診療所,270-1422,千葉県白井市復１４５０－２３,140.06061216,35.79612733,geocoding,
A120293,白井駅前せあらしクリニック,270-1426,千葉県白井市笹塚２－２－２コスモビル１０２,140.05353824,35.78568419,geocoding,
A120120,医療法人社団　敬玄会　菊地医院,270-1431,千葉県白井市根１７２０－７,140.0305885,35.78841353,geocoding,
A120016,医療法人社団東光会　北総白井病院,270-1431,千葉県白井市根３２５－２－１,140.03242528,35.77041539,geocoding,
A120072,医療法人社団　誠悠会　もりや内科・呼吸器科クリニック,270-1432,千葉県白井市冨士１２９－２９,140.01765547,35.76817267,geocoding,
A120395,とりうみこどもクリニック,270-1432,千葉県白井市冨士１２９－３１,140.01782765,35.76844489,geocoding,
A120268,医療法人社団　ヨーゼフ会　高塚団地診療所,270-2222,千葉県松戸市高塚新田２４７－１５,139.93975243,35.75574741,geocoding,
A120085,稔台整形外科クリニック,270-2231,千葉県松戸市稔台１－１２－１１林ビル１０５,139.93070742,35.78836005,geocoding,
A120119,医療法人徳洲会　千葉西総合病院,270-2251,千葉県松戸市金ヶ作１０７－１,139.94493899,35.80381514,geocoding,
A120121,さくら通り内科・大島,270-2261,千葉県松戸市常盤平５－１４－２５中山ビル１階,139.96428442,35.79731125,geocoding,
A120126,医療法人社団　開智会　高木クリニック,271-0062,千葉県松戸市栄町５－３１３,139.90577519,35.80765416,geocoding,
A120098,医療法人社団　柳澤会　柳澤医院,271-0068,千葉県松戸市古ケ崎８０３,139.89792662,35.79238651,geocoding,
A120383,あいハートクリニック松戸駅前,271-0092,千葉県松戸市松戸１１７６－４－２０１,139.90158514,35.78431247,geocoding,
A120179,コスモ松戸クリニック,271-0092,千葉県松戸市松戸１３３３－１－１１０,139.90069922,35.78210165,geocoding,
A120100,医療法人社団　ほっち医院,271-0092,千葉県松戸市松戸２０４４,139.89569377,35.78651784,geocoding,
A120204,おだなか医院,272-0021,千葉県市川市八幡２－５－８ガレリア・サーラ１Ｆ１０６,139.92681251,35.72249167,geocoding,
A120089,福田医院,272-0022,千葉県市川市鬼越２－１－７,139.93592028,35.719217,geocoding,
A120386,医療法人社団　平郁会　みんなの市川クリニック,272-0023,千葉県市川市南八幡３－６－１８ミーナアサヒビル７０４,139.92709867,35.7195116,geocoding,6
A120387,市川とば内科・呼吸器クリニック,272-0033,千葉県市川市市川南１－８－６ＹＳＤビル３１０,139.90646655,35.72771587,geocoding,
A120069,目時クリニック,272-0033,千葉県市川市市川南３－３－２３,139.90401946,35.72924612,geocoding,
A120061,医療法人　社団　吉田医院,272-0035,千葉県市川市新田５－１０－２０,139.91275221,35.72868794,geocoding,
A120117,医療法人財団　明理会　行徳総合病院,272-0103,千葉県市川市本行徳５５２５－２,139.93121927,35.67951698,geocoding,
A120095,医療法人社団　岩田クリニック,272-0107,千葉県市川市押切２０－３Ｓビル１０１,139.91463692,35.68542246,geocoding,
A120431,医療法人社団ナイズ　キャップスクリニック市川妙典,272-0111,千葉県市川市妙典５－３－１イオン市川妙典店１Ｆ,139.92801894,35.69301829,geocoding,6
A120416,このみこころとからだクリニック,272-0133,千葉県市川市行徳駅前１－２７－１７行徳メディカルビル３Ｆ,139.91632863,35.68169218,geocoding,6
A120404,医療法人社団　藤巻耳鼻咽喉科医院行徳分院,272-0133,千葉県市川市行徳駅前２－１７－２－２Ｆ,139.91366765,35.68313934,geocoding,
A120425,医療法人社団祐希会　ひまわり行徳クリニック,272-0133,千葉県市川市行徳駅前２－８－１Ｍｅｌｌｏｗ　Ｇｙｏｔｏｋｕ２Ｆ,139.91565645,35.68182552,geocoding,6
A120074,近藤小児科,272-0133,千葉県市川市行徳駅前３－１６－２６,139.92006176,35.67975339,geocoding,
A120073,中島クリニック,272-0135,千葉県市川市日之出４－１８,139.92468095,35.67740904,geocoding,
A120326,医聖よろずクリニック　いちかわ院,272-0143,千葉県市川市相之川１－８－１,139.89750234,35.68135061,geocoding,
A120053,医療法人社団　藤巻耳鼻咽喉科医院,272-0143,千葉県市川市相之川４－１４－５－３Ｆ,139.90072741,35.6725539,geocoding,
A120315,医療法人社団　紫苑会　たかはしクリニック,272-0143,千葉県市川市相之川４－１５－３友泉南行徳ビル２階,139.90116073,35.67206226,geocoding,
A120081,たていし内科,272-0815,千葉県市川市北方２－５－１２,139.9385477,35.72521602,geocoding,
A120330,佐々木内科医院,272-0822,千葉県市川市宮久保２－１－２７,139.93351724,35.73715304,geocoding,
A120267,医療法人社団　慈生会　日比医院,272-0823,千葉県市川市東菅野２－５－２２,139.92861217,35.73089578,geocoding,
A120046,斎藤産婦人科・眼科,272-0823,千葉県市川市東菅野５－１５－２２,139.94641629,35.73543105,geocoding,
A120309,医療法人社団　清陽会　すこやか医院,273-0002,千葉県船橋市東船橋２－１７－１６,140.00377097,35.70230441,geocoding,
A120437,クリニックフォア　船橋,273-0005,千葉県船橋市本町４－３－１９錦屋ビル６Ｆ,139.98632251,35.70056015,geocoding,6
A120194,いけだハートクリニック　船橋駅前診療所,273-0005,千葉県船橋市本町７－５－１９－４Ｆ,139.98386706,35.70299878,geocoding,
A120426,ほり内科クリニック,273-0011,千葉県船橋市湊町２－５－６,139.98232023,35.69578301,geocoding,6
A120116,医療法人社団　青山会　船橋みなとクリニック,273-0011,千葉県船橋市湊町２－８－９,139.98137871,35.69427766,geocoding,
A120176,医療法人社団　順孝会　なかむら内科消化器クリニック,273-0021,千葉県船橋市海神６－７－１２,139.97161801,35.70434049,geocoding,
A120412,クリニックプラス西船橋,273-0031,千葉県船橋市西船４－２７－２西船橋駅前プラザビル４Ｆ,139.95957163,35.70794027,geocoding,
A120202,一般社団法人　日本健康倶楽部　西船橋健康管理クリニック,273-0032,千葉県船橋市葛飾町２－３４０フロントンビル４Ｆ,139.95751905,35.7067738,geocoding,
A120417,医療法人社団ＫＫクリニック　ＫＫクリニック西船橋,273-0032,千葉県船橋市葛飾町２－３４４－１ＣａｓａＢＨ１Ｆ,139.95670523,35.70679882,geocoding,6
A120418,原木中山クリニック,273-0035,千葉県船橋市本中山７－５－１１Ｆｏｒｔｕｎａ１０１,139.94195649,35.70234985,geocoding,5
A120245,新鎌ヶ谷北口クリニック,273-0107,千葉県鎌ケ谷市新鎌ケ谷１－１４－３６,139.99820152,35.78038229,geocoding,
A120409,医療法人社団　ナイズ　キャップスクリニック　新鎌ヶ谷,273-0107,千葉県鎌ケ谷市新鎌ケ谷３－２－９ｋｉｎｏｍｉｓｅ２Ｆ,140.00224574,35.77679089,geocoding,
A120207,医療法人社団協友会　船橋総合病院,273-0864,千葉県船橋市北本町１－１３－１,139.98329732,35.71291428,geocoding,
A120178,医療法人社団ベイオアシス　夏見オアシスクリニック,273-0865,千葉県船橋市夏見４－１－３４,139.98765804,35.71364473,geocoding,
A120007,医療法人社団　良知会　共立習志野台病院,274-0063,千葉県船橋市習志野台４－１３－１６,140.0452278,35.71847284,geocoding,
A120042,ならしの内科外科,274-0072,千葉県船橋市三山２－１－１１,140.04961447,35.6914842,geocoding,
A120430,医療法人社団ナイズ　キャップスクリニック二和向台,274-0805,千葉県船橋市二和東６－１２－２クリニックプラザ船橋二和３Ｆ,140.02208921,35.75614614,geocoding,6
A120285,東邦二和クリニック,274-0805,千葉県船橋市二和東６－１７－３５,140.02333082,35.75540736,geocoding,
A120180,医療法人社団　弘成会　コミュニティクリニックみさき,274-0812,千葉県船橋市三咲３－１－１５,140.031561,35.74984981,geocoding,
A120278,芝山医科歯科クリニック,274-0816,千葉県船橋市芝山４－１７－９,140.02104926,35.72124425,geocoding,
A120171,医療法人社団　貞壽会　いとう内科循環器科クリニック,274-0823,千葉県船橋市二宮１－５－４,140.02570214,35.70685709,geocoding,
A120388,医療法人社団コンパス　コンパス内科クリニック幕張船橋,274-0824,千葉県船橋市前原東２－２０－４鶴岡店舗１階,140.03056598,35.69869973,geocoding,
A120143,医療法人社団　佑仁会　クリニック津田沼,274-0825,千葉県船橋市前原西２－７－４,140.01938951,35.69289737,geocoding,
A120380,医療法人社団　さとうクリニック,274-0825,千葉県船橋市前原西４－１７－１６,140.01543968,35.69623304,geocoding,
A120429,医療法人社団　すずき耳鼻咽喉科,275-0006,千葉県習志野市泉町３－１－５,140.05513617,35.69115932,geocoding,6
A120136,医療法人社団　かすみクリニック,275-0022,千葉県習志野市香澄２－９－９,140.0268982,35.66631451,geocoding,
A120377,医療法人社団鐘韻会　まきた内科医院,275-0026,千葉県習志野市谷津５－６－１４,140.00789913,35.68640352,geocoding,
A120206,医療法人社団保健会　メディカルスクエア奏の杜クリニック,275-0028,千葉県習志野市奏の杜２－１－１奏の杜フォルテ２階,140.01567334,35.68951437,geocoding,
A120273,くすのき内科クリニック,276-0023,千葉県八千代市勝田台５－５－１０,140.13132323,35.70465666,geocoding,
A120389,くろだ内科クリニック,276-0023,千葉県八千代市勝田台７－２６－１７,140.12948349,35.71352805,geocoding,
A120272,医療法人社団光明会　川島内科医院,276-0023,千葉県八千代市勝田台７－３０－３,140.13079464,35.71204489,geocoding,
A120419,医療法人社団ナイズ　キャップスクリニック村上,276-0029,千葉県八千代市村上南１－３－１フルルガーデン八千代２Ｆ,140.11760068,35.72238795,geocoding,6
A120105,あきもと泌尿器科クリニック,276-0029,千葉県八千代市村上南１－５－２５カセイビル２Ｆ,140.11832539,35.72349066,geocoding,
A120378,医療法人社団　ビアンサ　明日美ひふ科クリニック,276-0029,千葉県八千代市村上南１－５－２８－２Ｆ,140.11854759,35.72341012,geocoding,
A120251,メディカルプラザ加瀬外科加瀬眼科,276-0031,千葉県八千代市八千代台北１－７－１０,140.0918908,35.70267817,geocoding,
A120401,医療法人社団ナイズ　キャップスクリニック八千代緑が丘,276-0049,千葉県八千代市緑が丘２－１－３イオンモール八千代緑が丘３階,140.07315831,35.72801961,geocoding,
A120075,愛心クリニック,276-0049,千葉県八千代市緑が丘２－２－１０秋葉緑ヶ丘ビル３Ｆ,140.0709725,35.72677524,geocoding,
A120337,浜田中医クリニック,277-0005,千葉県柏市柏１３２６－９,139.98718769,35.85975251,geocoding,
A120132,医療法人社団昭和会　昭和医院,277-0005,千葉県柏市柏３－１１－８,139.97705534,35.86097443,geocoding,
A120423,医療法人社団天宣会　天宣会循環器・睡眠呼吸クリニック,277-0005,千葉県柏市柏４－５－２１－３Ｆ,139.97443335,35.86299628,geocoding,6
A120155,医療法人社団　土筆会　亀甲台内科,277-0031,千葉県柏市亀甲台町２－３－１,139.98219113,35.84769595,geocoding,
A120008,医療法人社団　聖秀会　聖光ヶ丘病院健診センター,277-0062,千葉県柏市光ヶ丘団地２－３,139.95829129,35.82988169,geocoding,
A120104,医療法人社団　爽気会　なのはな内科アレルギー科,277-0841,千葉県柏市あけぼの４－４－２５－１Ｆ,139.96920049,35.86618174,geocoding,
A120088,医療法人社団　新光会　新保クリニック,277-0843,千葉県柏市明原３－３－１２折戸ビル１階３号室,139.96250397,35.86633151,geocoding,
A120097,医療法人社団　協友会　柏厚生総合病院,277-0862,千葉県柏市篠籠田６１７,139.96120395,35.87301647,geocoding,
A120110,医療法人社団　大晟会　大和田ファミリークリニック,277-0863,千葉県柏市豊四季３０１－７,139.94869171,35.86043477,geocoding,
A120376,医療法人社団ナイズ　キャップスクリニック柏の葉,277-0871,千葉県柏市若柴１７８－４柏の葉キャンパス１４８街区１,139.95153725,35.89497636,geocoding,
A120212,医療法人社団　緩痛会　梅郷痛みと内科のクリニック,278-0022,千葉県野田市山崎１８５０－１梅郷メディカルプラザ１階,139.89054412,35.9291445,geocoding,
A120198,医療法人社団全生会　江戸川病院,278-0022,千葉県野田市山崎２７０２,139.90086344,35.92086216,geocoding,
A120151,桜台診療所,278-0032,千葉県野田市桜台２４－２,139.8738949,35.9338439,geocoding,
A120087,杉山クリニック,279-0001,千葉県浦安市当代島１－１－１１フォーレストビル５階,139.89192281,35.66584015,geocoding,
A120078,医療法人社団　かつなんクリニック,279-0001,千葉県浦安市当代島３－５－１,139.89326136,35.6720731,geocoding,
A120071,ハートクリニック浦安,279-0004,千葉県浦安市猫実２－３１－１０アドラブール１０３,139.89865305,35.66091859,geocoding,
A120205,上田クリニック,279-0004,千葉県浦安市猫実３－１８－１２,139.89753639,35.66280174,geocoding,
A120038,第２上田クリニック附属　上田クリニック検診センター,279-0004,千葉県浦安市猫実３－１８－１７,139.89775026,35.66282398,geocoding,
A120368,みずのクリニック,279-0004,千葉県浦安市猫実５－１８－２０－ＫＯビル１階,139.89190342,35.66443472,geocoding,
A120264,新浦安クリニック,279-0011,千葉県浦安市美浜３－１－５,139.90528905,35.65010021,geocoding,
A120084,医療法人社団御波会　小林クリニック,279-0012,千葉県浦安市入船１－４－１イオン新浦安店６階,139.91485223,35.64903652,geocoding,
A120034,医療法人社団　清美会　マリンクリニック,279-0012,千葉県浦安市入船４－１－１新浦安中央ビル２階,139.91670764,35.64936427,geocoding,
A120405,医療法人社団　博施会　新浦安いりふね内科,279-0012,千葉県浦安市入船４－５－５エスプラネード１Ｆ,139.91777145,35.64908375,geocoding,
A120191,医療法人社団　ちくま会　メディカルガーデン新浦安,279-0013,千葉県浦安市日の出１－１－２５,139.9212962,35.64872825,geocoding,
A120065,医療法人社団　新虎の門会　新浦安虎の門クリニック,279-0013,千葉県浦安市日の出２－１－５,139.92186835,35.64934764,geocoding,
A120393,医療法人社団　祐希会　おひさまクリニック,279-0014,千葉県浦安市明海４－１－１ニューコースト新浦安３階,139.92281574,35.6429094,geocoding,
A120394,医療法人社団やしの木会　浦安中央公園クリニック,279-0021,千葉県浦安市富岡３－２－６,139.90093692,35.64275639,geocoding,
A120266,医療法人社団　玲邦会　えとう医院,279-0023,千葉県浦安市高洲３－２－２,139.91454433,35.63809324,geocoding,
A120349,太田の里クリニック,279-0041,千葉県浦安市堀江１－１３－３３,139.89870046,35.65595512,geocoding,
A120011,医療法人社団　健勝会　浦安ふじみクリニック,279-0043,千葉県浦安市富士見２－１８－９,139.89026527,35.65072479,geocoding,
A120219,医療法人社団　大喜会　斉藤クリニック,283-0811,千葉県東金市台方２０５８－１,140.34502191,35.55586279,geocoding,
A120259,医療法人社団　下野医院,284-0005,千葉県四街道市四街道２－１７－１６,140.16010387,35.65976377,geocoding,
A120250,医療法人社団　樹德会　佐倉整形外科眼科病院,285-0817,千葉県佐倉市大崎台３－１１－１７,140.2213726,35.70679627,geocoding,
A120379,社会福祉法人　ユーカリ優都会　南ヶ丘病院,285-0841,千葉県佐倉市下志津２１８番地,140.1708416,35.71944294,geocoding,
A120220,医療法人社団　志津南クリニック,285-0844,千葉県佐倉市上志津原３６－５,140.14364411,35.70247399,geocoding,
A120384,医療法人社団新虎の門会　酒々井虎の門クリニック,285-0912,千葉県印旛郡酒々井町飯積２－８－９,140.2928639,35.70912611,geocoding,
A120002,医療法人社団　中島医院,286-0015,千葉県成田市中台６－２－１,140.29993234,35.78409228,geocoding,
A120036,医療法人社団　國手会藤倉クリニック,286-0028,千葉県成田市幸町４８３,140.31555313,35.78307306,geocoding,
A120246,京増内科クリニック,286-0033,千葉県成田市花崎町８４２－３,140.3153255,35.77894024,geocoding,
A120415,一般社団法人　晴天会　成田国際空港クリニック,286-0111,千葉県成田市三里塚御料牧場１－１,140.38446873,35.76511578,geocoding,
A120290,みやび内科クリニック,286-0202,千葉県富里市日吉倉５７２－２,140.3233389,35.76835556,geocoding,
A120137,坂本医院,287-0001,千葉県香取市佐原ロ２０２８－４３,140.49460989,35.90155395,geocoding,
A120130,日新外科胃腸科医院,287-0002,千葉県香取市北３－１３－１０,140.49719026,35.89557428,geocoding,
A120170,医療法人社団　彰考会　あいざわクリニック,287-0003,千葉県香取市佐原イ２４０３－１,140.50775859,35.88536232,geocoding,
A120373,医療法人社団　理正仁会　香取医院,287-0011,千葉県香取市津宮１２９５－１,140.5307557,35.89807771,geocoding,
A120177,吉野クリニック,288-0836,千葉県銚子市松岸町４－７７８－５１,140.79199832,35.74030494,geocoding,
A120144,小見川診療所,289-0302,千葉県香取市三ノ分目２５５－７,140.58391582,35.87665607,geocoding,
A120140,石橋医院,289-0313,千葉県香取市小見川５４８,140.60910578,35.85409826,geocoding,
A120162,宮内医院,289-0411,千葉県香取市府馬２８０５,140.60639357,35.80112524,geocoding,
A120236,医療法人社団　誠和会　長谷川病院,289-1103,千葉県八街市八街に８５,140.32522359,35.66235611,geocoding,
A120166,医療法人社団　愛聖会　八街こどもクリニック,289-1114,千葉県八街市東吉田５１７－５７,140.31040911,35.64814744,geocoding,
A120138,守　医院,289-2102,千葉県匝瑳市椿１２６８,140.59620965,35.71763309,geocoding,
A120145,医療法人三成会　佐藤クリニック,289-2144,千葉県匝瑳市八日市場イ２７３５－４,140.54340532,35.6981811,geocoding,
A120199,医療法人社団　ゆうきクリニック,289-2613,千葉県旭市後草３２８８－４,140.68398718,35.72303921,geocoding,
A120010,医療法人社団　裕人会　辰巳台クリニック,290-0003,千葉県市原市辰巳台東３－１５－２,140.15278363,35.51688539,geocoding,
A120067,西岡クリニック,290-0141,千葉県市原市ちはら台東１－２－１３,140.19132993,35.529687,geocoding,
A120168,桜井医院,292-0038,千葉県木更津市ほたる野１－２８－３,139.9641817,35.37288545,geocoding,
A120271,医療法人社団　松清医院,292-0042,千葉県木更津市清見台南１－９－６,139.9486288,35.38284814,geocoding,
A120262,医療法人社団　志成会　ロイヤルクリニック,292-0045,千葉県木更津市清見台３－６－５,139.94601252,35.37965966,geocoding,
A120269,医療法人社団明竹会　竹内基クリニック,292-0807,千葉県木更津市請西南４－２－９,139.94126136,35.35730986,geocoding,
A120175,社会医療法人社団さつき会　かずさアカデミアクリニック,292-0818,千葉県木更津市かずさ鎌足２－３－９,139.98929188,35.33475493,geocoding,
A120122,医療法人社団　三東会　竹内医院,293-0001,千葉県富津市大堀２－１４－１５,139.85480043,35.33269299,geocoding,
A120133,循環器科・内科たなかハートクリニック,293-0001,千葉県富津市大堀４－１－２４,139.84965369,35.3327846,geocoding,
A120299,医療法人社団　三友会　三枝病院,293-0012,千葉県富津市青木１６４１,139.84957064,35.32583288,geocoding,
A120381,社会福祉法人　太陽会　安房地域医療センター,294-0014,千葉県館山市山本１１５５,139.89165996,34.99991104,geocoding,6
A120359,医療法人社団　正仁会　鈴木内科クリニック,294-0036,千葉県館山市館山８０９－２,139.85749154,34.98316527,geocoding,
A120174,たてやま循環器内科外科,294-0045,千葉県館山市北条２４１６－３０,139.86144929,34.99738561,geocoding,
A120107,医療法人社団　桂　七浦診療所,295-0026,千葉県南房総市千倉町大川６３８,139.94530141,34.93194472,geocoding,
A120281,医療法人　社団　恵生会　三枝医院,297-0015,千葉県茂原市東部台２－２０－１,140.32227719,35.42144524,geocoding,
A120304,東部台医院,297-0015,千葉県茂原市東部台３－２１－６,140.32381314,35.420887,geocoding,
A120193,医療法人社団　さわしん会　富士見クリニック,297-0017,千葉県茂原市東郷２０００,140.31018668,35.43402654,geocoding,
A120294,医療法人社団　徳志会　宮本内科医院,297-0065,千葉県茂原市緑ケ丘４－３－３,140.260573,35.43926871,geocoding,
A120014,渡辺医院,297-0073,千葉県茂原市長尾２５９２,140.29864072,35.44944861,geocoding,
A120203,医療法人社団　慈協会　市原メディカルキュア,299-0111,千葉県市原市姉崎６５８,140.04543112,35.47898146,geocoding,
A120420,有秋台医院,299-0125,千葉県市原市有秋台西１－７,140.05197618,35.45200408,geocoding,5
A120092,医療法人社団石井会　石井内科小児科医院,299-0245,千葉県袖ケ浦市蔵波台４－１３－８,139.99596136,35.4418949,geocoding,
A120017,社会医療法人社団さつき会　袖ケ浦さつき台病院,299-0246,千葉県袖ケ浦市長浦駅前５－２１,140.00625515,35.44567561,geocoding,
A120003,医療法人社団　福徳会　福王台外科内科,299-0261,千葉県袖ケ浦市福王台１－１０－９,139.95865694,35.42842183,geocoding,
A120200,医療法人社団　美孝会　袖ケ浦医院,299-0263,千葉県袖ケ浦市奈良輪１－８－８,139.95718487,35.43051598,geocoding,
A120372,医療法人社団　仁治会　袖ヶ浦どんぐりクリニック,299-0269,千葉県袖ケ浦市袖ケ浦駅前１－３９－２,139.95642383,35.43347669,geocoding,
A120391,医療法人社団　周晴会　鈴木病院,299-1107,千葉県君津市上２３８,139.95495389,35.30686733,geocoding,
A120112,医療法人社団　君津あすなろ会　あすなろクリニック,299-1152,千葉県君津市久保１－２－２,139.89800764,35.33171894,geocoding,
A120023,医療法人社団　今城会　君津クリニック,299-1163,千葉県君津市杢師１－１－１,139.90829297,35.3277697,geocoding,
A120256,原田内科小児科医院,299-1607,千葉県富津市湊４９７－５,139.87468743,35.21887997,geocoding,
A120260,医療法人社団　優心会　生方内科クリニック,299-2403,千葉県南房総市富浦町原岡１３７－１,139.83804424,35.03982938,geocoding,
A120338,医療法人　美篶会　中原病院,299-2703,千葉県南房総市和田町仁我浦１９－１,140.01780783,35.03957683,geocoding,
A120324,医療法人社団　将恵会　鈴木クリニック,299-3203,千葉県大網白里市四天木乙２８２７－２１,140.41569037,35.48241188,geocoding,
A120332,医療法人社団　穣仁会　ますほ内科クリニック,299-3218,千葉県大網白里市北飯塚３４５－１,140.35031581,35.50740489,geocoding,
A120355,医療法人　勇優雅会　きららのくに　みどりが丘クリニック,299-3255,千葉県大網白里市みどりが丘３－１０－６,140.31551109,35.54170004,geocoding,
A120398,大多和医院,299-4205,千葉県長生郡白子町南日当８５１,140.36117176,35.45816404,geocoding,
A120196,医療法人社団　寿光会　岬病院,299-4504,千葉県いすみ市岬町桑田２５３１,140.3487341,35.30862384,geocoding,
A080023,田谷医院,300-0047,茨城県土浦市生田町３－２７,140.18896793,36.08237334,geocoding,
A080111,医療法人社団　浩栄会　荒川沖診療所,300-0873,茨城県土浦市荒川沖南区１０１,140.16026779,36.02971542,geocoding,
A080056,医療法人　鶴町会　つくば・土浦鶴町皮膚科クリニック,300-0874,茨城県土浦市荒川沖西１－１７－４,140.16234809,36.03411775,geocoding,
A080113,医療法人社団道淑会　高野医院,300-0874,茨城県土浦市荒川沖西２－１２－２,140.16189264,36.02941827,geocoding,
A080102,医療法人　なかの循環器クリニック,300-1234,茨城県牛久市中央１－２１－３,140.1433516,35.98145202,geocoding,
A080104,ことより医院,300-1234,茨城県牛久市中央５－１２－１７,140.14242683,35.97756369,geocoding,
A080105,医療法人緑東会　角崎クリニック,300-1415,茨城県稲敷市中山４３７７,140.28510524,35.90497263,geocoding,
A080050,桜が丘メルクリニック,300-1525,茨城県取手市桜が丘１－１７－１,140.12393633,35.90927104,geocoding,
A080053,柴原医院,300-2617,茨城県つくば市吉沼１１５１,140.01200455,36.14467109,geocoding,
A080132,医療法人　中川医院,300-3264,茨城県つくば市篠崎２２７２－１,140.0573701,36.13800918,geocoding,
A080062,木村クリニック,300-4204,茨城県つくば市作谷１１２５,140.04299802,36.18102021,geocoding,
A080114,仁保内科医院,300-4408,茨城県桜川市真壁町真壁４２５,140.10187748,36.27959738,geocoding,
A080032,明野中央医院,300-4517,茨城県筑西市海老ケ島９２６,140.04034562,36.24819384,geocoding,
A080026,医療法人社団　健幸福会　龍ヶ崎大徳ヘルシークリニック,301-0816,茨城県龍ケ崎市大徳町１２９８－３大徳ヘルシービル１Ｆ,140.20068152,35.90615274,geocoding,
A080115,医療法人社団　竹村医院,302-0005,茨城県取手市東１－２－１２,140.06654539,35.89004178,geocoding,
A080007,永瀬内科,302-0108,茨城県守谷市松並１５８０,139.99739386,35.95449324,geocoding,
A080031,医療法人社団健栄会　守谷駅前クリニック,302-0115,茨城県守谷市中央１－２３－１斎藤ビル５階,139.99000033,35.9515876,geocoding,
A080091,新守谷皮膚科クリニック,302-0118,茨城県守谷市立沢１４２－１６,139.97016332,35.95163105,geocoding,
A080070,川島クリニック,302-0128,茨城県守谷市けやき台６－１６－１４,139.99040676,35.93764448,geocoding,
A080137,医療法人笑顔会　しらさわ耳鼻咽喉科クリニック,303-0031,茨城県常総市水海道山田町１５４２－８,139.99131758,36.01593841,geocoding,
A080119,医療法人　光潤会　平間病院,304-0002,茨城県下妻市江２０５１,139.93389284,36.22744406,geocoding,6
A080013,医療法人（社）白峰会　とき田クリニック,304-0056,茨城県下妻市長塚２８－１,139.95315344,36.18179952,geocoding,
A080061,菊山胃腸科外科医院,304-0068,茨城県下妻市下妻丁８１－７,139.95913055,36.17769711,geocoding,
A080098,医療法人　倉田内科クリニック,305-0001,茨城県つくば市栗原３４４３,140.10686653,36.12209821,geocoding,
A080139,おおつか内科クリニック　消化器内科・腎臓内科,305-0045,茨城県つくば市梅園２－２０－９,140.13954666,36.05651973,geocoding,
A080057,宮川内科・胃腸科医院,305-0051,茨城県つくば市二の宮２－２－２６,140.11931169,36.06548516,geocoding,
A080030,医療法人　櫻坂　坂根Ｍクリニック,305-0056,茨城県つくば市松野木１６２－７,140.11468975,36.05942207,geocoding,
A080041,医療法人社団　池野医院,305-0074,茨城県つくば市高野台２－１６－８,140.12100456,36.02553237,geocoding,
A080145,医療法人社団ナイズ　キャップスクリニック　イーアスつくば,305-0817,茨城県つくば市研究学園５－１９イーアスつくばアウトモールＣ棟１Ｆ,140.08604366,36.08667956,geocoding,5
A080127,中嶋こどもクリニック,305-0822,茨城県つくば市苅間篠前１６２０－７,140.09617371,36.07745579,geocoding,
A080141,谷田部診療所,305-0861,茨城県つくば市谷田部６１２３－１,140.08174788,36.0394715,geocoding,
A080138,むらした内科クリニック,305-0883,茨城県つくば市みどりの東１２－７,140.06684234,36.01377734,geocoding,
A080019,医療法人　賢友会　長島外科,306-0023,茨城県古河市本町１－９－１５,139.70654302,36.19788751,geocoding,
A080063,岡田クリニック,306-0204,茨城県古河市下大野２８５４,139.74987646,36.18214599,geocoding,
A080086,医療法人　江東会　存身堂医院,306-0631,茨城県坂東市岩井３２９３,139.88458716,36.04919081,geocoding,
A080067,医療法人社団　エムアイ　いのもと整形外科,306-0632,茨城県坂東市辺田３１０－５２,139.90343875,36.03194307,geocoding,
A080094,医療法人　兼愛会　栗原胃腸科医院,307-0001,茨城県結城市大字結城３５４－３,139.87667735,36.30016695,geocoding,
A080124,医療法人　愛豊会　みずのクリニック,307-0021,茨城県結城市上山川５０４９－１４,139.85813226,36.27360549,geocoding,
A080033,野中医院,308-0843,茨城県筑西市野殿１５９５－２,139.97109429,36.27541963,geocoding,
A080016,佐藤医院,309-1611,茨城県笠間市笠間９８１－８,140.2567964,36.38368231,geocoding,
A080040,わたなべ整形外科,309-1703,茨城県笠間市鯉淵６２６６－１４０,140.32544482,36.34807161,geocoding,
A080143,ともべ内科クリニック,309-1705,茨城県笠間市東平３－１－２１,140.31605147,36.34966013,geocoding,6
A080042,山本内科小児科医院,309-1705,茨城県笠間市東平４－５－３４,140.3167404,36.34495796,geocoding,
A080100,いちょう坂クリニック,310-0011,茨城県水戸市三の丸１－４－７３水戸京成ビル１階,140.4756094,36.37355181,geocoding,
A080038,岩間東華堂クリニック,310-0026,茨城県水戸市泉町３－１－３０,140.4618101,36.37912044,geocoding,
A080144,医療法人社団心越会　岩間産婦人科,310-0053,茨城県水戸市末広町２－３－３８,140.4546159,36.39035553,geocoding,6
A080103,茨城保健生活協同組合　城南病院附属クリニック,310-0803,茨城県水戸市城南３－１５－８,140.4827036,36.3642724,geocoding,
A080142,医療法人誠順会　クリニック健康の杜,310-0851,茨城県水戸市千波町１２５０,140.46909906,36.36106419,geocoding,6
A080052,医療法人　坂本内科医院,310-0912,茨城県水戸市見川２－１９２－３,140.43542894,36.37306184,geocoding,
A080121,医療法人　大森医院,311-0502,茨城県常陸太田市徳田町４７４,140.47928069,36.78569463,geocoding,
A080083,医療法人社団　福寿会　飯島内科,311-2423,茨城県潮来市日の出８－１３－２,140.56322969,35.93455986,geocoding,
A080097,仲沢医院,311-2425,茨城県潮来市あやめ２－２６－１８,140.55195281,35.93813128,geocoding,
A080130,脳神経外科ブレインピア桜ヶ丘,311-3156,茨城県東茨城郡茨城町奥谷１０７６,140.41624829,36.28561998,geocoding,
A080125,つばさクリニック,311-3835,茨城県行方市島並１５１１,140.49120149,36.02453612,geocoding,
A080128,医療法人社団　愛友会　勝田病院,312-0011,茨城県ひたちなか市中根５１２５－２,140.54485309,36.38485203,geocoding,
A080060,医療法人　石岡ひかりクリニック,315-0031,茨城県石岡市東大橋１８９８－５,140.30531172,36.20216651,geocoding,
A080095,冨田産婦人科医院,315-0042,茨城県石岡市茨城３－５－３１,140.28494232,36.17785462,geocoding,
A080116,医療法人　高木医院,315-0053,茨城県かすみがうら市稲吉東１－１５－１,140.25294391,36.12600644,geocoding,
A080109,新島スカイクリニック,316-0036,茨城県日立市鮎川町３－１－２１,140.63944108,36.56418211,geocoding,
A080043,柴原皮膚科,317-0065,茨城県日立市助川町１－７－９,140.65154147,36.59861454,geocoding,
A080022,医療法人社団　久慈川会　西野医院,319-1231,茨城県日立市留町１１６６,140.59963691,36.4943915,geocoding,
A080021,緒川クリニック,319-2401,茨城県常陸大宮市上小瀬１４２６－１,140.32637594,36.60278057,geocoding,
A080122,医療法人　聖友会　慈泉堂病院,319-3526,茨城県久慈郡大子町大子８５６－１,140.35400421,36.76957624,geocoding,
A090022,金子耳鼻咽喉科クリニック,320-0041,栃木県宇都宮市松原２－３－１４,139.87193164,36.57172125,geocoding,
A090008,社会医療法人　中山会　宇都宮記念病院,320-0811,栃木県宇都宮市大通り１－３－１６,139.89133344,36.56057314,geocoding,
A090067,はま皮フ科クリニック,321-0138,栃木県宇都宮市兵庫塚３－２９－２８,139.85548359,36.49538725,geocoding,
A090063,医療法人社団　智栄会　福井セントラルクリニック,321-0202,栃木県下都賀郡壬生町おもちゃのまち２－４－８,139.83719175,36.46637919,geocoding,
A090059,医療法人社団　新生会　塩谷医院,321-0526,栃木県那須烏山市田野倉１８３,140.09348294,36.66052175,geocoding,
A090005,医療法人　北斗会　宇都宮東病院,321-0901,栃木県宇都宮市平出町３６８－８,139.94694997,36.57098507,geocoding,
A090041,いしだ整形外科,321-0912,栃木県宇都宮市石井町３２３６－１,139.92740079,36.53754865,geocoding,
A090038,医療法人道優会　橋壁皮膚科,321-0923,栃木県宇都宮市下栗町１５０５,139.89774256,36.53530339,geocoding,
A090031,医療法人社団　竹山会　青木医院,321-0954,栃木県宇都宮市元今泉１－３－１１,139.90226576,36.56231225,geocoding,
A090077,ほりえ医院,321-0962,栃木県宇都宮市今泉町４００－１,139.90443429,36.57300557,geocoding,6
A090035,双葉クリニック,321-0968,栃木県宇都宮市中今泉３－２８－１,139.90847573,36.5708004,geocoding,
A090036,医療法人社団　竹林クリニック,321-0974,栃木県宇都宮市竹林町８８８－１,139.89648478,36.57726874,geocoding,
A090026,小西医院,321-1432,栃木県日光市安川町８－２５,139.5962048,36.75349588,geocoding,
A090001,医療法人　宇都宮健康クリニック,321-2116,栃木県宇都宮市徳次郎町５－５,139.84781735,36.6304689,geocoding,
A090015,冨塚メディカルクリニック,321-2116,栃木県宇都宮市徳次郎町８８８,139.84064809,36.63932878,geocoding,
A090045,宇都宮東部クリニック,321-3223,栃木県宇都宮市清原台５－１４－１９,139.99599354,36.5518302,geocoding,
A090032,医療法人　富士見会　ミヤ健康クリニック,321-3226,栃木県宇都宮市ゆいの杜３－２－２３,139.98729912,36.57107492,geocoding,
A090061,医療法人社団　健暉会　清原診療所,321-3231,栃木県宇都宮市清原工業団地１５－１,139.983962,36.54700244,geocoding,
A090048,医療法人　真岡脳神経クリニック,321-4333,栃木県真岡市大谷本町３－２０,139.99702094,36.4321436,geocoding,
A090023,岡田・小松崎クリニック,321-4333,栃木県真岡市大谷本町７－１７,139.99663747,36.43684308,geocoding,
A090003,医療法人社団　福田会　福田記念病院,321-4355,栃木県真岡市上大沼１２７－１,139.95389995,36.43565561,geocoding,
A090046,いしい整形外科,323-0811,栃木県小山市犬塚１－２１－８,139.83161712,36.30757606,geocoding,
A090074,一般財団法人　日本健康管理協会　とちぎ健診プラザ,323-0823,栃木県小山市向原７７－３,139.82339842,36.29517419,geocoding,
A090076,医療法人桃源会　矢尾板クリニック,323-0827,栃木県小山市神鳥谷１７９９－１,139.79821727,36.28962393,geocoding,6
A090064,医療法人社団　亮仁会　那須中央病院　総合健診センター,324-0036,栃木県大田原市下石上１４５３,139.94761587,36.85508328,geocoding,6
A090040,医療法人　もみの木会　わたなベ整形外科,326-0025,栃木県足利市寿町９－２８,139.46668888,36.32496964,geocoding,
A090044,整形外科かないクリニック,326-0144,栃木県足利市葉鹿南町１３－９,139.38691568,36.35975352,geocoding,
A090039,医療法人　いぶき会　小倉医師会通りクリニック,327-0832,栃木県佐野市植上町１７５２－２,139.5795636,36.3039167,geocoding,
A090018,医療法人　野﨑医院,328-0016,栃木県栃木市入舟町１４－３,139.73101118,36.38188018,geocoding,
A090029,医療法人　中元内科医院,328-0027,栃木県栃木市今泉町２－１０－１８,139.74595648,36.38531914,geocoding,
A090053,医療法人杏仁会　海老原医院,329-0414,栃木県下野市小金井５－２６－１０,139.83932048,36.37487624,geocoding,6
A090060,医療法人　南河内診療所,329-0431,栃木県下野市薬師寺２４７２－１５,139.86541775,36.39153898,geocoding,
A090054,島田クリニック,329-0511,栃木県下野市石橋２３８－１,139.8674406,36.4363639,geocoding,
A090071,医療法人　遼朋会　せんば医院,329-0618,栃木県河内郡上三川町しらさぎ１－１９－８,139.90840069,36.44132566,geocoding,
A090068,医療法人　斎藤内科小児科医院,329-1104,栃木県宇都宮市下岡本町４５５６－５,139.9332802,36.59874224,geocoding,
A090006,医療法人薫会　菅又病院,329-1207,栃木県塩谷郡高根沢町大字花岡２３５１,140.0043639,36.65559747,geocoding,
A110113,医療法人　智健会　イーストメディカルクリニック,330-0055,埼玉県さいたま市浦和区東高砂町１１－１浦和パルコ７Ｆ,139.65913886,35.85873759,geocoding,
A110394,医療法人　川久保病院,330-0055,埼玉県さいたま市浦和区東高砂町２９－１８,139.66193858,35.8597125,geocoding,
A110339,医療法人社団由和会　楢原医院,330-0056,埼玉県さいたま市浦和区東仲町４－１７,139.65646676,35.86220374,geocoding,
A110147,馬場内科消化器科クリニック,330-0061,埼玉県さいたま市浦和区常盤１０－１０－１８　マスナガエンビル２Ｆ,139.64189833,35.87188827,geocoding,
A110419,医療法人社団　埼玉白報会　敬愛クリニック,330-0063,埼玉県さいたま市浦和区高砂２－５－１　ＫＯＭＯＮ　３階,139.65378386,35.85756257,geocoding,
A110353,医療法人　鎌田医院,330-0064,埼玉県さいたま市浦和区岸町４－２３－８,139.65569766,35.85509905,geocoding,
A110366,石川内科,330-0064,埼玉県さいたま市浦和区岸町４－２４－１２,139.655431,35.85556565,geocoding,
A110408,医療法人　宇治病院,330-0802,埼玉県さいたま市大宮区宮町２－９０,139.62872905,35.90993326,geocoding,
A110306,医療法人社団　双愛会　大宮双愛病院,330-0804,埼玉県さいたま市大宮区堀の内町２－１６０,139.63600904,35.9116943,geocoding,
A110194,医療法人社団　双愛会　双愛クリニック,330-0804,埼玉県さいたま市大宮区堀の内町２－１７３,139.63567296,35.91151099,geocoding,
A110488,医療法人清流会　ひかりクリニック新都心,330-0843,埼玉県さいたま市大宮区吉敷町４－２６２－８プリムローズセキグチ２Ｆ,139.63270121,35.89570478,geocoding,6
A110235,医療法人　インテグレス　大宮エヴァグリーンクリニック,330-0844,埼玉県さいたま市大宮区下町２－１６－１　アクロスビル３階,139.62784587,35.90395636,geocoding,
A110446,クリニックフォア大宮,330-0846,埼玉県さいたま市大宮区大門町２－１１８大宮門街４Ｆ,139.62728197,35.90744749,geocoding,
A110416,医療法人　誠光会　ひかりクリニック,330-0852,埼玉県さいたま市大宮区大成町３－３３９－２　光ビル,139.61576599,35.91875089,geocoding,
A110058,学校法人　呉竹学園　呉竹メディカルクリニック,330-0854,埼玉県さいたま市大宮区桜木町１－１８５－１,139.62213797,35.90317305,geocoding,
A110441,医療法人爽成会　さいたま泌尿器科クリニック,330-0854,埼玉県さいたま市大宮区桜木町１－２６６－１２－３階,139.62374062,35.90333694,geocoding,
A110380,医療法人社団コンパス　コンパス内科歯科クリニック大宮,330-0854,埼玉県さいたま市大宮区桜木町４－１９３－２,139.61582176,35.90550029,geocoding,
A110204,医療法人　よしわ会　さいたま新開橋クリニック,331-0046,埼玉県さいたま市西区宮前町４０８－１,139.59471479,35.92497421,geocoding,
A110347,けやき医院,331-0057,埼玉県さいたま市西区中野林６４３,139.58579395,35.89177392,geocoding,
A110159,大久保医院,331-0802,埼玉県さいたま市北区本郷町５０,139.62488149,35.93828954,geocoding,
A110333,石塚内科クリニック,331-0811,埼玉県さいたま市北区吉野町１－３７７－４,139.61083507,35.95130846,geocoding,
A110231,増田外科医院,331-0812,埼玉県さいたま市北区宮原町４－３９－５,139.61539316,35.94572649,geocoding,
A110210,むらのひがしクリニック,331-0815,埼玉県さいたま市北区大成町４－３１８－３,139.61338,35.92221965,geocoding,
A110428,医療法人ヘブロン会　大宮中央総合病院,331-8711,埼玉県さいたま市北区東大成町１－２２７,139.6210961,35.92078406,geocoding,
A110108,医療法人社団慈心一会　末広整形,332-0006,埼玉県川口市末広３－４－２８,139.74096133,35.80644606,geocoding,
A110062,医療法人社団　令成会　川口パークタワークリニック,332-0016,埼玉県川口市幸町１－７－１川口パークタワー２Ｆ,139.72279638,35.80492326,geocoding,
A110490,きむら内科外科クリニック,332-0035,埼玉県川口市西青木１－２１－１９,139.71044714,35.81501591,geocoding,6
A110205,医療法人　社団創友会　丸山クリニック,333-0806,埼玉県川口市戸塚境町３５－１０フォルテシモ１階,139.75685261,35.86154169,geocoding,
A110449,医療法人社団ナイズ　キャップスクリニック川口,333-0834,埼玉県川口市安行領根岸３１８０イオンモール川口３Ｆ,139.72358966,35.83781857,geocoding,
A110345,鹿島診療所,333-0834,埼玉県川口市安行領根岸９０４－１,139.71091808,35.85065844,geocoding,
A110481,みらいメディカルクリニック川口中央,333-0835,埼玉県川口市道合９２４,139.72183375,35.85000597,geocoding,6
A110492,医療法人成秋会　井本医院,333-0844,埼玉県川口市上青木２－４９－６,139.72518734,35.82406756,geocoding,6
A110123,医療法人久恩会　下条医院,333-0847,埼玉県川口市芝中田１－３０－８,139.69905598,35.83081628,geocoding,
A110126,小谷場クリニック,333-0857,埼玉県川口市大字小谷場４４０－１,139.68080148,35.8441034,geocoding,6
A110374,小谷野医院,334-0001,埼玉県川口市桜町２－５－１９,139.73897445,35.83881592,geocoding,
A110189,医療法人　あかつき会　はとがや病院,334-0003,埼玉県川口市坂下町４－１６－２６,139.73828056,35.82561776,geocoding,
A110391,フクダクリニック,334-0013,埼玉県川口市南鳩ヶ谷１－９－６,139.7393334,35.82038251,geocoding,
A110270,今野医院,334-0013,埼玉県川口市南鳩ヶ谷７－２７－１５,139.73066469,35.82322057,geocoding,
A110473,医療法人社団三松会　さいぐさクリニック,334-0055,埼玉県川口市安行小山４８７－５,139.77621819,35.83454067,geocoding,6
A110105,医療法人社団　氷室医院,334-0062,埼玉県川口市榛松２－６－８,139.7746991,35.82307326,geocoding,
A110175,社会医療法人社団　大成会　武南病院附属クリニック,334-0063,埼玉県川口市東本郷１４３２,139.76029777,35.8265716,geocoding,
A110268,医療法人　治水会　斎藤クリニック,335-0004,埼玉県蕨市中央３－１９－１４,139.68606005,35.82598619,geocoding,
A110076,医療法人　寺田会　おくだ整形外科内科,335-0004,埼玉県蕨市中央３－３－１５－２Ｆ,139.68790986,35.82714439,geocoding,
A110265,医療法人社団　美草会　菊地医院,335-0005,埼玉県蕨市錦町２－２０－１２,139.66906994,35.82420834,geocoding,
A110378,あしやハートクリニック,335-0011,埼玉県戸田市下戸田１－１８－２－２Ｆ,139.68424384,35.81277702,geocoding,
A110036,戸田おおたクリニック,335-0013,埼玉県戸田市喜沢１－１８－８まるたけビル１Ｆ,139.69687884,35.81354654,geocoding,
A110437,医療法人　翔誠会　もとはしクリニック,335-0014,埼玉県戸田市喜沢南２－７－１４,139.69045722,35.80652269,geocoding,
A110421,医療法人　翔誠会　ふくだ内科,335-0015,埼玉県戸田市川岸２－７－３０,139.68403276,35.80522563,geocoding,
A110303,医療法人社団　祥里会　大島内科クリニック,335-0022,埼玉県戸田市上戸田２－１－１５,139.68093854,35.81628469,geocoding,
A110397,医療法人社団　東光会　戸田中央総合健康管理センター,335-0022,埼玉県戸田市上戸田２－３２－２０,139.67841657,35.81610407,geocoding,6
A110321,かずまこどもクリニック,335-0022,埼玉県戸田市上戸田８４－２アンレーヴ戸田１０１,139.67345583,35.81960343,geocoding,
A110457,ＭＩＲＡＩ　ＣＬＩＮＩＣ　ＴＯＤＡ,335-0023,埼玉県戸田市本町４－１６－１７　戸田公園メディカルブリッジ２Ｆ,139.67731678,35.80778318,geocoding,
A110344,医療法人　わかくさ会　わかくさこどもクリニック,335-0023,埼玉県戸田市本町５－１２－３６エトワール戸田公園１階,139.67728067,35.80690002,geocoding,
A110124,医療法人　慶承会　公園の街クリニック,335-0023,埼玉県戸田市本町５－１３－１９グランカルム戸田１階Ｂ室,139.67772784,35.80680561,geocoding,
A110482,医療法人社団　ＤＭＨ　キュアステーションイオンモール北戸田クリニック,335-0032,埼玉県戸田市美女木東１－３－１イオンモール北戸田２Ｆ,139.65262682,35.82662994,geocoding,6
A110351,指扇病院附属　笹目クリニック,335-0034,埼玉県戸田市笹目５－２０－１０,139.64266961,35.81696976,geocoding,
A110402,医療法人　有隣会　わかくさ病院,336-0015,埼玉県さいたま市南区太田窪１９７３－５,139.68141772,35.85328843,geocoding,
A110398,阿部内科クリニック,336-0015,埼玉県さいたま市南区太田窪２－１０－２６,139.66863517,35.86077357,geocoding,
A110136,医療法人社団　祐慈会　井上整形外科クリニック,336-0015,埼玉県さいたま市南区太田窪２－１１－２２,139.66749082,35.86078744,geocoding,
A110461,医療法人　心施和顔施会　ほうじゅ南浦和クリニック,336-0017,埼玉県さいたま市南区南浦和１－２５－１－１Ｆ,139.66768287,35.85098862,geocoding,
A110170,医療法人　しのざき脳神経外科・産婦人科クリニック,336-0017,埼玉県さいたま市南区南浦和３－２８－７,139.67419357,35.84743353,geocoding,
A110450,医療法人社団ナイズ　キャップスクリニックまるひろ南浦和店,336-0018,埼玉県さいたま市南区南本町１－７－４－５Ｆ,139.66743587,35.8463808,geocoding,
A110145,医療法人　服部会　服部外科胃腸科医院,336-0021,埼玉県さいたま市南区別所５－６－１２,139.6408852,35.85380153,geocoding,
A110331,武蔵浦和整形外科内科クリニック,336-0021,埼玉県さいたま市南区別所７－２－１－１０１Ａ,139.64937635,35.84714976,geocoding,
A110411,うざわ耳鼻咽喉科クリニック,336-0021,埼玉県さいたま市南区別所７－２－１－１０１Ｃ,139.64937635,35.84714976,geocoding,
A110413,医療法人　仁愛会　ミューズ皮膚科ペインクリニック,336-0021,埼玉県さいたま市南区別所７－２－１－１０２,139.64937635,35.84714976,geocoding,
A110115,医療法人　藤正会　ユニットワンクリニック,336-0025,埼玉県さいたま市南区文蔵３－１１－３ユニット・ワンビル２Ｆ,139.67552716,35.83852899,geocoding,
A110414,医療法人　服部会　服部外科付属メディカルスクエア,336-0031,埼玉県さいたま市南区鹿手袋２－２２－１０,139.63833831,35.85163505,geocoding,
A110114,医療法人博朋会　北濱ライフクリニック,336-0032,埼玉県さいたま市南区四谷２－１－３,139.63535834,35.84370814,geocoding,
A110218,いけがみ内科ファミリークリニック,336-0033,埼玉県さいたま市南区曲本３－６－２,139.63812224,35.83682567,geocoding,
A110242,こんの内科,336-0042,埼玉県さいたま市南区大谷口５６１０,139.69474983,35.8561215,geocoding,
A110382,医療法人社団　青洋会　そら内科クリニック,336-0911,埼玉県さいたま市緑区三室９５０－１,139.67598938,35.88851461,geocoding,
A110361,医療法人　舟田クリニック,336-0926,埼玉県さいたま市緑区東浦和５－１３－２,139.70408197,35.86714249,geocoding,
A110230,医療法人社団ふさの会　しみずクリニックふさ,336-0967,埼玉県さいたま市緑区美園５－４６－７,139.73217608,35.89268985,geocoding,
A110118,医療法人社団　風凛香　つばさクリニック,337-0016,埼玉県さいたま市見沼区大字東門前４３－１,139.66517541,35.93196735,geocoding,
A110432,医療法人社団　優亜会　さぐち医院,337-0041,埼玉県さいたま市見沼区南中丸１０３２－１２,139.65431302,35.91964644,geocoding,
A110200,医療法人社団　笑仁会　和田クリニック,337-0051,埼玉県さいたま市見沼区東大宮３－２－２２,139.63240804,35.95370414,geocoding,
A110320,東大宮内科クリニック,337-0051,埼玉県さいたま市見沼区東大宮５－５３－３,139.64289614,35.95063601,geocoding,
A110381,センチュリーシティ内科クリニック,337-0053,埼玉県さいたま市見沼区大和田町１－１２７５,139.65091873,35.92553728,geocoding,
A110272,ゆり内科クリニック,338-0001,埼玉県さいたま市中央区上落合１－１１－１５　アスク新都心ビル２階,139.62864604,35.89173578,geocoding,
A110431,医療法人社団　彩の風　さいたま中央クリニック,338-0001,埼玉県さいたま市中央区上落合８－３－３２　ホームズさいたま中央店２階,139.62307407,35.89918476,geocoding,
A110485,医療法人社団ナイズ　キャップスクリニック与野,338-0002,埼玉県さいたま市中央区下落合１０２７与野フードセンタービル４Ｆ,139.6361623,35.8855227,geocoding,6
A110357,井原医院,338-0002,埼玉県さいたま市中央区下落合６－１２－２５,139.62903241,35.88232846,geocoding,
A110285,しおや消化器内科クリニック,338-0003,埼玉県さいたま市中央区本町東３－３－３,139.62432719,35.88354213,geocoding,
A110458,きたうらわクリニック,338-0011,埼玉県さいたま市中央区新中里１－１－１０,139.63818202,35.87079661,geocoding,6
A110491,ひまわり往診クリニック,338-0013,埼玉県さいたま市中央区鈴谷２－７９３Ｍｉｏｘ南与野１０２,139.62926352,35.86640241,geocoding,6
A110142,医療法人　川村医院,338-0811,埼玉県さいたま市桜区白鍬３２５－２,139.60392063,35.88033102,geocoding,
A110460,医療法人聖仁会　西部さくらクリニック,338-0824,埼玉県さいたま市桜区上大久保８９０－１,139.6158449,35.87381519,geocoding,
A110298,医療法人　光友会　木村医院,338-0837,埼玉県さいたま市桜区田島５－２４－１,139.62908948,35.84359416,geocoding,
A110434,医療法人社団　桜友会　すこやかファミリークリニック,338-0837,埼玉県さいたま市桜区田島５－２５－３－１Ｆ,139.62807011,35.84394965,geocoding,
A110334,医療法人　伴友会　伴医院,338-0837,埼玉県さいたま市桜区田島９－１２－１２,139.62343154,35.84639926,geocoding,
A110420,医療法人　東州会　フローラ太田小通りクリニック,339-0054,埼玉県さいたま市岩槻区仲町１－１２－２７,139.7011235,35.94733887,geocoding,
A110453,医療法人　慈正会　レインボークリニック,339-0057,埼玉県さいたま市岩槻区本町３－２－５ワッツ東館２階,139.69438244,35.94997725,geocoding,
A110203,岩槻内科胃腸内科,339-0057,埼玉県さいたま市岩槻区本町３－４－１７　２Ｆ,139.69523229,35.95152708,geocoding,
A110141,医療法人社団　誠眞会　まゆみ泌尿器科内科クリニック,339-0067,埼玉県さいたま市岩槻区西町１－１－２６プレミアムタワー１０１,139.69149661,35.95032988,geocoding,6
A110269,牛山医院,339-0067,埼玉県さいたま市岩槻区西町４－２－４,139.68819393,35.95561797,geocoding,
A110324,高橋医院,339-0081,埼玉県さいたま市岩槻区西原１－９,139.68897468,35.9497993,geocoding,
A110119,松原レディースクリニック,340-0011,埼玉県草加市栄町２－１２－５,139.8012849,35.84309065,geocoding,
A110178,水野クリニック,340-0011,埼玉県草加市栄町３－６－６,139.80049322,35.84527366,geocoding,
A110053,内藤クリニック,340-0014,埼玉県草加市住吉１－２－２８,139.80608211,35.82994003,geocoding,
A110278,あさこ小児科内科医院,340-0015,埼玉県草加市高砂２－２－１２,139.80548227,35.82686832,geocoding,
A110195,医療法人　山崎クリニック,340-0016,埼玉県草加市中央２－４－１１,139.80774587,35.82949847,geocoding,
A110312,たかぎ医院,340-0017,埼玉県草加市吉町３－２－４７,139.80599916,35.82013622,geocoding,
A110021,山崎胃腸科・内科クリニック,340-0034,埼玉県草加市氷川町２１２９－２,139.80164643,35.8286457,geocoding,
A110456,医療法人社団ナイズ　キャップスクリニック草加松原,340-0041,埼玉県草加市松原３－３－１ＴＯＢＵ　ｉｃｏｕｒｔ　２Ｆ,139.7927496,35.84179335,geocoding,
A110289,レン・ファミリー・クリニック,340-0054,埼玉県草加市新善町３７３,139.78035901,35.84997483,geocoding,
A110389,医療法人大西会しんえいクリニック,340-0056,埼玉県草加市新栄４－２－５,139.76694055,35.86388631,geocoding,
A110234,医療法人　のうみクリニック,340-0113,埼玉県幸手市幸手５２６４－１,139.7210863,36.0629788,geocoding,
A110052,医療法人　大空こどもクリニック,340-0113,埼玉県幸手市大字幸手１５１－１,139.72926028,36.07130037,geocoding,
A110263,香日向クリニック,340-0163,埼玉県幸手市中川崎７３９－３,139.69895962,36.08409526,geocoding,
A110476,医療法人　藤井クリニック,340-0815,埼玉県八潮市八潮２－２－８,139.83874122,35.81752818,geocoding,6
A110068,医療法人　清水内科クリニック,340-0816,埼玉県八潮市中央１－８－４,139.83827172,35.82076658,geocoding,
A110367,医療法人三愛会　三愛会総合病院,341-0003,埼玉県三郷市彦成２－３４２,139.8512198,35.85309797,geocoding,
A110198,医療法人財団　健和会　みさと健和団地診療所,341-0011,埼玉県三郷市釆女１－７６,139.87227732,35.83014856,geocoding,
A110259,クリニックふれあい早稲田,341-0018,埼玉県三郷市早稲田３－２６－３,139.88921094,35.85360952,geocoding,
A110471,医療法人社団紡想舎　かばのこ小児科,341-0024,埼玉県三郷市三郷１－３－１ＢＬＡＮＤＥ三郷３Ｆ,139.88647556,35.84373577,geocoding,6
A110177,医療法人財団　健和会　みさと健和クリニック,341-0035,埼玉県三郷市鷹野４－５１０－１,139.87966097,35.80023573,geocoding,
A110363,杉浦小児科,341-0038,埼玉県三郷市中央１－３－１,139.87882415,35.82434653,geocoding,
A110181,うつみ内科クリニック,341-0042,埼玉県三郷市谷口５６８－１,139.87158575,35.82838491,geocoding,
A110299,医療法人社団　土屋医院,342-0022,埼玉県吉川市加藤６６４－１,139.88178848,35.88701818,geocoding,
A110199,医療法人社団　埼忠禎会　埼葛クリニック,342-0037,埼玉県吉川市富新田２４５,139.86167361,35.875015,geocoding,
A110291,相羽医院,342-0050,埼玉県吉川市栄町８８８－１,139.8501575,35.88611367,geocoding,
A110368,医療法人社団　桜和会　さくら医院,342-0061,埼玉県吉川市中央三丁目１６－１２,139.85717065,35.88964937,geocoding,
A110423,小島医院,343-0023,埼玉県越谷市東越谷２－６－１,139.79545641,35.89009761,geocoding,
A110448,北越谷そめやクリニック,343-0026,埼玉県越谷市北越谷４－２１－１０,139.77837893,35.90253688,geocoding,
A110208,武重医院,343-0032,埼玉県越谷市袋山１４１８－２Ｎビル２Ｆ,139.77758339,35.92359261,geocoding,
A110025,医療法人社団　松尾医院,343-0033,埼玉県越谷市恩間２８３,139.77074487,35.9267284,geocoding,
A110466,医療法人社団　ＭＹメディカル　ＭＹ内科クリニック　せんげん台,343-0041,埼玉県越谷市千間台西３－２－１２イオンスタイルせんげん台２Ｆ,139.76736709,35.93347108,geocoding,
A110442,医療法人財団明理会　新越谷病院,343-0815,埼玉県越谷市元柳田町６－４５,139.78696601,35.88149584,geocoding,
A110438,医療法人社団ナイズ　キャップスクリニック越谷レイクタウン,343-0828,埼玉県越谷市レイクタウン３－１－１イオンレイクタウンｍｏｒｉ１Ｆ,139.82750672,35.88504363,geocoding,
A110086,医療法人　順齢會　おだやかライフ内科クリニック,343-0828,埼玉県越谷市レイクタウン３－１－１イオンレイクタウンｍｏｒｉ２Ｆ,139.82750672,35.88504363,geocoding,
A110422,蒲生クリニック,343-0843,埼玉県越谷市蒲生茜町１９－６グランディール１Ｆ,139.7915355,35.86627871,geocoding,
A110045,医療法人社団げんき会　あゆみクリニック,344-0023,埼玉県春日部市大枝４００－４,139.77532469,35.94008952,geocoding,
A110102,ファミリークリニックまの,344-0024,埼玉県春日部市千間１－５９－５,139.76640875,35.93576772,geocoding,
A110066,渡辺クリニック,344-0046,埼玉県春日部市上蛭田１２８,139.72435098,35.96768601,geocoding,
A110041,武井医院,344-0061,埼玉県春日部市粕壁１－４－８,139.75415867,35.98223341,geocoding,
A110317,宇野クリニック,344-0061,埼玉県春日部市粕壁１－６－５アーバンハイツ春日部２階,139.75330876,35.98180011,geocoding,
A110030,医療法人　永寿会　三須医院,344-0062,埼玉県春日部市粕壁東１－１１－１２,139.75472259,35.97971706,geocoding,
A110472,医療法人社団八方会　粕壁東クリニック,344-0062,埼玉県春日部市粕壁東１－７－１７,139.75600298,35.98092527,geocoding,6
A110023,医療法人　ゆりのき医院,344-0065,埼玉県春日部市谷原１－１６－２０,139.7440155,35.9699378,geocoding,
A110097,医療法人　月うさぎ　みやざわ耳鼻咽喉科,344-0067,埼玉県春日部市中央１－５２－８ー１階,139.75164516,35.97712014,geocoding,
A110395,医療法人社団　萌優会　ふじクリニック,344-0067,埼玉県春日部市中央１－８－１３,139.75044521,35.97922819,geocoding,
A110250,鳥居整形外科医院,345-0035,埼玉県北葛飾郡杉戸町内田１－１－２０,139.72720617,36.03281594,geocoding,
A110082,医療法人社団　東順会　杉戸耳鼻咽喉科医院,345-0036,埼玉県北葛飾郡杉戸町杉戸４－１５－８,139.72427862,36.02963021,geocoding,
A110033,井上小児科皮ふ科,345-0045,埼玉県北葛飾郡杉戸町高野台西２－６－３,139.70997363,36.05311576,geocoding,
A110172,医療法人　新井病院,346-0003,埼玉県久喜市久喜中央２－２－２８,139.67591455,36.06491366,geocoding,
A110275,しらさきクリニック,346-0032,埼玉県久喜市久喜新１１８０－１,139.66027356,36.07591514,geocoding,
A110286,医療法人社団　かぞ南内科クリニック,347-0031,埼玉県加須市南町５－１８,139.59956142,36.11983609,geocoding,
A110117,医療法人　加藤こどもクリニック,347-0068,埼玉県加須市大門町６－３４,139.59736425,36.12925985,geocoding,
A110080,医療法人　神山クリニック,348-0025,埼玉県羽生市上手子林６２－２,139.56318605,36.15239508,geocoding,
A110301,井上医院,349-0111,埼玉県蓮田市東１－１－２０,139.65421812,35.9832245,geocoding,
A110214,西村内科クリニック,349-0111,埼玉県蓮田市東６－３－２４吉田ビル１Ｆ,139.65376853,35.97898344,geocoding,
A110280,おだ内科,349-0114,埼玉県蓮田市馬込２－３００,139.65842933,35.975976,geocoding,
A110163,陽山会クリニック,349-0114,埼玉県蓮田市馬込５－１９８,139.6619956,35.97535112,geocoding,
A110262,本田内科医院,349-0115,埼玉県蓮田市蓮田１－２３１,139.65457984,35.97449236,geocoding,
A110127,渡辺クリニック,349-0115,埼玉県蓮田市蓮田３－１４３,139.65061648,35.97281711,geocoding,
A110445,医療法人しらさき　しらさき蓮田クリニック,349-0123,埼玉県蓮田市本町３－５蓮田オークプラザ駅前温泉館２階,139.65181031,35.98023858,geocoding,
A110455,医療法人　響友会　みなと内科医院,349-0135,埼玉県蓮田市井沼９８６－３,139.62454089,36.02321912,geocoding,
A110332,杉本医院,349-0217,埼玉県白岡市小久喜１４４４－７,139.67256399,36.02045841,geocoding,
A110465,加須健診クリニック,349-1145,埼玉県加須市間口１２７１－１,139.66187459,36.12768372,geocoding,
A110436,野田医院,350-0024,埼玉県川越市並木新町４－７,139.51796575,35.90188485,geocoding,
A110083,医療法人　さとうクリニック,350-0042,埼玉県川越市中原町２－１６－３第２武州ビル１Ｆ,139.47842698,35.9130546,geocoding,
A110179,医療法人社団　広彩会　ひろせクリニック,350-0043,埼玉県川越市新富町２－４－３木村屋ビル３階,139.48317938,35.91303529,geocoding,
A110359,長澤クリニック,350-0044,埼玉県川越市通町５－５シンザンⅢ　１階,139.48541253,35.91341864,geocoding,6
A110111,社会医療法人刀仁会　坂戸中央健康管理センター,350-0214,埼玉県坂戸市千代田４－１３－３,139.41086335,35.95488846,geocoding,
A110107,渋谷こどもクリニック,350-0225,埼玉県坂戸市日の出町６－２５マスヤビルⅢ３階,139.39224056,35.9587273,geocoding,
A110281,医療法人社団　薫風会　坂戸内科医院,350-0229,埼玉県坂戸市薬師町１５－６,139.40022823,35.9693593,geocoding,
A110433,脳神経外科ブレインピア坂戸西,350-0262,埼玉県坂戸市新堀２７９－１,139.37278699,35.96687053,geocoding,
A110407,町野皮ふ科,350-0269,埼玉県坂戸市にっさい花みず木３－１５－１３,139.37130373,35.96855087,geocoding,
A110144,川越江原耳鼻咽喉科,350-0806,埼玉県川越市天沼新田２７６－１,139.4305265,35.93643182,geocoding,
A110346,医療法人　西部診療所,350-0806,埼玉県川越市天沼新田３０７－１,139.43272069,35.93777333,geocoding,
A110451,医療法人　和心会　ハッピーバースライフクリニック,350-1101,埼玉県川越市的場２－７－７,139.42913164,35.91578849,geocoding,
A110443,しらさき川越クリニック,350-1112,埼玉県川越市上野田町３５－８８,139.46729734,35.91357637,geocoding,
A110090,ハヤカワクリニック,350-1114,埼玉県川越市東田町２３－２ドミ東田１０５,139.47484689,35.90863287,geocoding,
A110430,医療法人　豊仁会　三井クリニック,350-1122,埼玉県川越市脇田町１０５アトレ６階,139.48303513,35.90834423,geocoding,
A110468,医療法人社団　ナイズ　キャップスクリニック川越,350-1123,埼玉県川越市脇田本町１６－５ザ・パークハウス川越タワー２Ｆ,139.48152969,35.90830531,geocoding,
A110087,医療法人　小川医院,350-1123,埼玉県川越市脇田本町６－１８川越大森ビル８階,139.48166865,35.90629446,geocoding,
A110399,医療法人　勇優雅会　Ｕ＿ＰＬＡＣＥかわごえ内科,350-1123,埼玉県川越市脇田本町８－１Ｕ＿ＰＬＡＣＥ　６Ｆ　ＭＥＤＩＣＩＴＹ,139.48105482,35.90588339,geocoding,
A110322,松本医院,350-1142,埼玉県川越市藤間１１２３,139.49683784,35.8779233,geocoding,
A110477,医療法人社団哺育会　笠幡病院,350-1175,埼玉県川越市笠幡４９５５－１,139.41298303,35.90374868,geocoding,6
A110042,医療法人社団　輔正会　岡村記念クリニック,350-1245,埼玉県日高市栗坪２３０－１,139.31816387,35.88809232,geocoding,
A110294,小児科　林医院,350-1305,埼玉県狭山市入間川２－５－７－１０１,139.41192664,35.85979323,geocoding,
A110483,社会医療法人財団石心会　さやま総合クリニック健診センター,350-1305,埼玉県狭山市入間川４－１５－２５,139.40153888,35.85311059,geocoding,6
A110338,若葉内科クリニック,350-2203,埼玉県鶴ヶ島市上広谷６４５－１,139.40993519,35.94404885,geocoding,
A110098,若葉こどもクリニック,350-2206,埼玉県鶴ヶ島市藤金３３３－２,139.4069187,35.94125221,geocoding,
A110279,医療法人社団　悠眞会　たわらクリニック,350-2206,埼玉県鶴ヶ島市藤金６５０－１,139.40153009,35.93671704,geocoding,
A110388,朝霞駅東口たんば内科クリニック,351-0006,埼玉県朝霞市仲町２－２－３８アウステル１Ｆ,139.60134594,35.79726349,geocoding,
A110093,医療法人　わかば会　宮戸クリニック,351-0035,埼玉県朝霞市朝志ケ丘４－７－１３,139.58374396,35.82395158,geocoding,
A110140,医療法人社団　門田医院,351-0105,埼玉県和光市西大和団地１－６－３,139.6081401,35.77896906,geocoding,
A110459,さいたま胃腸内視鏡と肝臓のクリニック　和光市駅前院,351-0112,埼玉県和光市丸山台１－１０－２０Ｍ・Ｎビル３Ｆ,139.61197842,35.78739581,geocoding,
A110202,医療法人　慶和会　和光耳鼻咽喉科,351-0112,埼玉県和光市丸山台１－１０－２０Ｍ・Ｎビルディング２Ｆ,139.61197842,35.78739581,geocoding,
A110183,医療法人社団　喜恵会　和光駅前クリニック,351-0115,埼玉県和光市新倉１－２－６５,139.611334,35.78921218,geocoding,
A110186,医療法人社団　喜恵会　志木南口クリニック,352-0001,埼玉県新座市東北２－３０－１５－２Ｆ,139.57338102,35.82207108,geocoding,
A110138,須田整形外科,352-0006,埼玉県新座市新座３－３－１４,139.55636304,35.82135413,geocoding,
A110277,医療法人社団　慈生会　海江田医院,352-0032,埼玉県新座市新堀３－１１－１１,139.52262522,35.77013768,geocoding,
A110296,城西内科クリニック,352-0035,埼玉県新座市栗原５－６－２６,139.54864297,35.75566212,geocoding,
A110489,志木いろは橋クリニック,353-0002,埼玉県志木市中宗岡５－１６－２－２,139.58321018,35.83625832,geocoding,6
A110439,医療法人社団ナイズ　キャップスクリニック志木,353-0004,埼玉県志木市本町５－２６－１マルイファミリー志木７階,139.57397814,35.82344036,geocoding,
A110157,医療法人秀志会　たなか整形外科クリニック,353-0005,埼玉県志木市幸町４－３－１８,139.56332084,35.82024054,geocoding,
A110403,イムス富士見総合病院,354-0021,埼玉県富士見市鶴馬１９６７－１,139.55351743,35.85544981,geocoding,
A110037,医療法人社団かいしん会　ますなが医院,354-0031,埼玉県富士見市勝瀬７３９－１,139.53597678,35.86375947,geocoding,
A110295,医療法人社団　白鴎会　ふじみ野内科クリニック,354-0035,埼玉県富士見市ふじみ野西１－１－１アイムプラザ２階,139.52301682,35.8604123,geocoding,
A110109,つるせ整形外科,354-0041,埼玉県入間郡三芳町藤久保２０１－１１,139.52900057,35.84197863,geocoding,
A110337,医療法人社団侑芯会　きらり・ヘルスケアクリニック,354-8560,埼玉県富士見市山室１－１３１３ららぽーと富士見１階,139.54826497,35.85967971,geocoding,
A110156,東松山宏仁クリニック,355-0016,埼玉県東松山市材木町１２－５,139.40159714,36.04039039,geocoding,
A110047,宏仁会　高坂醫院,355-0062,埼玉県東松山市西本宿１７５９－１,139.39525568,35.99796835,geocoding,
A110193,公益財団法人　埼玉県健康づくり事業団,355-0133,埼玉県比企郡吉見町江和井４１０－１,139.49119588,36.02200009,geocoding,
A110155,医療法人社団　宏仁会小川病院,355-0317,埼玉県比企郡小川町原川２０５,139.2459874,36.06723703,geocoding,
A110417,医療法人平善会　大野クリニック,355-0321,埼玉県比企郡小川町小川４９１,139.26512793,36.05603104,geocoding,
A110304,大熊医院,356-0004,埼玉県ふじみ野市上福岡３－１－１７,139.51401977,35.87241058,geocoding,
A110440,叶澤メディカルクリニック,356-0011,埼玉県ふじみ野市福岡２－１－６イオンタウンふじみ野３Ｆクリニックモール,139.52191866,35.8804765,geocoding,
A110386,しまだ医院,356-0041,埼玉県ふじみ野市鶴ケ舞１－３－９,139.51108424,35.86563909,geocoding,
A110349,叶澤医院,356-0043,埼玉県ふじみ野市緑ケ丘２－１１－１,139.50060756,35.86110876,geocoding,
A110167,医療法人社団　峻嶺会　松澤クリニック,356-0050,埼玉県ふじみ野市ふじみ野３－９－２０,139.51677567,35.86034546,geocoding,
A110173,しみず整形外科クリニック,356-0051,埼玉県ふじみ野市亀久保１２４３－７,139.49980221,35.858098,geocoding,
A110336,医療法人社団堅江会　はたクリニック,356-0053,埼玉県ふじみ野市大井２－１０－１１,139.52212564,35.85226049,geocoding,
A110464,内科・胃腸科佐野医院,357-0033,埼玉県飯能市八幡町６－１,139.31811776,35.85459975,geocoding,
A110209,澤田医院,358-0011,埼玉県入間市下藤沢２－２２－１３,139.40606157,35.82149233,geocoding,
A110387,段塚クリニック,358-0011,埼玉県入間市下藤沢３－１－１,139.41104175,35.82056755,geocoding,
A110474,みちおクリニック,358-0011,埼玉県入間市下藤沢３６５－２フラリッシュ・フジサワ２号館１Ｆ,139.4109251,35.82008705,geocoding,6
A110325,医療法人一晃会　小林病院,358-0014,埼玉県入間市宮寺２４１７,139.37864524,35.79425593,geocoding,
A110092,小川耳鼻咽喉科気管食道科医院,358-0054,埼玉県入間市野田４３５－１,139.35044653,35.8414135,geocoding,
A110039,医療法人社団　明雄会　北所沢病院,359-0001,埼玉県所沢市下富１２７０－９,139.4537962,35.82494548,geocoding,
A110467,医療法人　元気会　わかさクリニック所沢院,359-0037,埼玉県所沢市くすのき台３－４－４シムラビル１Ｆ,139.4762234,35.78762325,geocoding,6
A110469,医療法人社団　ナイズ　キャップスクリニック　所沢,359-0038,埼玉県所沢市北秋津５９２ソコラ所沢２Ｆ,139.4772817,35.78491807,geocoding,
A110379,新所沢ひろ内科,359-0044,埼玉県所沢市松葉町２４－３,139.45784641,35.8085727,geocoding,
A110088,マツバクリニック,359-0044,埼玉県所沢市松葉町８－７,139.45799091,35.80670906,geocoding,
A110084,医療法人社団　松青会　新所沢整形外科内科,359-1111,埼玉県所沢市緑町２－１４－３,139.45503292,35.80393433,geocoding,
A110112,さいとう内科クリニック,359-1141,埼玉県所沢市小手指４－１７－３,139.43607369,35.79666815,geocoding,
A110221,はなみずき小手指クリニック,359-1141,埼玉県所沢市小手指町１－１６－４,139.43937046,35.80195922,geocoding,
A110358,医療法人社団　義心会　波多野内科・脳神経外科クリニック,359-1141,埼玉県所沢市小手指町１－４３－５,139.43999529,35.80533659,geocoding,
A110012,彩のクリニック,359-1141,埼玉県所沢市小手指町４－１－１,139.43546812,35.79865678,geocoding,
A110302,きたはたファミリークリニック,359-1146,埼玉県所沢市小手指南４－１３－６,139.43227431,35.78731646,geocoding,
A110425,医療法人　元気会　わかさクリニック,359-1151,埼玉県所沢市若狭４－２４６８－３１,139.41380877,35.80509458,geocoding,
A110273,新美クリニック,359-1161,埼玉県所沢市狭山ケ丘２－６４－２,139.41075049,35.81045773,geocoding,
A110390,医療法人　陽育会　やまもとキッズクリニック,359-1164,埼玉県所沢市三ケ島４－２２８６－１１,139.41389225,35.80017572,geocoding,
A110228,医療法人　清水内科,360-0012,埼玉県熊谷市上之１５６２－１,139.39826389,36.15525609,geocoding,
A110365,医療法人　麻葉会　あけとクリニック,360-0837,埼玉県熊谷市川原明戸５６９,139.31638738,36.14168592,geocoding,
A110001,医療法人　クレモナ会　ティーエムクリニック,360-0843,埼玉県熊谷市三ケ尻４８,139.32416981,36.1544401,geocoding,
A110002,医療法人社団　紘智会　籠原病院,360-0845,埼玉県熊谷市美土里町３－１３６,139.31845887,36.16917746,geocoding,
A110478,医療法人　悠希会　南川げんきクリニック,361-0007,埼玉県行田市小見１４００－１,139.47285104,36.15557804,geocoding,6
A110484,医療法人社団榎本会　榎本クリニック,362-0015,埼玉県上尾市緑丘１－９－５,139.58540579,35.98150369,geocoding,6
A110061,医療法人慈秀会　上尾アーバンクリニック,362-0015,埼玉県上尾市緑丘３－５－２８シンワ緑丘ビル１Ｆ,139.57937812,35.99030298,geocoding,
A110207,医療法人社団　順信会　上尾メディカルクリニック,362-0021,埼玉県上尾市原市３１３３,139.63190751,35.9668909,geocoding,
A110125,医療法人　鯵坂医院,362-0059,埼玉県上尾市平方２６８５,139.54643221,35.94457921,geocoding,
A110264,医療法人社団　関口医院　上尾ふれあいクリニック,362-0059,埼玉県上尾市平方４２７７－５,139.55948116,35.95241102,geocoding,
A110479,医）紘生会　かわかみこどもクリニック,362-0061,埼玉県上尾市藤波３－１８８,139.54612283,35.99164991,geocoding,6
A110356,あげお第一診療所,362-0064,埼玉県上尾市小敷谷８４５－１西上尾第一団地２－３８－１０２,139.56376107,35.96419789,geocoding,
A110206,医療法人社団　愛友会　上尾中央総合病院,362-0075,埼玉県上尾市柏座１－１０－１０,139.58557554,35.97441549,geocoding,
A110314,医療法人　上尾キッズクリニック,362-0081,埼玉県上尾市壱丁目２５－２,139.57384108,35.95444642,geocoding,3
A110412,医療法人社団　伊奈ｅｎｔクリニック,362-0803,埼玉県北足立郡伊奈町大字大針８１４－１,139.60941976,36.00240836,geocoding,
A110435,みなみのメディカルクリニック,362-0805,埼玉県北足立郡伊奈町栄５－２５５,139.64232234,35.98425629,geocoding,
A110211,医療法人豊和会　桶川中央クリニック,363-0022,埼玉県桶川市若宮２－２－２２,139.56440135,35.99658585,geocoding,
A110313,医療法人弘仁会　遠井クリニック,364-0006,埼玉県北本市北本１－１４３,139.53566324,36.0303506,geocoding,
A110487,鴻巣北本内科クリニック,364-0007,埼玉県北本市東間５－６４,139.52581617,36.04333519,geocoding,6
A110049,医療法人社団　群羊会　南福音診療所,364-0032,埼玉県北本市緑４－１４８,139.53998557,36.02098229,geocoding,
A110246,医療法人社団　はなぶさ会　いなぎｅｎｔクリニック,364-0033,埼玉県北本市本町４－２０－１,139.52873918,36.02128423,geocoding,
A110404,医療法人財団ヘリオス会　ヘリオス会病院,365-0005,埼玉県鴻巣市広田８２４－１,139.51173522,36.10376967,geocoding,
A110232,医療法人社団　わたまクリニック,365-0078,埼玉県鴻巣市加美１－６－４６,139.50466556,36.06722938,geocoding,
A110385,医）康仁会　上武内科クリニック,366-0022,埼玉県深谷市本田ケ谷２１０－２,139.33156713,36.20968789,geocoding,
A110486,医療法人　浩仁会　上柴クリニック,366-0801,埼玉県深谷市上野台２３２１－２,139.28246929,36.18066152,geocoding,6
A110258,白倉クリニック,366-0822,埼玉県深谷市仲町７－５,139.28291318,36.19587128,geocoding,
A110463,医療法人社団育辰会　昭和産婦人科,367-0041,埼玉県本庄市駅南１－５－２３,139.18365744,36.23592075,geocoding,
A110085,清水クリニック,367-0047,埼玉県本庄市前原１－１－１３,139.18132436,36.23808715,geocoding,
A110288,医療法人　柳仙会　柳田医院,369-0221,埼玉県深谷市榛沢新田８５８－２,139.2158488,36.20885482,geocoding,
A110355,医療法人　蒼仁会　寄居本町クリニック,369-1203,埼玉県大里郡寄居町寄居８０８－１,139.19876611,36.11621517,geocoding,
A110406,医療法人社団　城東会　はらしま医院,369-1221,埼玉県大里郡寄居町保田原１６３－７,139.21087894,36.11622918,geocoding,
A100014,仁静堂医院,370-0004,群馬県高崎市井野町１２２３,139.02408225,36.35074919,geocoding,
A100056,医療法人民善会　細谷たかさきクリニック,370-0036,群馬県高崎市南大類町８８８－１,139.0411051,36.3220515,geocoding,
A100065,医療法人　井上病院,370-0053,群馬県高崎市通町５５番地,139.00892813,36.32425685,geocoding,
A100071,医療法人　佐々木医院,370-0068,群馬県高崎市昭和町２,139.00238658,36.33577519,geocoding,6
A100064,医療法人　真木会　真木病院,370-0075,群馬県高崎市筑縄町７１－１,138.98587925,36.34833712,geocoding,
A100040,医療法人　和泉会　乾内科クリニック,370-0076,群馬県高崎市下小塙町１５７６番地１,138.96660837,36.35045307,geocoding,
A100022,松本医院,370-0811,群馬県高崎市相生町３５,139.00130617,36.33246989,geocoding,
A100025,吉村内科医院,370-0811,群馬県高崎市相生町５,139.00080344,36.33234209,geocoding,
A100058,双葉胃腸内科クリニック,370-0843,群馬県高崎市双葉町９－１６,139.01857023,36.3155847,geocoding,
A100073,吉浜内科小児科クリニック,370-0848,群馬県高崎市鶴見町９－３,139.00983967,36.31899852,geocoding,6
A100024,医療法人　優仁会　こだまクリニック,370-0864,群馬県高崎市石原町３２２５,139.00100765,36.3087427,geocoding,
A100059,医療法人　ひらが脳神経外科,370-1124,群馬県佐波郡玉村町角渕５０６７,139.11730497,36.29120808,geocoding,
A100057,医療法人　樹心会　角田病院　健診センター,370-1133,群馬県佐波郡玉村町上新田６７５－４,139.09807436,36.3110922,geocoding,
A100062,おかじょうクリニック,370-1207,群馬県高崎市綿貫町１９１８－７,139.07300156,36.31284739,geocoding,
A100046,医療法人真美会　宮崎医院,370-2332,群馬県富岡市下高瀬２９８－７,138.89171554,36.24706917,geocoding,
A100043,須藤医院,370-2343,群馬県富岡市七日市１０８３,138.88210476,36.25658219,geocoding,
A100068,前橋内科・内視鏡クリニック,371-0014,群馬県前橋市朝日町１－３５－９,139.08453382,36.3877236,geocoding,
A100029,医療法人社団　三矢会　前橋広瀬川クリニック,371-0022,群馬県前橋市千代田町２－１０－９,139.06991021,36.39301143,geocoding,
A100027,医療法人社団三矢会　上毛大橋クリニック,371-0046,群馬県前橋市川原町１－４９－６,139.04007256,36.42659211,geocoding,
A100063,さとう内科クリニック,372-0005,群馬県伊勢崎市乾町２３３－１,139.18960213,36.33827903,geocoding,
A100074,医療法人イアリ　美原診療所,372-0048,群馬県伊勢崎市大手町１－１,139.19422724,36.32532769,geocoding,6
A100001,一般財団法人　日本健康管理協会　伊勢崎健診プラザ,372-0822,群馬県伊勢崎市中町６５５－１,139.1753973,36.30232212,geocoding,
A100060,堀越医院,374-0057,群馬県館林市北成島町５１３,139.51175303,36.25718961,geocoding,
A100070,川島内科クリニック,377-0008,群馬県渋川市渋川１７７０,139.00128896,36.49255047,geocoding,6
A100048,医療法人社団　神山内科医院,377-0008,群馬県渋川市渋川８９２－２３,139.00376081,36.50192178,geocoding,
A100045,医療法人社団　皆成会　中野医院,377-0008,群馬県渋川市渋川８９３－３３,139.00466908,36.50099967,geocoding,
A100053,医療法人誠和会　正田病院,379-0116,群馬県安中市安中１－１６－３２,138.8864039,36.3216902,geocoding,
A100037,櫻井内科医院,379-0135,群馬県安中市郷原１３０－５,138.84766411,36.30467396,geocoding,
A100039,医療法人　日望会　みどり病院,379-2313,群馬県みどり市笠懸町鹿２６４６－２,139.28032049,36.40037331,geocoding,
A200069,藤井クリニック,380-0862,長野県長野市桜枝町１２４４－１,138.1550606,36.67596584,geocoding,
A200043,医療法人　愛和会　愛和病院　健診センター,380-0904,長野県長野市鶴賀１０４４－２,138.18965978,36.65275174,geocoding,
A200075,医療法人平成会　小島病院,380-0928,長野県長野市若里５－８－６,138.18533002,36.6276269,geocoding,
A200094,医療法人　石黒内科医院,381-0013,長野県長野市桜新町６５５－１,138.23133828,36.65413597,geocoding,6
A200085,みやじま内科クリニック,381-0034,長野県長野市大字高田１２６１－２,138.21299886,36.64082652,geocoding,
A200091,医療法人　宮沢医院,381-0043,長野県長野市吉田２－１－２９,138.218065,36.66972163,geocoding,
A200039,医療法人　みずき会　花岡内科医院,381-0043,長野県長野市吉田５－３１－４２,138.22640851,36.66358127,geocoding,
A200012,岡野医院,381-0208,長野県上高井郡小布施町六川１４,138.31164592,36.6971723,geocoding,
A200035,わたなべクリニック,381-2246,長野県長野市丹波島２－１８－１５,138.17093689,36.61703865,geocoding,
A200074,公益財団法人　長野県健康づくり事業団　長野健康センター診療所,381-2298,長野県長野市稲里町田牧２０６－１,138.17685106,36.59987682,geocoding,
A200073,医療法人公仁会　轟病院,382-0000,長野県須坂市大字須坂１２３９,138.30844101,36.65767687,geocoding,
A200023,佐藤医院,382-0076,長野県須坂市大字須坂１２２４－２０,138.3063273,36.65785737,geocoding,
A200014,佐々木医院,384-0012,長野県小諸市南町１－３－７,138.42602491,36.32471377,geocoding,
A200038,医療法人清秀会　甘利医院　わだ,384-0093,長野県小諸市和田８４１－７,138.45887,36.2927211,geocoding,
A200061,医療法人　佐久平ファミリークリニック内科・消化器科,385-0022,長野県佐久市岩村田１３１５－１,138.4703025,36.27360985,geocoding,
A200083,医療法人　佐久心臓血圧クリニック,385-0022,長野県佐久市岩村田２０８０－１,138.47556874,36.2687049,geocoding,
A200082,フルタクリニック,385-0051,長野県佐久市中込３６１１－２０８,138.46949768,36.25044266,geocoding,
A200066,医療法人　杏仁堂　塚原醫院,386-0404,長野県上田市上丸子１０１８－１,138.27228982,36.3215433,geocoding,
A200037,山浦内科クリニック,386-0407,長野県上田市長瀬３４４１－４,138.28192407,36.35105373,geocoding,
A200040,医療法人　小林会　小林医院,386-2203,長野県上田市真田町傍陽５７１,138.29831519,36.44988917,geocoding,
A200052,医療法人　おかだクリニック,387-0021,長野県千曲市稲荷山５８０,138.10428732,36.53638389,geocoding,
A200067,社会医療法人大西会　千曲中央病院,387-8512,長野県千曲市大字杭瀬下５８,138.12276058,36.53027129,geocoding,
A200004,医療法人　学思会　東御記念セントラルクリニック,389-0517,長野県東御市県１６５－１,138.33292473,36.3577351,geocoding,
A200060,やまざき医院,389-0805,長野県千曲市上徳間３４６,138.14505779,36.49627326,geocoding,
A200086,市川内科医院,389-0821,長野県千曲市上山田温泉４丁目１１－２,138.14800577,36.47202853,geocoding,
A200096,町立　信越病院,389-1305,長野県上水内郡信濃町柏原２４３７,138.19987737,36.80990288,geocoding,6
A200078,池上医院,390-0811,長野県松本市中央３－５－１１,137.97353064,36.23374946,geocoding,
A200017,南天診療所,390-0821,長野県松本市筑摩３－１５－３１,137.98311913,36.21984619,geocoding,
A200044,医療法人誠仁会　降旗医院,390-0822,長野県松本市神田１－１－８,137.98717146,36.22111281,geocoding,
A200047,医療法人　雅の里　あるが内科クリニック,390-1131,長野県松本市今井１２２２,137.90778384,36.14943348,geocoding,
A200090,医療法人緑生会　福澤医院,390-1242,長野県松本市和田１８５８－１０,137.91948423,36.20484001,geocoding,
A200077,岸耳鼻咽喉科医院,392-0004,長野県諏訪市諏訪２－１－２９,138.11823088,36.04390722,geocoding,
A200089,医療法人　清風会　宮坂医院,392-0006,長野県諏訪市元町４－１０,138.12351119,36.03924131,geocoding,
A200088,いちょう並木クリニック,392-0012,長野県諏訪市四賀２４１７－２,138.13023941,36.01281181,geocoding,
A200027,今井内科・胃腸科クリニック,394-0001,長野県岡谷市今井１２１１,138.04941157,36.06709999,geocoding,
A200022,酒井医院,394-0028,長野県岡谷市本町２－１－２,138.04384848,36.05886195,geocoding,
A200019,医療法人　昭伊会　まるやまファミリークリニック,395-0157,長野県飯田市大瀬木１１０６－２,137.79109769,35.49956215,geocoding,
A200065,医療法人　幸仁会　田畑内科医院,396-0015,長野県伊那市中央４９５３－２,137.96597538,35.84237308,geocoding,
A200046,ふかさわ耳鼻咽喉科医院,396-0023,長野県伊那市山寺２４６２－２,137.95474846,35.8490886,geocoding,
A200059,原内科消化器科医院,396-0112,長野県伊那市前原８３９１－１,137.99038422,35.84692853,geocoding,
A200062,医療法人　柿下クリニック,398-0004,長野県大町市常盤３５４１－１４,137.84247325,36.46863541,geocoding,
A200080,医療法人　慈人会　ふなくぼ耳鼻咽喉科医院,399-0033,長野県松本市笹賀５５１２－１,137.93943541,36.1971391,geocoding,
A200071,一般財団法人　日本健診財団　信州たつの健診プラザ,399-0421,長野県上伊那郡辰野町大字辰野１４７７－６,137.99237138,35.98288466,geocoding,
A200001,清水外科胃腸科医院,399-0701,長野県塩尻市広丘吉田２９４－２,137.95829575,36.16967382,geocoding,
A200018,小口内科医院,399-0744,長野県塩尻市大門８６８－２１７,137.94474931,36.11714639,geocoding,
A200070,医療法人社団　敬仁会　桔梗ヶ原病院　健診センター,399-6461,長野県塩尻市宗賀１２９５,137.93244784,36.11124137,geocoding,
A200024,こうの内科循環器科,399-8201,長野県安曇野市豊科南穂高２７１－１０,137.91931661,36.29866539,geocoding,
A200021,（医）荻原内科クリニック,399-8205,長野県安曇野市豊科４３０１－６,137.90632313,36.29943444,geocoding,
A200072,髙橋医院,399-8303,長野県安曇野市穂高５６２２－１,137.88265193,36.34237328,geocoding,
A200008,医療法人静心会　須澤クリニック,399-8303,長野県安曇野市穂高６１７,137.89602587,36.32303698,geocoding,
A200084,せりざわクリニック,399-8601,長野県北安曇郡池田町大字池田２９０２－１７,137.87653241,36.42535912,geocoding,
A190057,大石耳鼻咽喉科クリニック,400-0008,山梨県甲府市緑が丘１－１－２１,138.5579295,35.67739915,geocoding,
A190009,医療法人社団　聡生会　ひはら整形外科,400-0015,山梨県甲府市大手３－１－３７,138.57682757,35.68372944,geocoding,
A190023,おかだ内科クリニック,400-0024,山梨県甲府市北口２－９－１２ニシコー北口駅前ビル２Ｆ,138.57002569,35.66840077,geocoding,
A190039,医療法人　翠風会　藤原医院,400-0026,山梨県甲府市塩部４－１５－１６,138.55381605,35.67697962,geocoding,
A190029,橘田耳鼻咽喉科医院,400-0032,山梨県甲府市中央２－１２－２８,138.57282845,35.66177949,geocoding,
A190032,なかざわ耳鼻咽喉科・頭頚部外科クリニック,400-0035,山梨県甲府市飯田２－３－９,138.55484122,35.66864192,geocoding,
A190045,医療法人　なかじま胃腸クリニック,400-0043,山梨県甲府市国母８－２８－３,138.5501878,35.63496874,geocoding,
A190016,医療法人　清水医院,400-0053,山梨県甲府市大里町２９４０,138.56868369,35.626476,geocoding,
A190024,医療法人　仁明会　ながまつ医院,400-0058,山梨県甲府市宮原町８８－１,138.55687686,35.62259823,geocoding,
A190005,清水内科外科医院,400-0074,山梨県甲府市千塚４－９－１６,138.5368482,35.68553911,geocoding,
A190008,医療法人　斐水会　ながせき頭痛クリニック,400-0124,山梨県甲斐市中下条１８４４－３,138.53024936,35.67684846,geocoding,
A190052,井口クリニック,400-0215,山梨県南アルプス市上八田１４０－８９,138.47755807,35.66198333,geocoding,
A190004,笹本クリニック,400-0405,山梨県南アルプス市下宮地４３３－１,138.46223534,35.60392795,geocoding,
A190001,医療法人　慈光会　甲府城南病院,400-0831,山梨県甲府市上町７５３－１,138.59550036,35.62998382,geocoding,
A190025,はちすか整形外科クリニック,401-0011,山梨県大月市駒橋１－２－３６,138.94750429,35.614393,geocoding,
A190038,すずき整形外科医院,401-0012,山梨県大月市御太刀２－８－８,138.94715987,35.61597333,geocoding,
A190058,山中湖村立平野診療所,401-0502,山梨県南都留郡山中湖村平野１４１－１,138.90344505,35.42743131,geocoding,
A190054,医療法人一規会　斉藤医院,404-0045,山梨県甲州市塩山上塩後２７１－１,138.72098583,35.7019157,geocoding,
A190046,中里内科クリニック　ＤＭ,405-0072,山梨県笛吹市一宮町本都塚１４８－１,138.68805651,35.64937045,geocoding,
A190056,医療法人社団　協友会　笛吹中央病院,406-0032,山梨県笛吹市石和町四日市場４７－１,138.63525506,35.64118781,geocoding,
A190026,しむら医院,406-0041,山梨県笛吹市石和町東高橋１３１,138.60496035,35.63531077,geocoding,
A190048,三枝クリニック,406-0043,山梨県笛吹市石和町河内３７－２,138.61197931,35.63168909,geocoding,
A190021,八代戸田内科クリニック,406-0831,山梨県笛吹市八代町高家３０４－１,138.65242979,35.61119037,geocoding,
A190027,医療法人本町会　本町クリニック,407-0024,山梨県韮崎市本町２－１９－３,138.450996,35.7054998,geocoding,
A190050,医療法人　和州会　吉田医院,408-0312,山梨県北杜市白州町白須１００８－１,138.32798567,35.80804684,geocoding,
A190043,阿部ファミリークリニック,409-1313,山梨県甲州市勝沼町下岩崎１０５２,138.72221158,35.65834896,geocoding,
A190035,きたむらクリニック,409-3803,山梨県中央市若宮２３－２,138.53710922,35.61164936,geocoding,
A190034,玉穂ふれあい診療所,409-3815,山梨県中央市成島２４３９－１,138.54460348,35.59983706,geocoding,
A220110,沼津グルメ街道クリニック,410-0011,静岡県沼津市岡宮１２１３－１６,138.87323472,35.13218396,geocoding,6
A220031,白石医院,410-0866,静岡県沼津市市道町１２－２５,138.84916514,35.09765015,geocoding,
A220108,御成橋栄クリニック,410-0881,静岡県沼津市八幡町２９－１栄ビル２Ｆ,138.85641473,35.09786974,geocoding,
A220033,高桑医院　岩波診療所,410-1101,静岡県裾野市岩波９２,138.91983756,35.21696819,geocoding,
A220101,医療法人社団榮紀会　東名裾野病院,410-1107,静岡県裾野市御宿１４７２,138.91055505,35.21254092,geocoding,
A220019,田中クリニック,410-1123,静岡県裾野市伊豆島田８１０－７,138.90492686,35.15520874,geocoding,
A220078,医療法人社団　エムエムシー　村田内科クリニック,410-2322,静岡県伊豆の国市吉田３５４－１,138.93833743,35.00044675,geocoding,
A220097,ＪＡ静岡厚生連　中伊豆温泉病院,410-2501,静岡県伊豆市下白岩７５,138.97930405,34.96560496,geocoding,
A220111,あなたのクリニック三島,411-0039,静岡県三島市寿町２－１６あなたのビル４Ｆ,138.9091153,35.12478788,geocoding,6
A220102,独立行政法人　地域医療機能推進機構　三島総合病院,411-0801,静岡県三島市谷田字藤久保２２７６,138.95199259,35.12314401,geocoding,
A220028,医療法人社団　幸徳会　薬袋内科クリニック,411-0917,静岡県駿東郡清水町徳倉１００４,138.89935938,35.08419945,geocoding,
A220004,医療法人社団　聡誠会　池田病院,411-0945,静岡県駿東郡長泉町本宿４１１－５,138.89046714,35.12048526,geocoding,
A220005,医療法人社団　駿栄会　御殿場石川病院,412-0023,静岡県御殿場市深沢１２８５－２,138.95938906,35.30621282,geocoding,6
A220080,公益社団法人有隣厚生会　富士病院,412-0043,静岡県御殿場市新橋１７８４,138.93570587,35.29841284,geocoding,
A220082,ひまわり呼吸器科,412-0051,静岡県御殿場市富士見原１－１－３,138.91437672,35.23876758,geocoding,
A220038,医療法人社団　慈生会　梅園ヘルスケアクリニック,413-0032,静岡県熱海市梅園町１５－１２,139.05876643,35.10081123,geocoding,
A220064,服部医院,413-0103,静岡県熱海市網代４６２－８,139.0928542,35.0493937,geocoding,
A220112,よこやまファミリークリニック,414-0002,静岡県伊東市湯川３－１１－２サンタイビル２Ｆ,139.09287213,34.97534959,geocoding,6
A220049,藤井クリニック,414-0028,静岡県伊東市銀座元町６－１９,139.09729705,34.97014756,geocoding,
A220008,船津クリニック,416-0955,静岡県富士市川成新町２９５,138.66597024,35.13401824,geocoding,
A220053,せきクリニック,417-0061,静岡県富士市伝法６５６－１,138.67036153,35.18607845,geocoding,
A220098,とみ皮膚科クリニック,417-0862,静岡県富士市石坂６８－８,138.68261854,35.17550766,geocoding,
A220083,医療法人社団　優仁会　協愛医院,418-0067,静岡県富士宮市宮町８－７,138.60879959,35.22489733,geocoding,
A220091,東部メディカル健康管理センター,419-0114,静岡県田方郡函南町仁田楠台７７７－４,138.9432498,35.07756225,geocoding,
A220025,ときわ公園クリニック,420-0034,静岡県静岡市葵区常磐町３－６－１４,138.37963467,34.96964873,geocoding,
A220067,社会福祉法人　聖隷福祉事業団　聖隷静岡健診クリニック,420-0851,静岡県静岡市葵区黒金町５５,138.39004753,34.97171527,geocoding,
A220076,内科・消化器科・循環器科・神経内科　長谷通りクリニック,420-0882,静岡県静岡市葵区安東１－２１－９,138.38343677,34.98439417,geocoding,
A220092,ひびのクリニック,420-0884,静岡県静岡市葵区大岩本町２５－１５,138.3772874,34.98752148,geocoding,
A220043,公益財団法人　静岡県予防医学協会　静岡事務所,421-0111,静岡県静岡市駿河区丸子新田１８６－５,138.36750594,34.95102573,geocoding,
A220042,医療法人社団　啓心会　五十嵐医院,421-3203,静岡県静岡市清水区蒲原３－１１－１３,138.60170252,35.11857714,geocoding,
A220093,板井クリニック,422-8006,静岡県静岡市駿河区曲金７－７－１９,138.41576435,34.98060896,geocoding,
A220026,佐藤内科医院,422-8067,静岡県静岡市駿河区南町１２－１９,138.39141135,34.96958778,geocoding,
A220077,医療法人　社団　安誠会　みやはら内科クリニック,426-0033,静岡県藤枝市小石川町１－７－２０,138.25850837,34.85324612,geocoding,
A220100,小石川町小児科・アレルギー科・皮ふ科クリニック,426-0033,静岡県藤枝市小石川町１丁目１０－２１－１,138.25789733,34.85201567,geocoding,
A220046,医療法人社団　涼瑞会　まつなが耳鼻咽喉科クリニック,426-0034,静岡県藤枝市駅前２－３－８,138.24963144,34.85120982,geocoding,
A220070,いわしたクリニック,426-0036,静岡県藤枝市上青島４６３－２,138.21902579,34.84295172,geocoding,
A220107,公益財団法人　静岡県予防医学協会　藤枝健診センター,426-0053,静岡県藤枝市善左衛門２－１１－５,138.24520464,34.82476257,geocoding,
A220054,きくち内科クリニック,430-0802,静岡県浜松市中央区将監町１２－１３,137.75411312,34.71571474,geocoding,6
A220014,幸田クリニック,430-0825,静岡県浜松市南区下江町４４８,137.77152558,34.68071489,geocoding,
A220113,市立湖西病院,431-0431,静岡県湖西市鷲津２２５９ー１,137.54895221,34.71250241,geocoding,6
A220071,なかむらクリニック,432-8061,静岡県浜松市西区入野町１９９５４－５５０,137.68347643,34.70270059,geocoding,
A220109,医療法人社団　結樹会　スターフィールドクリニック浜松,432-8069,静岡県浜松市中央区志都呂２－３７－１イオンモール浜松志都呂２Ｆ,137.6512048,34.69680353,geocoding,6
A220081,やなせ内科呼吸器科クリニック,433-8105,静岡県浜松市中央区三方原町５６５－１,137.70950775,34.77439321,geocoding,
A220068,西遠クリニック,434-0026,静岡県浜松市浜北区東美薗１５４６－８,137.80075592,34.80451083,geocoding,
A220075,中川クリニック,434-0036,静岡県浜松市浜名区横須賀６９１,137.79182665,34.79073682,geocoding,
A220044,公益財団法人　静岡県予防医学協会　浜松健診センター,435-0006,静岡県浜松市中央区下石田町９５１,137.78795597,34.7394194,geocoding,
A220057,医療法人社団　金子内科・循環器科クリニック,435-0052,静岡県浜松市中央区天王町１７５７,137.76795003,34.7358714,geocoding,
A220011,増田内科・循環器科医院,436-0068,静岡県掛川市御所原２５－２,138.02031561,34.78117951,geocoding,
A220062,医療法人社団　山梨堀尾医院,437-0125,静岡県袋井市上山梨１４８２－８,137.90415551,34.79135127,geocoding,
A220056,河合整形外科,438-0051,静岡県磐田市上大之郷２９８,137.85335019,34.69128201,geocoding,
A220072,木佐森医院,438-0078,静岡県磐田市国府台５５－１,137.8494743,34.72160218,geocoding,
A220104,医療法人社団翔遙会　豊田診療所,438-0808,静岡県磐田市豊田３２７番地,137.8301364,34.74179342,geocoding,
A220095,医療法人社団　翔遙会　豊田ハートクリニック,438-0821,静岡県磐田市立野２０１３－１０,137.81953827,34.71627123,geocoding,
A220059,木佐森医院,439-0006,静岡県菊川市堀之内１２５７,138.08625821,34.76061826,geocoding,
A230116,医療法人　駿豊会　遠山クリニック,440-0076,愛知県豊橋市大橋通１－８９,137.38253337,34.7645104,geocoding,
A230143,医療法人　青雲会　佐野医院,440-0897,愛知県豊橋市松葉町３－１０,137.38540519,34.76878212,geocoding,
A230185,社会福祉法人　明世会　信愛医療療育センター,441-0103,愛知県豊川市小坂井町大塚３８－１,137.35929484,34.79612461,geocoding,
A230177,医療法人蓮花　あかさかクリニック,441-0202,愛知県豊川市赤坂町松本１７６－１,137.31160967,34.85948545,geocoding,
A230001,医療法人社団　卓和会　ユリクリニック,441-0312,愛知県豊川市御津町西方広田４９,137.30988167,34.80883508,geocoding,
A230095,菜の花内科クリニック,441-3415,愛知県田原市神戸町明土９－１,137.27661647,34.66542234,geocoding,
A230047,医療法人社団卓和会　しらゆりクリニック,442-0013,愛知県豊川市大堀町７７,137.40210296,34.83367853,geocoding,
A230057,医療法人　高橋医院,442-0031,愛知県豊川市豊川西町３６,137.39542916,34.8255929,geocoding,
A230056,医療法人　憲成会　皆藤クリニック,442-0036,愛知県豊川市豊川栄町２０,137.39492656,34.82388191,geocoding,
A230053,医療法人　信愛会　大石医院,442-0854,愛知県豊川市国府町流霞１０３,137.32709238,34.83366407,geocoding,
A230148,医療法人信愛会　しんあいクリニック,442-0884,愛知県豊川市光明町１－１９－１０,137.37320911,34.81482351,geocoding,
A230104,オリエンタル蒲郡健診センター,443-0014,愛知県蒲郡市海陽町２－２,137.27368499,34.80856343,geocoding,
A230112,谷口クリニック,444-0226,愛知県岡崎市中島町住吉西３－３,137.10802201,34.88058203,geocoding,
A230125,医療法人　木南舎　冨田病院,444-3505,愛知県岡崎市本宿町字南中町３２,137.26039973,34.88981651,geocoding,
A230076,三河安城クリニック,446-0037,愛知県安城市相生町１４－１４,137.08740174,34.95440554,geocoding,
A230097,アイエムクリニック・安城,446-0073,愛知県安城市篠目町１－１１－１６,137.07389719,34.97775163,geocoding,
A230223,さかべ医院,447-0885,愛知県碧南市志貴町２－８６,136.9910422,34.87125227,geocoding,6
A230159,Ｇ＆Ｏ女性ヘルスケアクリニック,448-0004,愛知県刈谷市泉田町大久屋１５６番,137.00500637,35.02163449,geocoding,
A230131,小垣江にしおクリニック,448-0813,愛知県刈谷市小垣江町石ノ戸３３,137.00126838,34.96121174,geocoding,
A230225,医療法人九友会　榊原医院,448-0846,愛知県刈谷市寺横町５－７８,136.99098803,34.98830998,geocoding,6
A230013,医療法人　松柏会　国際セントラルクリニック,450-0001,愛知県名古屋市中村区那古野１－４７－１　国際センタービル１０階,136.89027446,35.17281561,geocoding,
A230002,医療法人　尚仁会　名古屋ステーションクリニック,450-0002,愛知県名古屋市中村区名駅４－６－１７名古屋ビルデイング８Ｆ,136.885,35.17104901,geocoding,
A230010,一般財団法人　全日本労働福祉協会　東海診療所,450-0003,愛知県名古屋市中村区名駅南１－２４－２０　三井ビルディング新館３Ｆ,136.88576112,35.16721347,geocoding,
A230193,医療法人　誠厚会　名駅前診療所保健医療センター,450-0003,愛知県名古屋市中村区名駅南２－１４－１９住友生命名古屋ビル２Ｆ,136.88630833,35.16545819,geocoding,
A230157,医療法人社団　進興会　ミッドタウンクリニック名駅,450-6305,愛知県名古屋市中村区名駅１－１－１ＪＰタワー名古屋５階,136.88224466,35.17312364,geocoding,
A230012,医療法人　松柏会　大名古屋ビルセントラルクリニック,450-6409,愛知県名古屋市中村区名駅３－２８－１２　大名古屋ビルヂング９階,136.88455557,35.1721294,geocoding,
A230093,一般財団法人毎日ドクター　名古屋健診プラザ,450-6626,愛知県名古屋市中村区名駅１－１－３ＪＲゲートタワー２６階,136.88280018,35.17205992,geocoding,
A230043,医療法人　きとう小児科医院,451-0015,愛知県名古屋市西区香呑町４－２８,136.89551482,35.20227035,geocoding,
A230186,医療法人　五一六五　ナゴヤガーデンクリニック,451-0051,愛知県名古屋市西区則武新町３－１－１７イオンモール名古屋ノリタケガーデン３階,136.88022531,35.18050583,geocoding,
A230101,医療法人　慶和会　ひまわりクリニック,451-0051,愛知県名古屋市西区則武新町３－８－２０,136.87986149,35.17767846,geocoding,
A230178,社会医療法人　大雄会　大雄会ルーセントクリニック,451-6003,愛知県名古屋市西区牛島町６－１名古屋ルーセントタワー３Ｆ,136.88108363,35.17496223,geocoding,
A230147,須ヶ口クリニック,452-0905,愛知県清須市須ケ口２３２３番地２,136.84665047,35.19725557,geocoding,
A230146,はるひ呼吸器病院,452-0962,愛知県清須市春日流８番地１,136.84931826,35.23877608,geocoding,
A230150,名駅ファミリアクリニック,453-0013,愛知県名古屋市中村区亀島１－４－４モテット名古屋１階,136.87793947,35.17640915,geocoding,6
A230005,医療法人　高田　ライフ健康クリニック,453-0046,愛知県名古屋市中村区道下町２－２６,136.86308809,35.17295656,geocoding,
A230077,一般財団法人　公衆保健協会,453-0804,愛知県名古屋市中村区黄金通２－４５－２,136.87144023,35.16442191,geocoding,
A230080,医療法人社団フロムファースト　竹田内科胃腸科クリニック,453-0834,愛知県名古屋市中村区豊国通３－２２,136.85445847,35.16385497,geocoding,
A230202,つゆはしクリニック,454-0006,愛知県名古屋市中川区柳堀町１０－７,136.88542258,35.15446793,geocoding,6
A230208,つゆはし内科,454-0022,愛知県名古屋市中川区露橋２－２７－２０,136.88504229,35.14645218,geocoding,6
A230106,医療法人　純正会　名古屋西病院,454-0869,愛知県名古屋市中川区荒子２－４０,136.85870336,35.14020759,geocoding,
A230108,戸田ファミリークリニック,454-0961,愛知県名古屋市中川区戸田明正２－３０１,136.80737535,35.145407,geocoding,
A230201,医療法人えにし　みなとファミリークリニック,455-0018,愛知県名古屋市港区港明１－１－２,136.89257673,35.11055171,geocoding,
A230182,医療法人三恵会　服部病院,456-0012,愛知県名古屋市熱田区沢上１－３－２０,136.90339667,35.13873185,geocoding,
A230228,神宮の杜よこやまクリニック,456-0032,愛知県名古屋市熱田区三本松町１８－４ミュープラット神宮前４Ｆ,136.91304085,35.12596728,geocoding,6
A230122,医療法人　中京クリニカル,456-0035,愛知県名古屋市熱田区白鳥３－６－１７,136.90590547,35.12293952,geocoding,
A230029,医療法人　なかやまクリニック,456-0058,愛知県名古屋市熱田区六番２－１－３０アイコート六番２Ｆ,136.88942343,35.12358854,geocoding,
A230190,あつたモール総合クリニック,456-8763,愛知県名古屋市熱田区六野１－２－１９イオンモール熱田３Ｆ,136.91053514,35.13498551,geocoding,
A230036,医療法人　博豊会　井上医院,457-0039,愛知県名古屋市南区西桜町７７,136.93481456,35.10215691,geocoding,
A230017,医療法人　名翔会　名古屋セントラルクリニック,457-0071,愛知県名古屋市南区千亀通７－１６－１,136.9312066,35.09509911,geocoding,
A230191,医療法人なるみ会　第一なるみ病院,458-0006,愛知県名古屋市緑区細口１－２１０,136.98717324,35.08769442,geocoding,
A230195,医療法人さくら会　さくら医院,458-0041,愛知県名古屋市緑区鳴子町３－４９－２３　ナルコス２Ｆ,136.96801689,35.09858401,geocoding,
A230207,もりかわファミリークリニック,458-0848,愛知県名古屋市緑区水広２－１１９,136.99546985,35.07980403,geocoding,6
A230089,（医）寿芳会　加藤内科胃腸科,460-0002,愛知県名古屋市中区丸の内３－１６－１６,136.90495352,35.17482977,geocoding,
A230121,医療法人財団医親会　マリンクリニック,460-0002,愛知県名古屋市中区丸の内３－２０－１７　ＫＤＸ桜通ビル４階,136.90586736,35.17405215,geocoding,
A230072,医療法人　敬愛会　奥田クリニック健診センター,460-0003,愛知県名古屋市中区錦１－４－２８,136.89609614,35.1724242,geocoding,
A230198,医療法人交詢会,460-0003,愛知県名古屋市中区錦２－１４－２０,136.90042638,35.16973313,geocoding,6
A230196,一般社団法人ライフ予防医学センター　Ｌｉｆｅ　ｈｅｌｌｏ　ｃｌｉｎｉｃ,460-0003,愛知県名古屋市中区錦２－５－１２パシフィックスクエア名古屋錦１Ｆ,136.90145675,35.17209115,geocoding,
A230197,医療法人松柏会　名古屋栄セントラルクリニック,460-0003,愛知県名古屋市中区錦３－１６－２７栄パークサイドプレイスＢ１,136.90713128,35.17036945,geocoding,6
A230140,亀井内科・呼吸器科,460-0004,愛知県名古屋市中区新栄町１－３日丸名古屋ビル６階,136.9100505,35.16945306,geocoding,
A230132,一般財団法人　日本予防医学協会　附属診療所　ウェルビーイング栄,460-0004,愛知県名古屋市中区新栄町１－３日丸名古屋ビルＢ１階,136.9100505,35.16945306,geocoding,
A230096,一般財団法人　近畿健康管理センター　ＫＫＣウエルネス名古屋健診クリニック,460-0008,愛知県名古屋市中区栄２－１０－１９名古屋商工会議所ビル１１Ｆ,136.89869055,35.16572251,geocoding,
A230064,医療法人　順秀会　スカイル内科・スカイル健康管理センター,460-0008,愛知県名古屋市中区栄３－４－５栄（スカイル）ビル１１階,136.90620922,35.16846136,geocoding,
A230203,社会医療法人　宏潤会　ＤＡＩＤＯ　ＭＥＤＩＣＡＬ　ＳＱＵＡＲＥ,460-0008,愛知県名古屋市中区栄４－１－１中日ビル９Ｆ,136.90960892,35.16840042,geocoding,6
A230004,医療法人　葛谷クリニック,460-0008,愛知県名古屋市中区栄４－１７－２０,136.91140886,35.16620364,geocoding,
A230094,医療法人　士正会　健診センター　栄エンゼルクリニック,460-0008,愛知県名古屋市中区栄５－４－１２,136.91242826,35.16531217,geocoding,
A230130,としわ会診療センターレクリニック,460-0022,愛知県名古屋市中区金山５－５－１１,136.90950702,35.14621736,geocoding,
A230154,医療法人　アライフサポート　ココカラハートクリニック,461-0001,愛知県名古屋市東区泉１－２３－３６ＮＢＮ泉ビル４Ｆ,136.90890315,35.17448832,geocoding,
A230060,堀内内科消化器科クリニック,461-0027,愛知県名古屋市東区芳野３－６－４－Ｄ００３,136.92520363,35.18702058,geocoding,
A230171,くろかわ内科・健診クリニック,462-0044,愛知県名古屋市北区元志賀町１－４－１,136.90803298,35.19939893,geocoding,
A230200,おおすぎハツノ内科クリニック,462-0837,愛知県名古屋市北区大杉３－１５－３おおすぎビル１Ｆ,136.91773774,35.18893111,geocoding,
A230066,一般財団法人　愛知健康増進財団,462-0844,愛知県名古屋市北区清水一丁目１８番４,136.91072468,35.18640045,geocoding,
A230151,医療法人　葵鐘会　フォレストベルクリニック,463-0001,愛知県名古屋市守山区上志段味羽根前６００－２,137.03471479,35.25323777,geocoding,
A230222,もりやま糖尿病・甲状腺クリニック,463-0011,愛知県名古屋市守山区小幡２－４－７,136.97702414,35.20769502,geocoding,6
A230158,医療法人　静稜会　きたやまファミリークリニック,463-0011,愛知県名古屋市守山区小幡５－１４－４１,136.98500686,35.20339014,geocoding,
A230127,ようていファミリークリニック藤が丘,463-0034,愛知県名古屋市守山区四軒家２－７０２,137.01806185,35.1926951,geocoding,
A230063,医療法人　順秀会　守山内科・守山健康管理センター,463-0070,愛知県名古屋市守山区新守山９０１,136.94456278,35.2049222,geocoding,
A230044,おがわ内科クリニック,463-0079,愛知県名古屋市守山区幸心１－２２８,136.94496544,35.20810789,geocoding,
A230030,咲江レディスクリニック,464-0066,愛知県名古屋市千種区池下町２－１５ハクビ池下ビル５階,136.94645029,35.16840232,geocoding,
A230209,せんだファミリークリニック,464-0083,愛知県名古屋市千種区北千種２－５－３０,136.94974112,35.17993678,geocoding,6
A230003,医療法人　順秀会　東山内科・東山健康管理センター,464-0807,愛知県名古屋市千種区東山通５－１０３,136.97243155,35.15994837,geocoding,
A230153,医療法人　順秀会　メディカルパーク今池,464-0850,愛知県名古屋市千種区今池１－８－８今池ガスビル２階,136.93645945,35.16893527,geocoding,
A230069,安藤内科外科医院,464-0850,愛知県名古屋市千種区今池４－５－１８,136.94108958,35.16944644,geocoding,
A230009,一般社団法人　オリエンタル労働衛生協会,464-8691,愛知県名古屋市千種区今池１－８－４,136.93604281,35.16902968,geocoding,
A230227,藤が丘ｅｆｆｅファミリークリニック,465-0032,愛知県名古屋市名東区藤が丘１７０－４藤が丘エフ２Ｆ,137.021859,35.18233553,geocoding,6
A230133,照が丘クリニック,465-0042,愛知県名古屋市名東区照が丘６１,137.02359218,35.18131905,geocoding,
A230115,若月こどもとアレルギーのクリニック,465-0069,愛知県名古屋市名東区高針荒田１９０１,136.99253277,35.14769792,geocoding,
A230219,医療法人　桂名会　木村病院,465-0087,愛知県名古屋市名東区名東本通２－２２－１,136.99147142,35.16046543,geocoding,6
A230224,医療法人杉山会　すぎやま病院,465-0092,愛知県名古屋市名東区社台３－１０,137.00200869,35.17495818,geocoding,6
A230180,さとう乳腺内科・健診クリニック,465-0093,愛知県名古屋市名東区一社２－８オオタ一社ビル３Ｆ,136.99705672,35.16810897,geocoding,
A230220,白水クリニック,466-0824,愛知県名古屋市昭和区山里町１５９－１,136.96497138,35.14315616,geocoding,6
A230145,医療法人いつき会　いつきクリニック石川橋,466-0842,愛知県名古屋市昭和区檀溪通５－２６,136.94514023,35.13956182,geocoding,
A230113,医療法人　みらいクリニック,466-0855,愛知県名古屋市昭和区川名本町３－６４,136.94078484,35.1504686,geocoding,
A230175,メドック健康クリニック,466-0857,愛知県名古屋市昭和区安田通４－３,136.94501488,35.15413492,geocoding,
A230120,ＴＫクリニック,467-0017,愛知県名古屋市瑞穂区東栄町８－５,136.93517479,35.1327288,geocoding,
A230054,医療法人　明宣会　奥田内科クリニック,467-0047,愛知県名古屋市瑞穂区日向町２－９－３,136.94980419,35.12188355,geocoding,
A230189,医療法人　誠彰会　服部医院,467-0825,愛知県名古屋市瑞穂区柳ケ枝町１－３４－１階,136.92197087,35.12122103,geocoding,
A230144,天白宮田クリニック,468-0008,愛知県名古屋市天白区一本松２－１１０２,136.98504744,35.13743254,geocoding,
A230192,医療法人　Ｂａｉｓｕｌｌｅｎ　天白橋内科内視鏡クリニック,468-0015,愛知県名古屋市天白区原１－１０２,136.99460514,35.12552338,geocoding,
A230160,ばんのクリニック,468-0028,愛知県名古屋市天白区島田黒石７１０－１,136.99106126,35.10932818,geocoding,
A230049,医療法人　春陽会　サクラクリニック,468-0033,愛知県名古屋市天白区一つ山２－６,136.97854032,35.11269956,geocoding,
A230129,しまだ中央クリニック,468-0041,愛知県名古屋市天白区保呂町１７０８－２,136.96716647,35.11582375,geocoding,
A230216,医療法人健美会　元八事整形外科形成外科,468-0066,愛知県名古屋市天白区元八事１－２４２,136.96470264,35.12193406,geocoding,6
A230218,いさじ医院,468-0074,愛知県名古屋市天白区八幡山１４１３,136.97688722,35.13139983,geocoding,6
A230007,医療法人　大医会　日進おりど病院　予防医学推進・研究センター,470-0115,愛知県日進市折戸町西田面１１０,137.04120302,35.12336318,geocoding,
A230156,たなか内科,470-0162,愛知県愛知郡東郷町大字春木字新地３７番地,137.0265051,35.10275461,geocoding,
A230016,医療法人　名翔会　和合セントラルクリニック,470-0162,愛知県愛知郡東郷町大字春木字白土１－１８８４,137.03153786,35.10506269,geocoding,
A230022,みすクリニック,470-0224,愛知県みよし市三好町小坂７５三好医療モール２Ｆ,137.07557253,35.08975717,geocoding,
A230176,近藤クリニック,470-0333,愛知県豊田市荒井町松島３７０－１,137.17501716,35.10391199,geocoding,
A230075,医療法人　九愛会　中京サテライトクリニック,470-1101,愛知県豊明市沓掛町石畑１８０－１,137.03364154,35.07271134,geocoding,
A230163,医療法人　赫和会　杉石病院,470-2357,愛知県知多郡武豊町向陽１－１１７,136.91120424,34.84832181,geocoding,
A230188,小早川整形外科・内科,471-0006,愛知県豊田市市木町５－１－２,137.1997341,35.09964071,geocoding,
A230023,医療法人　三健会　知立ファミリークリニック,472-0025,愛知県知立市池端２－１７,137.03881169,35.0042872,geocoding,
A230204,医療法人　松井みみはなクリニック,472-0055,愛知県知立市鳥居１－１２－１３,137.03324846,35.002615,geocoding,6
A230187,医療法人　なりたクリニック,473-0905,愛知県豊田市住吉町上根１－３,137.122646,35.03591155,geocoding,
A230014,医療法人　豊昌会　豊田健康管理クリニック,473-0907,愛知県豊田市竜神町新生１５１－２,137.13002546,35.04930208,geocoding,
A230221,医）メディライフ　半田ファミリークリニック,475-0017,愛知県半田市有脇町１３－８９－１,136.95998706,34.9369,geocoding,6
A230166,医療法人ＯＳＣ　乙川さとうクリニック,475-0062,愛知県半田市飯森町５８－４,136.94785319,34.91420789,geocoding,
A230164,医療法人　高橋医院,475-0081,愛知県半田市平地町３－７７－２,136.95466907,34.91397478,geocoding,
A230167,医療法人　春田内科,475-0836,愛知県半田市青山７－１２－２０,136.90508933,34.87658684,geocoding,
A230165,医療法人　親理会　中町クリニック,475-0855,愛知県半田市中町４－１９－１,136.92557578,34.88798182,geocoding,
A230168,医療法人　知多クリニック,475-0871,愛知県半田市本町７－２０,136.9331304,34.89633975,geocoding,
A230211,やすいこどもとアレルギーのクリニック,476-0003,愛知県東海市荒尾町二本木７５,136.90623679,35.036563,geocoding,6
A230212,如来山内科・外科クリニック,476-0014,愛知県東海市富貴ノ台２－１６５,136.9029095,35.03242454,geocoding,6
A230110,石橋クリニック,477-0031,愛知県東海市大田町下前田２２－１,136.90595414,35.01646523,geocoding,
A230213,みわホームクリニック,477-0031,愛知県東海市大田町蟹田１０７８,136.89372236,35.01841756,geocoding,6
A230084,内科外科日比野クリニック,477-0032,愛知県東海市加木屋町樋４９－１,136.90763512,35.00507214,geocoding,
A230214,久野整形外科,477-0037,愛知県東海市高横須賀町家下５０,136.89298959,35.00857141,geocoding,6
A230141,医療法人　平病院　平クリニック,478-0031,愛知県知多市旭３－１００,136.84451472,34.95346842,geocoding,
A230111,（医）医新会　内山クリニック,478-0063,愛知県知多市寺本新町１－１２２,136.87675325,34.99653594,geocoding,
A230206,本郷安富クリニック,479-0853,愛知県常滑市本郷町１－４０７,136.83705236,34.91036431,geocoding,6
A230205,安富医院,479-0866,愛知県常滑市大野町１０－７２,136.82792798,34.93333519,geocoding,6
A230152,医療法人　医仁会　さくら総合病院,480-0127,愛知県丹羽郡大口町新宮１－１２９,136.9205849,35.32952934,geocoding,
A230174,今井医院,480-0142,愛知県丹羽郡大口町中小口１－１９,136.91224044,35.34798332,geocoding,
A230226,医療法人陽和会　春日井リハビリテーション病院,480-0304,愛知県春日井市神屋町７０６,137.03166517,35.30515389,geocoding,6
A230199,片場北クリニック,481-0002,愛知県北名古屋市片場天王森４０－１,136.89543487,35.24550467,geocoding,
A230090,なるみやクリニック,481-0004,愛知県北名古屋市鹿田栄１７１－１,136.87559836,35.24277929,geocoding,
A230210,徳重クリニック,481-0004,愛知県北名古屋市鹿田神明附２６,136.87487003,35.25693587,geocoding,6
A230061,医療法人倫紀会　いぶき野クリニック,481-0006,愛知県北名古屋市熊之庄宮地１０,136.8847575,35.26156313,geocoding,
A230134,ようていファミリークリニック,481-0006,愛知県北名古屋市熊之庄宮地９７,136.88772386,35.26123821,geocoding,
A230128,医療法人　羊蹄会　ようてい健康増進クリニック,481-0033,愛知県北名古屋市西之保三町地３－１,136.86570505,35.24263175,geocoding,
A230126,医療法人　羊蹄会　ようてい中央クリニック,482-0003,愛知県岩倉市曽野町郷前１７,136.87846619,35.26928424,geocoding,
A230039,村上内科,484-0072,愛知県犬山市丸山天白町１９６,136.95124881,35.38314582,geocoding,
A230018,吉田医院,485-0029,愛知県小牧市中央１－２２３,136.92629445,35.29024386,geocoding,
A230048,医療法人双寿会　塚原外科・内科,485-0029,愛知県小牧市中央２－１８５,136.92841663,35.2876275,geocoding,
A230091,医療法人　純正会　小牧第一病院,485-0029,愛知県小牧市中央５－３９,136.9303915,35.2871137,geocoding,
A230045,医療法人　喜光会　北里クリニック,485-0057,愛知県小牧市小木西３－５３,136.88856223,35.27255036,geocoding,
A230172,医療法人　羊蹄会　小牧ようてい記念病院,485-0077,愛知県小牧市西之島字丁田１９６３番地,136.89614136,35.29514795,geocoding,
A230162,わかばこどもクリニック,486-0824,愛知県春日井市割塚町５８ドエルマルモ１Ｆ,136.98507785,35.24519737,geocoding,
A230217,春見あおいクリニック,486-0837,愛知県春日井市春見町５６－５,136.97389224,35.2495788,geocoding,6
A230105,岡島内科,486-0926,愛知県春日井市小野町６－２９,136.96511885,35.2256666,geocoding,
A230170,医療法人　深見医院,487-0016,愛知県春日井市高蔵寺町北２－１８,137.03804766,35.26467256,geocoding,
A230149,医療法人旭街道にしかわ内科クリニック,488-0055,愛知県尾張旭市北山町六反田２１,137.03925637,35.20790493,geocoding,
A230184,せとかいどう花井クリニック,488-0840,愛知県尾張旭市印場元町３－４－５,137.00992624,35.20939799,geocoding,
A230074,医療法人　りぼん会　小野クリニック,490-1106,愛知県あま市小路３－９－６,136.8124982,35.20560687,geocoding,
A230086,木村クリニック,491-0078,愛知県一宮市松降通７－２２,136.80821742,35.31496646,geocoding,
A230139,いそむらファミリークリニック,491-0083,愛知県一宮市丹羽字古屋敷７２－１,136.8161665,35.31637205,geocoding,
A230040,酒井内科,491-0353,愛知県一宮市萩原町萩原替土４３,136.75538788,35.28320524,geocoding,
A230085,かじうらファミリークリニック,492-8062,愛知県稲沢市下津住吉町２２,136.82826898,35.26002041,geocoding,
A230032,医療法人かわい皮フ科クリニック,494-0001,愛知県一宮市開明字菖蒲田２１－３,136.75696179,35.31606225,geocoding,
A230102,医療法人　あいち健康クリニック,496-0048,愛知県津島市藤里町２－５,136.73242277,35.18014701,geocoding,
A230088,増田医院,497-0040,愛知県海部郡蟹江町城２－４９６,136.79405248,35.13355259,geocoding,
A230215,成山ひだまりクリニック,497-0050,愛知県海部郡蟹江町学戸１－３９,136.78375877,35.13708232,geocoding,6
A210012,医療法人　凌峯会　小島内科クリニック,500-8156,岐阜県岐阜市祈年町１０－３８,136.77299708,35.40438922,geocoding,
A210066,阪野クリニック,500-8178,岐阜県岐阜市清住町１－２２,136.76212586,35.4127159,geocoding,
A210020,医療法人社団　明徳会　はしもと内科,500-8225,岐阜県岐阜市岩地１－２－８,136.80727928,35.41060281,geocoding,
A210070,おひさま診療所,500-8267,岐阜県岐阜市茜部寺屋敷２－７８,136.75058707,35.37659778,geocoding,
A210017,あかなべクリニック,500-8269,岐阜県岐阜市茜部中島１－２５－１,136.75175287,35.39342929,geocoding,
A210059,医療法人社団　茜会　竹内医院,500-8283,岐阜県岐阜市茜部野瀬３－１３６,136.74511281,35.37405385,geocoding,
A210072,森内科クリニック,500-8323,岐阜県岐阜市鹿島町５－１８,136.73898162,35.41485984,geocoding,
A210077,つちや整形外科婦人科クリニック,500-8359,岐阜県岐阜市六条北２－１０－９,136.74255378,35.40114497,geocoding,
A210034,岐阜メイツ睡眠クリニック,500-8384,岐阜県岐阜市薮田南４－１５－２０,136.71797157,35.39046264,geocoding,
A210055,今嶺はしもと内科,500-8388,岐阜県岐阜市今嶺１－２８－９,136.7155049,35.39963905,geocoding,
A210075,髙橋レディースクリニック,500-8819,岐阜県岐阜市千石町２－２１－５－３Ｆ,136.75319333,35.42500315,geocoding,6
A210039,西野町クリニック,500-8882,岐阜県岐阜市西野町４－４３,136.75449313,35.42620854,geocoding,
A210004,広瀬内科クリニック,501-0222,岐阜県瑞穂市別府１０７４－１,136.6921778,35.39325614,geocoding,
A210054,平岡医院,501-2601,岐阜県関市武芸川町谷口８３４番地,136.82639381,35.54439761,geocoding,
A210080,医療法人社団稲葉会　芥見診療所,501-3132,岐阜県岐阜市芥見長山３－１０４,136.84952585,35.45385353,geocoding,6
A210014,石原産婦人科,501-3146,岐阜県岐阜市芥見嵯峨２－１４５,136.84190503,35.43984115,geocoding,
A210035,医療法人社団秀徳会　川村医院,501-3928,岐阜県関市西田原１３２１,136.94694837,35.45828387,geocoding,
A210051,さわやか内科クリニック,501-3944,岐阜県関市山田８２３－１,136.86082698,35.46951361,geocoding,
A210063,岐阜なかの内科・内視鏡クリニック,501-6115,岐阜県岐阜市柳津町丸野３－３－６カラフルタウン岐阜１Ｆ,136.72980127,35.3635389,geocoding,
A210001,一般社団法人　ぎふ綜合健診センター,501-6133,岐阜県岐阜市日置江４－４７,136.70396367,35.3682124,geocoding,
A210008,医療法人社団　平成会　渡邉医院,501-6241,岐阜県羽島市竹鼻町２２－１,136.70373851,35.32083669,geocoding,
A210065,増田医院,502-0002,岐阜県岐阜市粟野東４－２６－２,136.78420466,35.4876975,geocoding,
A210025,小倉医院,502-0047,岐阜県岐阜市長良葵町１－２－３,136.77594818,35.44641948,geocoding,
A210058,医療法人社団　正芳会　細野医院,502-0814,岐阜県岐阜市福光西３－９－１３,136.76787113,35.45655697,geocoding,
A210067,医療法人社団　豊正会　大垣中央病院,503-0025,岐阜県大垣市見取町４－２,136.61496643,35.36589671,geocoding,
A210045,国保関ケ原診療所,503-1514,岐阜県不破郡関ケ原町大字関ケ原２４９０－２９,136.46643196,35.35944812,geocoding,
A210079,医療法人寿康会　村上医院耳鼻咽喉科,504-0803,岐阜県各務原市蘇原東門町２－７８,136.87995438,35.42040881,geocoding,
A210062,そはら永田クリニック,504-0806,岐阜県各務原市蘇原外山町２－７１－１,136.87284672,35.42069459,geocoding,
A210010,医療法人　如水会　いちょう通り　藤村クリニック,504-0815,岐阜県各務原市蘇原東栄町２－１００－１,136.87528871,35.40816871,geocoding,
A210060,いなばファミリークリニック,504-0926,岐阜県各務原市上中屋町４－４３,136.85711087,35.38036044,geocoding,
A210015,一般財団法人　岐阜健康管理センター　すこやかクリニック,505-0046,岐阜県美濃加茂市西町２－４３,137.00301543,35.4448747,geocoding,
A210042,安藤クリニック,507-0034,岐阜県多治見市豊岡町３－６５,137.12779649,35.33501582,geocoding,
A210053,医療法人社団　後藤医院,507-0901,岐阜県多治見市笠原町３１１０－１,137.15636036,35.29999038,geocoding,
A210033,ＭＩＳＴクリニック,508-0037,岐阜県中津川市えびす町７－３０ＩＳＨＩＸ駅前ビル５階,137.50723597,35.49597715,geocoding,
A210061,恒川医院,509-0125,岐阜県各務原市鵜沼南町５－３６,136.94258563,35.39683295,geocoding,
A210068,医療法人　梶の木会　梶の木内科医院,509-0201,岐阜県可児市川合２３４０－１,137.05865177,35.43997145,geocoding,
A210069,医療法人　みなもり内科クリニック,509-0202,岐阜県可児市中恵土１８８５,137.0693458,35.42862856,geocoding,
A210047,医療法人社団　厚洋会　垣内クリニック,509-4243,岐阜県飛騨市古川町貴船町１１－３２,137.1908886,36.22971966,geocoding,
A210056,一般財団法人　ききょうの丘健診プラザ,509-5127,岐阜県土岐市土岐ヶ丘２－１２－１,137.16887286,35.34199206,geocoding,
A210073,東濃中央クリニック,509-6134,岐阜県瑞浪市松ケ瀬町１－１４－１,137.24720908,35.36929429,geocoding,
A240019,かっさいレディースクリニック,510-0035,三重県四日市市陶栄町２－２,136.62545652,34.97754376,geocoding,
A240042,ＫＫＣウエルネス四日市健診クリニック,510-0891,三重県四日市市日永西３－５－３７,136.59439839,34.95190969,geocoding,
A240043,医療法人　田中外科,510-8101,三重県三重郡朝日町縄生５４４－１,136.6713319,35.03798181,geocoding,6
A240044,医療法人ＳＵＮＲＩＳＥ　あさひクリニック,510-8105,三重県三重郡朝日町向陽台２－１６－２,136.65566641,35.03677274,geocoding,6
A240014,医療法人　温知会　いとう医院,511-0914,三重県桑名市中山町４０,136.62442981,35.06829992,geocoding,
A240040,やなもと内科・内視鏡内科,512-8045,三重県四日市市萱生町５８１,136.60262524,35.03071964,geocoding,
A240017,医療法人　みやこクリニック,512-8065,三重県四日市市千代田町３０７－１,136.62615423,35.02994264,geocoding,
A240002,小西内科クリニック,513-0053,三重県鈴鹿市中箕田町１１２４－６,136.61305637,34.88110989,geocoding,
A240045,竹島医院,513-0801,三重県鈴鹿市神戸２－２１－１５,136.57774834,34.88171222,geocoding,6
A240038,白鳳クリニック,513-0831,三重県鈴鹿市庄野町２５５０,136.50908045,34.88806966,geocoding,
A240037,医療法人　九愛会　中京サテライトクリニック三重,513-0831,三重県鈴鹿市庄野町字久保８６６,136.52697086,34.8860312,geocoding,3
A240039,医療法人社団　結樹会　スターフィールドクリニック鈴鹿,513-0834,三重県鈴鹿市庄野羽山４－１－２イオンモール鈴鹿２Ｆ,136.53165427,34.87181858,geocoding,
A240007,小西ヒフ科医院,514-0004,三重県津市栄町２－４５７,136.51249852,34.73110981,geocoding,
A240030,あのつクリニック,514-0061,三重県津市一身田上津部田１８１７,136.50129092,34.74830118,geocoding,
A240034,医療法人　津健康クリニック,514-0062,三重県津市観音寺町７９９－７,136.50119972,34.73688639,geocoding,
A240008,緑の街医院,514-0064,三重県津市長岡町３０１８－３緑の街バス停前,136.48579035,34.74136603,geocoding,
A240028,大久保クリニック,515-0056,三重県松阪市宝塚町１５０９－５,136.5158969,34.55201754,geocoding,
A240032,医療法人　藤井整形外科胃腸科,515-1105,三重県松阪市大河内町７７７,136.47692673,34.52639171,geocoding,
A240011,橋上医院,516-0037,三重県伊勢市岩渕２－２－３,136.71355522,34.48749183,geocoding,6
A240005,おざき内科クリニック,516-0805,三重県伊勢市御薗町高向６８６－２７,136.69806493,34.49752051,geocoding,
A240013,医療法人　まちし会　まちしクリニック,519-1412,三重県伊賀市下柘植１０９２,136.21813865,34.82934181,geocoding,
A250021,松島産婦人科医院,520-0027,滋賀県大津市錦織３－６－２２,135.85950368,35.0288248,geocoding,
A250005,きづみのるクリニック,520-0047,滋賀県大津市浜大津１－２－２５,135.86399522,35.01094349,geocoding,
A250060,田中診療所,520-0105,滋賀県大津市下阪本６－１２－２４,135.88489696,35.06822029,geocoding,
A250057,医療法人　滋賀勤労者保健会　坂本民主診療所,520-0113,滋賀県大津市坂本６－２５－３０,135.87336211,35.07466366,geocoding,
A250064,山岡医院,520-0113,滋賀県大津市坂本６－２７－２１,135.87243171,35.07164457,geocoding,
A250007,医療法人　湖明会　たかはし内科・循環器内科医院,520-0232,滋賀県大津市真野１－３－４５,135.91317907,35.12158331,geocoding,
A250031,医療法人　恵和会　林内科クリニック,520-0241,滋賀県大津市今堅田二丁目１６番１１号,135.91756753,35.12278044,geocoding,
A250013,よしだクリニック,520-0242,滋賀県大津市本堅田３－１８－３,135.91663718,35.11430637,geocoding,
A250036,医療法人誠尽会　ほんだクリニック,520-0246,滋賀県大津市仰木の里７－１－９,135.89400902,35.10816514,geocoding,
A250023,坂部医院,520-0801,滋賀県大津市におの浜３－５－１５大津アクアエール１階,135.88426843,35.00434996,geocoding,
A250061,医療法人　石場診療所,520-0805,滋賀県大津市石場９－６,135.87607195,35.00282777,geocoding,
A250071,髙槻医院,520-0807,滋賀県大津市松本２－４－３,135.8730333,35.00639687,geocoding,6
A250055,谷医院,520-0822,滋賀県大津市秋葉台６－３９,135.88519343,34.99198721,geocoding,
A250014,粟津診療所,520-0833,滋賀県大津市晴嵐１－１９－２６,135.90261385,34.98411622,geocoding,
A250008,医療法人博悠会　かわむら医院,520-0854,滋賀県大津市鳥居川町４－２５,135.90101666,34.97432281,geocoding,
A250040,医療法人　景湖　ピュアクリニック,520-1604,滋賀県高島市今津町浜分６７－１２８,136.04539825,35.41678081,geocoding,
A250001,一般財団法人近江愛隣園　今津病院,520-1605,滋賀県高島市今津町南新保８７－１,136.04267389,35.40701795,geocoding,
A250003,医療法人　玉川医院,520-2141,滋賀県大津市大江５－３３－５,135.9251753,34.97708168,geocoding,
A250063,医療法人　緑生会　南大津クリニック,520-2263,滋賀県大津市大石中１－６－６,135.91318065,34.9107876,geocoding,
A250068,医療法人吉川医院,520-2401,滋賀県野洲市吉川９２８,135.98981174,35.12453434,geocoding,
A250065,ＫＫＣウエルネス栗東健診クリニック,520-3016,滋賀県栗東市小野５０１－１,136.009636,35.02153869,geocoding,
A250032,医療法人　小川診療所,520-3107,滋賀県湖南市石部東２－５－３８,136.06301383,35.00988216,geocoding,
A250042,医療法人　寺井医院,520-3332,滋賀県甲賀市甲南町希望ケ丘本町６－８５７－８１,136.17586921,34.94243872,geocoding,
A250066,ＫＫＣウエルネスひこね健診クリニック,522-0010,滋賀県彦根市駅東町１５番１近江鉄道ビル２階,136.26478276,35.27247179,geocoding,
A250028,医療法人　田中クリニック,522-0056,滋賀県彦根市開出今町１５１６－１８,136.22893661,35.261855,geocoding,
A250051,医療法人　玄一会　なかつか内科医院,522-0223,滋賀県彦根市川瀬馬場町１０７９－１,136.22778766,35.22573171,geocoding,
A250026,医療法人社団　まつだクリニック,523-0893,滋賀県近江八幡市桜宮町２１１－３,136.09604517,35.12845476,geocoding,
A250004,ヤザマ内科医院,524-0052,滋賀県守山市大門町５６－１,135.97540041,35.05456435,geocoding,
A250034,医療法人　柊英会　佐々木クリニック,526-0845,滋賀県長浜市小堀町８０－１,136.29033421,35.38964951,geocoding,
A250016,医療法人社団　広島外科整形外科医院,527-0021,滋賀県東近江市八日市東浜町１－２７,136.19970958,35.11423292,geocoding,
A250035,医療法人社団　平川クリニック,528-0036,滋賀県甲賀市水口町東名坂１８４－２,136.17124373,34.9799985,geocoding,
A250059,医療法人　木村医院,528-0041,滋賀県甲賀市水口町虫生野１０１５－９,136.15363509,34.95107364,geocoding,
A250047,医療法人　やまぐち内科クリニック,529-1444,滋賀県東近江市五個荘石塚町２４－７,136.18125309,35.14595706,geocoding,
A270555,しまなみクリニック　大阪駅前第３ビル診療所,530-0001,大阪府大阪市北区梅田１－１－３大阪駅前第３ビル１８Ｆ,135.49929584,34.69888098,geocoding,6
A270591,医療法人星敬会　西梅田シティクリニック,530-0001,大阪府大阪市北区梅田２－１－１８富士ビル２Ｆ・３Ｆ,135.49545447,34.69938081,geocoding,6
A270247,医療法人メディカル春日会　革嶋クリニック,530-0001,大阪府大阪市北区梅田２－４－１３阪神産経桜橋ビル２階,135.49360743,34.69831423,geocoding,
A270389,今村クリニック,530-0001,大阪府大阪市北区梅田３－１－１サウスゲートビル１７Ｆ,135.49566826,34.70239987,geocoding,
A270577,医療法人徳洲会　ＴＩＭＣ　ＯＳＡＫＡ,530-0001,大阪府大阪市北区梅田３－２－２ＪＰタワー大阪１１Ｆ,135.49399067,34.70050285,geocoding,6
A270362,医療法人　京星会　ＪＯＨメディカルクリニック,530-0002,大阪府大阪市北区曽根崎新地１－４－２０　桜橋ＩＭビル２Ｆ,135.4988598,34.69742836,geocoding,
A270288,福永診療所,530-0003,大阪府大阪市北区堂島２－１－４３地下１階,135.49521291,34.69599234,geocoding,
A270267,一般財団法人　日本予防医学協会　附属診療所　ウェルビーイング大阪堂島,530-0004,大阪府大阪市北区堂島浜１－２７大阪堂島浜タワー,135.49994588,34.69574804,geocoding,4
A270523,医療法人　大阪桜十字　桜十字グランフロント大阪クリニック,530-0011,大阪府大阪市北区大深町３－１グランフロント大阪北館６階,135.49462937,34.70534947,geocoding,
A270074,一般社団法人恵生会　恵生会アプローズタワークリニック,530-0013,大阪府大阪市北区茶屋町１９－１９阪急茶屋町ビルディング７Ｆ,135.49832342,34.70806312,geocoding,
A270548,医療法人　阪急共栄会　東阪急クリニック,530-0017,大阪府大阪市北区角田町１－１２阪急ファイブアネックス６Ｆ,135.50118719,34.70446923,geocoding,
A270341,梅田ＮＯＲＩ　内科・消化器内科クリニック,530-0018,大阪府大阪市北区小松原町３－３ＯＳビル８階,135.5003262,34.70282774,geocoding,
A270270,医療法人　八杉クリニック,530-0033,大阪府大阪市北区池田町１－７５ストークマンション１０１～１０３,135.51545824,34.70624446,geocoding,
A270475,天神橋みやたけクリニック,530-0041,大阪府大阪市北区天神橋３－２－１３大阪謄写館ビル２階,135.51115045,34.6993757,geocoding,
A270052,まさこ女性クリニック,530-0041,大阪府大阪市北区天神橋４－１１－６ミクシーワンビル３Ｆ,135.51163632,34.70583052,geocoding,
A270006,医療法人　大阪健昌会　近畿健診センター,530-0047,大阪府大阪市北区西天満５－９－３アールビル本館２Ｆ,135.50735356,34.69803686,geocoding,
A270581,医療法人美和会　平成クリニック,531-0071,大阪府大阪市北区中津１－１１－６,135.49625684,34.71122376,geocoding,6
A270593,ヤマダ医院,531-0072,大阪府大阪市北区豊崎５－６－１０商業ビル１Ｆ,135.49838996,34.71228203,geocoding,6
A270530,のぞみハートクリニック,532-0003,大阪府大阪市淀川区宮原３－５－３６新大阪トラストタワー１Ｆ,135.49578986,34.73393489,geocoding,
A270560,まさもと耳鼻咽喉科アレルギー科,532-0003,大阪府大阪市淀川区宮原４－３－１２新大阪明幸ビル１０３号室,135.49451219,34.73554301,geocoding,6
A270452,医療法人　医伸会　高岡クリニック,532-0004,大阪府大阪市淀川区西宮原３－３－３－１０１,135.49059029,34.73882866,geocoding,
A270576,小林皮フ科クリニック,532-0005,大阪府大阪市淀川区三国本町３－３７－３５－３Ｆ,135.48339373,34.73726203,geocoding,6
A270468,医療法人　敬節会　西中島クリニック,532-0011,大阪府大阪市淀川区西中島３－２－１１,135.50127277,34.72587769,geocoding,
A270367,堀クリニック,532-0011,大阪府大阪市淀川区西中島５－９－５ＮＬＣ新大阪ビル６Ｆ,135.50038393,34.72837736,geocoding,
A270580,医療法人社団適塾会　よどがわ内科クリニック,532-0023,大阪府大阪市淀川区十三東２－９－１０十三駅前医療ビル２Ｆ,135.48308841,34.72025843,geocoding,6
A270187,医療法人　大阪健昌会　淀川健康管理センター,532-0024,大阪府大阪市淀川区十三本町１－１－９,135.48250516,34.71918633,geocoding,
A270383,医療法人　きぬがわ内科循環器内科,532-0025,大阪府大阪市淀川区新北野３－１２－７,135.4727784,34.71342575,geocoding,
A270337,医療法人　藤本医院,532-0035,大阪府大阪市淀川区三津屋南２－１７－１２,135.47096445,34.72549374,geocoding,
A270521,おおはらクリニック,533-0031,大阪府大阪市東淀川区西淡路１－１５－１０,135.50563617,34.73970115,geocoding,
A270569,Ｄｏｃｔｏｒ’ｓ　Ｆｉｔｎｅｓｓ診療所,533-0031,大阪府大阪市東淀川区西淡路１－１－９ビジネス新大阪１Ｆ,135.50397524,34.73460728,geocoding,6
A270299,医療福祉生活協同組合おおさか　淀川クリニック,534-0001,大阪府大阪市都島区毛馬町４－４－６,135.52152107,34.7235539,geocoding,
A270352,医療法人　こんどうクリニック,534-0011,大阪府大阪市都島区高倉町１－７－７,135.52990966,34.71390227,geocoding,
A270257,遠藤クリニック,534-0021,大阪府大阪市都島区都島本通３－１６－１０　福祉ビル１Ｆ,135.52845168,34.70800284,geocoding,
A270010,医療福祉生活協同組合　おおさか　都島クリニック,534-0021,大阪府大阪市都島区都島本通３－１７－１０,135.52726287,34.70800283,geocoding,
A270392,鈴木内科クリニック,534-0024,大阪府大阪市都島区東野田町２－９－７Ｋ２ビル１Ｆ,135.53171562,34.69815115,geocoding,
A270320,天津医院,535-0002,大阪府大阪市旭区大宮４－６－５,135.54578281,34.72877857,geocoding,
A270227,医療福祉生活協同組合おおさか　あかがわ生協診療所,535-0004,大阪府大阪市旭区生江２－８－８,135.53627545,34.72415675,geocoding,
A270476,医療法人輝晃会　北村医院,535-0005,大阪府大阪市旭区赤川４－１７－５,135.53092854,34.72827562,geocoding,
A270217,宮崎医院,535-0012,大阪府大阪市旭区千林２－８－１４,135.55136026,34.72450137,geocoding,
A270459,医療法人　優心会　千林クリニック,535-0021,大阪府大阪市旭区清水３－３－３３公平ビル２階,135.55666815,34.72376821,geocoding,
A270466,医療法人清水会　ミズノ胃腸科内科外科,535-0022,大阪府大阪市旭区新森３－３－３１,135.55277696,34.71982413,geocoding,
A270027,医療福祉生活協同組合おおさか　城東診療所,536-0004,大阪府大阪市城東区今福西１－１－３０,135.54893342,34.69814308,geocoding,
A270490,セントラルクリニック岡本,536-0005,大阪府大阪市城東区中央２－１５－１３ニュー京阪マンション１階,135.54346161,34.70515609,geocoding,
A270410,医療福祉生活協同組合おおさか　のえ生協診療所,536-0007,大阪府大阪市城東区成育４－２９－５,135.54466966,34.7101056,geocoding,
A270326,医療法人　池岡診療所　池岡クリニック,536-0008,大阪府大阪市城東区関目１－１８－１３,135.5494221,34.70631441,geocoding,
A270242,蒲生厚生診療所,536-0016,大阪府大阪市城東区蒲生３－１５－１２,135.54333673,34.70005109,geocoding,
A270450,おおにし内科・小児科,536-0021,大阪府大阪市城東区諏訪１－１６－４,135.56444871,34.68565308,geocoding,
A270065,医療法人　柳原医院,536-0023,大阪府大阪市城東区東中浜３－４－１,135.54498672,34.68224203,geocoding,
A270424,たるみファミリークリニック,536-0024,大阪府大阪市城東区中浜３－２４－７Ｍ＆Ｃビル３階,135.54465897,34.68307249,geocoding,
A270030,医療福祉生活協同組合おおさか　いまざと診療所,537-0012,大阪府大阪市東成区大今里１－２３－１２,135.54458961,34.67239033,geocoding,
A270495,医療法人朋愛会　朋愛病院,537-0012,大阪府大阪市東成区大今里１－２５－１１,135.54599225,34.67223481,geocoding,
A270122,医療法人　中田クリニック,537-0014,大阪府大阪市東成区大今里西１－６ー３３,135.5418121,34.67268749,geocoding,
A270585,医療法人社団ナイズ　キャップスクリニック今里,537-0014,大阪府大阪市東成区大今里西２－１６－９－１Ｆ,135.54102889,34.66867403,geocoding,6
A270332,竹井クリニック,537-0014,大阪府大阪市東成区大今里西３－１０－９　シティアーク今里平成館１階,135.54224547,34.66625208,geocoding,
A270312,医療法人健生会　福田診療所,537-0021,大阪府大阪市東成区東中本１－４－１７,135.54717262,34.68140604,geocoding,
A270388,医療法人　あさい内科　鶴橋なんばクリニック,537-0024,大阪府大阪市東成区東小橋３－１７－１大阪福助社ビル２Ｆ,135.53172149,34.66600474,geocoding,
A270529,三木医院,538-0032,大阪府大阪市鶴見区安田４－８－２,135.58903506,34.70741505,geocoding,
A270021,医療福祉生活協同組合おおさか,538-0042,大阪府大阪市鶴見区今津中３－７－９,135.57402278,34.69177757,geocoding,
A270454,医療法人　昌善会　良原診療所,538-0044,大阪府大阪市鶴見区放出東２－２１－２３,135.56564023,34.69049701,geocoding,
A270023,医療福祉生活協同組合おおさか　まった生協診療所,538-0052,大阪府大阪市鶴見区横堤３－６－７,135.57282001,34.70060712,geocoding,
A270240,医療福祉生活協同組合おおさか　コープおおさか病院,538-0053,大阪府大阪市鶴見区鶴見３－６－２２,135.56301257,34.70224841,geocoding,
A270579,医療法人社団　ナイズ　キャップスクリニック鶴見緑地,538-0053,大阪府大阪市鶴見区鶴見４－１７－１イオンモール鶴見緑地３Ｆ,135.5662678,34.70346779,geocoding,6
A270528,うえに生協診療所,540-0004,大阪府大阪市中央区玉造１－８－７,135.5305215,34.67532874,geocoding,
A270241,関西医科大学　天満橋総合クリニック,540-0008,大阪府大阪市中央区大手前１－７－３１ＯＭＭビル３階,135.51842514,34.69022695,geocoding,
A270588,クリニックフォア谷町四丁目,540-0026,大阪府大阪市中央区内本町１－２－１５谷四スクエアビル７Ｆ,135.51691984,34.68313328,geocoding,6
A270295,ながの内科クリニック,540-0036,大阪府大阪市中央区船越町２－２－１６ベルメゾン１０２号,135.51437274,34.68748274,geocoding,
A270561,医療法人　髙折医院,540-0036,大阪府大阪市中央区船越町２－３－２,135.51185348,34.68766877,geocoding,6
A270534,医療法人アストロイノベーション　淀屋橋クアトロアールクリニック,541-0041,大阪府大阪市中央区北浜２－１－７ＥＤＫビル８Ｆ,135.50595105,34.69212642,geocoding,
A270273,杉林内科クリニック,541-0043,大阪府大阪市中央区高麗橋１－５－１１北浜旭ビル２階,135.50781208,34.68967121,geocoding,
A270026,一般財団法人　大阪府結核予防会,541-0045,大阪府大阪市中央区道修町４－６－５,135.49850452,34.68825726,geocoding,
A270254,ＡＭＡ　Ｃｌｉｎｉｃ　淡路町院,541-0047,大阪府大阪市中央区淡路町３－２－１３ＺｅＬＫＯＶＡ　ＱＵＡＴＴＲＯ　３Ｆ,135.50344584,34.686727,geocoding,
A270272,医療法人　美明会　本町林クリニック,541-0053,大阪府大阪市中央区本町３－２－６本町ドリームビル１階,135.50288484,34.68331628,geocoding,
A270416,医療法人ラ・クォール会　ラ・クォール本町クリニック,541-0053,大阪府大阪市中央区本町３－５－２辰野本町ビル２階,135.50144329,34.68385507,geocoding,
A270382,医療法人　厚匠会　うえだ医院,541-0053,大阪府大阪市中央区本町４－２－１２東芝大阪ビル４Ｆ,135.50010174,34.68340509,geocoding,
A270002,一般社団法人　オリエンタル労働衛生協会　大阪支部　オリエンタル大阪健診センター,541-0056,大阪府大阪市中央区久太郎町１－９－２６　ＨＦ堺筋本町ビルディング,135.5068929,34.68139437,geocoding,6
A270229,船場医院　大山,541-0056,大阪府大阪市中央区久太郎町４－２－７,135.49864079,34.68153028,geocoding,
A270386,和田医院,541-0057,大阪府大阪市中央区北久宝寺町１－６－１４,135.50752898,34.68012786,geocoding,
A270481,クマタカ小林クリニック,541-0057,大阪府大阪市中央区北久宝寺町３－６－１１　せんば心斎橋クマタカビル４階,135.5013545,34.67987776,geocoding,
A270013,医療法人　政明会　春次医院,541-0059,大阪府大阪市中央区博労町２－６－１,135.50355436,34.67802247,geocoding,
A270286,医療法人　山田医院,542-0012,大阪府大阪市中央区谷町６－１７－２１,135.51316196,34.67399532,geocoding,
A270504,社会医療法人　寿楽会　ｍ・ｏクリニック,542-0073,大阪府大阪市中央区難波２－２－３御堂筋グランドビル１１Ｆ,135.49966603,34.66762915,geocoding,
A270068,医療法人　福慈会　福慈クリニック,542-0081,大阪府大阪市中央区南船場２－１－３フェニックス南船場３Ｆ,135.50592639,34.67770867,geocoding,
A270078,医療法人　翔永会　飯島クリニック,542-0081,大阪府大阪市中央区南船場３－５－１１,135.50181567,34.67549495,geocoding,
A270001,新長堀診療所,542-0082,大阪府大阪市中央区島之内１－１１－１８,135.50851793,34.67293425,geocoding,
A270296,アサイクリニック,542-0085,大阪府大阪市中央区心斎橋２－３－２４ジャパンライフビル３Ｆ,135.5016241,34.67179815,geocoding,
A270190,安田クリニック,542-0085,大阪府大阪市中央区心斎橋筋１－４－７安田ビル３Ｆ,135.50227402,34.67288693,geocoding,
A270542,クリニックフォア心斎橋ＰＡＲＣＯ,542-0085,大阪府大阪市中央区心斎橋筋１－８－３心斎橋ＰＡＲＣＯ　１０Ｆ,135.50096022,34.67382846,geocoding,
A270479,みきクリニック,543-0018,大阪府大阪市天王寺区空清町５－１８ＭＲＴビル２階,135.52362217,34.67297891,geocoding,
A270061,吉田耳鼻咽喉科,543-0042,大阪府大阪市天王寺区烏ケ辻１－１－１ＭＩビル６Ｆ,135.52735813,34.65806943,geocoding,
A270120,大谷クリニック,543-0042,大阪府大阪市天王寺区烏ケ辻１－３－２,135.52721649,34.65732229,geocoding,
A270595,たにやまクリニック,543-0044,大阪府大阪市天王寺区国分町１９－４寺田町クリニックビル２Ｆ,135.52423078,34.650598,geocoding,6
A270245,医療福祉生活協同組合おおさか　田島診療所,544-0023,大阪府大阪市生野区林寺５－１２－１８,135.53908502,34.64539877,geocoding,
A270526,医療法人　博寿会　横田医院,545-0011,大阪府大阪市阿倍野区昭和町１－１９－２８,135.51988988,34.63244997,geocoding,
A270182,医療法人　池田医院,545-0011,大阪府大阪市阿倍野区昭和町５－１１－１,135.5159627,34.6219205,geocoding,
A270234,仲原クリニック,545-0014,大阪府大阪市阿倍野区西田辺町２－３－２１　ルクレール鶴ヶ丘１Ｆ,135.51625998,34.61755429,geocoding,
A270150,川崎耳鼻咽喉科,545-0014,大阪府大阪市阿倍野区西田辺町２－９－５,135.51377134,34.61811256,geocoding,
A270518,まえさこ医院,545-0021,大阪府大阪市阿倍野区阪南町１－５１－７,135.51497646,34.63315819,geocoding,
A270132,医療法人　青葉会　田中外科医院,545-0021,大阪府大阪市阿倍野区阪南町５－２４－２０,135.51286858,34.62156776,geocoding,
A270175,勇村医院,545-0021,大阪府大阪市阿倍野区阪南町５－２５－１７,135.51205755,34.62160942,geocoding,
A270148,（医）山田医院,545-0023,大阪府大阪市阿倍野区王子町２－１２－１４,135.51003252,34.63211106,geocoding,
A270465,医療法人　冨吉医院,545-0042,大阪府大阪市阿倍野区丸山通１－３－４６,135.50688827,34.63729658,geocoding,
A270590,医療法人社団ナイズ　キャップスクリニックあべのキューズタウン,545-0052,大阪府大阪市阿倍野区阿倍野筋１－６－１　あべのキューズタウン１Ｆ,135.51155153,34.64554846,geocoding,6
A270333,川合内科・小児科,546-0012,大阪府大阪市東住吉区中野４－５－１８,135.53886621,34.618835,geocoding,
A270076,医療法人　はまだ医院,546-0014,大阪府大阪市東住吉区鷹合１－１４－７,135.52960321,34.61609622,geocoding,
A270042,医療法人　金子外科,546-0032,大阪府大阪市東住吉区東田辺２－２７－８,135.52670896,34.61878479,geocoding,
A270469,医療法人　玄竜会　田辺駅前クリニック,546-0044,大阪府大阪市東住吉区北田辺６－１６－３０,135.5259477,34.62841158,geocoding,
A270562,医療法人　上田外科医院,547-0012,大阪府大阪市平野区長吉六反３－４－２０,135.57910187,34.60459567,geocoding,6
A270571,医療法人社団ナイズ　キャップスクリニック長吉長原,547-0013,大阪府大阪市平野区長吉長原東２－２－３５　そよら長原駅前２Ｆ,135.57466346,34.60200697,geocoding,6
A270448,医療法人　飛龍会　福嶋クリニック,547-0024,大阪府大阪市平野区瓜破１－３－１２サンフレグランス１階,135.55095717,34.60665045,geocoding,
A270486,山口内科クリニック,547-0024,大阪府大阪市平野区瓜破５－２－２９,135.55480694,34.60293982,geocoding,
A270345,柳医院,547-0031,大阪府大阪市平野区平野南４－２－３,135.5591811,34.61742999,geocoding,
A270239,整形外科　ひろクリニック,547-0047,大阪府大阪市平野区平野元町９－２１クレードル,135.55138703,34.6300368,geocoding,
A270582,（医）聖会　池澤クリニック,550-0002,大阪府大阪市西区江戸堀１－１５－２７アルテビル肥後橋２Ｆ,135.49535192,34.69134846,geocoding,6
A270539,大谷クリニック,550-0003,大阪府大阪市西区京町堀１－９－９,135.49562145,34.68732674,geocoding,
A270252,医療法人　天方会　ＡＭＡＫＡＴＡ　ＣＬＩＮＩＣ,550-0005,大阪府大阪市西区西本町１－７－１９ワイダ本町ビル１階,135.49636871,34.68355499,geocoding,
A270248,医療法人良和会　松浦内科クリニック,550-0005,大阪府大阪市西区西本町３－１－１岡崎橋セントラルビル４階,135.48881657,34.68224388,geocoding,
A270557,医療法人社団　ナイズ　キャップスクリニック　阿波座,550-0012,大阪府大阪市西区立売堀６－３－８フレスポ阿波座２Ｆ,135.48472808,34.67988019,geocoding,6
A270300,慶生会クリニック大阪,550-0013,大阪府大阪市西区新町１－１８－１４ＪＳ四ツ橋ビル２階,135.49436346,34.67743901,geocoding,
A270266,いとう消化器クリニック,550-0015,大阪府大阪市西区南堀江１－２４－１,135.49354978,34.67178967,geocoding,
A270009,医療法人　厚生会　マイヘルスクリニック南堀江院,550-0015,大阪府大阪市西区南堀江３－１５－２６,135.48783084,34.67129519,geocoding,
A270181,柿原医院,551-0003,大阪府大阪市大正区千島１－１３－２３,135.47343818,34.6550386,geocoding,
A270139,医療法人愛信会　石村整形外科,551-0013,大阪府大阪市大正区小林西２－２－５,135.4701055,34.64408423,geocoding,
A270515,荘田診療所,551-0031,大阪府大阪市大正区泉尾１－８－１６,135.4750433,34.66303207,geocoding,
A270210,医療法人　天斗会　中山医院,552-0002,大阪府大阪市港区市岡元町２－４－１６,135.46722984,34.66979771,geocoding,
A270094,義元診療所,552-0004,大阪府大阪市港区夕凪２－１７－９,135.45128441,34.66084839,geocoding,
A270513,船員保険大阪健康管理センター,552-0021,大阪府大阪市港区築港１－８－２２,135.43509172,34.6538265,geocoding,
A270106,医療法人　優幸会　中村クリニック,553-0003,大阪府大阪市福島区福島７－６－２３－３０３,135.48675523,34.69757804,geocoding,
A270496,医療法人　大阪健昌会　福島健康管理センター,553-0004,大阪府大阪市福島区玉川２－１２－１６,135.47935595,34.69190639,geocoding,
A270499,医療法人　桜峰会　本場診療所,553-0005,大阪府大阪市福島区野田１－１－８６大阪市中央卸売市場　管理棟４階,135.47748963,34.68430729,geocoding,
A270143,前田ファミリークリニック,553-0007,大阪府大阪市福島区大開３－１－２－１２６,135.4680874,34.6898009,geocoding,
A270116,医療法人晴恵会　安田クリニック,554-0002,大阪府大阪市此花区伝法２－５－１,135.45683839,34.68867028,geocoding,
A270162,医療法人　寛友会　菊守耳鼻咽喉科,554-0014,大阪府大阪市此花区四貫島１－９－１０セントラルプラザ２Ｆ,135.45641359,34.68452629,geocoding,
A270186,公益財団法人　淀川勤労者厚生協会附属　此花診療所,554-0021,大阪府大阪市此花区春日出北１－１－２５,135.45234186,34.6824681,geocoding,
A270147,医療法人　板東医院,554-0022,大阪府大阪市此花区春日出中２－１８－２２,135.44928391,34.68025439,geocoding,
A270138,医療法人　田井内科クリニック,555-0001,大阪府大阪市西淀川区佃３－１９－１１ルネッサンスクレージュ１Ｆ,135.44239782,34.71393644,geocoding,
A270214,医療法人　大英診療所,555-0021,大阪府大阪市西淀川区歌島２－３－２,135.46332085,34.71306459,geocoding,
A270308,医療法人　黒川診療所,555-0025,大阪府大阪市西淀川区姫里１－２２－２３,135.45966841,34.70474615,geocoding,
A270396,社会医療法人　若弘会　わかこうかいクリニック,556-0005,大阪府大阪市浪速区日本橋４－７－１７,135.50608232,34.6589719,geocoding,
A270031,医療法人　徹仁会　木田内科消化器科クリニック,556-0011,大阪府大阪市浪速区難波中２－１０－７０　パークスタワー８階,135.50181875,34.6618854,geocoding,
A270592,医療法人理秀会　なんば南藤吉医院,556-0015,大阪府大阪市浪速区敷津西２－１－８インペリアル大国２Ｆ,135.49746927,34.65663874,geocoding,6
A270119,医療法人　入野医院,556-0016,大阪府大阪市浪速区元町２－３－１９ＴＣＡビル４Ｆ,135.49596647,34.66263524,geocoding,
A270051,医療法人　岡藤会　岡藤クリニック,556-0021,大阪府大阪市浪速区幸町１－２－２,135.49452756,34.66868729,geocoding,
A270124,桜川よしえクリニック,556-0022,大阪府大阪市浪速区桜川２－２－３１ザクロコーポレーションビル１Ｆ,135.49065014,34.66769567,geocoding,
A270152,松崎智彦診療所,556-0022,大阪府大阪市浪速区桜川２－２－３１ザクロコーポレーション桜川ビル２階,135.49065014,34.66769567,geocoding,
A270422,医療法人　満領会　有田医院,556-0022,大阪府大阪市浪速区桜川４－１１－１６アリタビル１Ｆ,135.48497015,34.66544863,geocoding,
A270538,特定医療法人　ダイワ会　大和中央病院,557-0025,大阪府大阪市西成区長橋１－２－７,135.49695842,34.64798974,geocoding,
A270225,医療法人　希望の道　大村医院,557-0031,大阪府大阪市西成区鶴見橋３－４－２０,135.48795934,34.64546771,geocoding,
A270460,大阪きづがわ医療福祉生活協同組合　西成民主診療所,557-0034,大阪府大阪市西成区松２－１－７,135.49230069,34.64138768,geocoding,
A270516,医療法人　神子田医院,557-0052,大阪府大阪市西成区潮路１－１－１９,135.4940395,34.63778533,geocoding,
A270230,森本診療所,557-0055,大阪府大阪市西成区千本南１－２３－２４　ウィングス２１　１Ｆ,135.49034842,34.62880856,geocoding,
A270443,新居内科,558-0032,大阪府大阪市住吉区遠里小野１－１０－２４,135.49776218,34.60025058,geocoding,
A270563,医療法人慶秋会　あきやまクリニック,558-0047,大阪府大阪市住吉区千躰２－２－９,135.49900358,34.60783868,geocoding,6
A270441,こだまクリニック,558-0055,大阪府大阪市住吉区万代３－１２－５,135.50465558,34.61855421,geocoding,
A270045,なかのクリニック,559-0003,大阪府大阪市住之江区安立４－４－７,135.48698823,34.59994226,geocoding,
A270551,社会医療法人　三宝会　南港病院,559-0011,大阪府大阪市住之江区北加賀屋２－１１－９,135.47649159,34.62113703,geocoding,
A270297,（医）ただクリニック,559-0015,大阪府大阪市住之江区南加賀屋３－２－１８多田メディカルビル１階,135.47380883,34.60662759,geocoding,
A270461,池川医院,559-0017,大阪府大阪市住之江区中加賀屋２－１８－９,135.47876646,34.6174125,geocoding,
A270110,医療法人　ふくだクリニック,559-0017,大阪府大阪市住之江区中加賀屋３－１０－１８ドリーム中加賀屋２Ｆ,135.47955251,34.61638207,geocoding,
A270218,耳鼻咽喉科すぎたクリニック,559-0024,大阪府大阪市住之江区新北島１－２－１オスカードリーム５Ｆ,135.47206728,34.60872176,geocoding,
A270471,花田内科医院,559-0024,大阪府大阪市住之江区新北島３－７－１,135.46761769,34.6076273,geocoding,
A270178,整形外科　にしのクリニック,559-0033,大阪府大阪市住之江区南港中２－１－９９,135.42679026,34.63145377,geocoding,
A270287,医療法人　実有会　小松クリニック,559-0034,大阪府大阪市住之江区南港北１－１７－１９－３０４,135.41510779,34.64102722,geocoding,6
A270090,滝広内科医院,560-0005,大阪府豊中市西緑丘３－２６－２８,135.47756765,34.81383119,geocoding,
A270570,かねしろクリニック,560-0011,大阪府豊中市上野西２－２０－２７エスコート本田１Ｆ,135.47266576,34.7961497,geocoding,6
A270114,菱谷医院,560-0012,大阪府豊中市上野坂１－６－１,135.47683754,34.79979104,geocoding,
A270423,仁科医院,560-0013,大阪府豊中市上野東１－３－２４,135.47211873,34.79019756,geocoding,
A270088,医療法人　緑和会　加地内科クリニック,560-0013,大阪府豊中市上野東３－８－２４,135.4779903,34.79709967,geocoding,
A270584,医療法人社団ナイズ　キャップスクリニック豊中駅前,560-0021,大阪府豊中市本町１－６－４京阪豊中ビル１Ｆ,135.46383612,34.78697008,geocoding,6
A270291,医療法人　ふじわら医院,560-0021,大阪府豊中市本町２－１－４５－１０１,135.45960865,34.7886893,geocoding,
A270339,医療法人　修和会　高橋内科胃腸科,560-0052,大阪府豊中市春日町４－２－１６－１０２　ライジング登代１階,135.46853789,34.81244509,geocoding,
A270237,江本医院,560-0055,大阪府豊中市柴原町３－１０－１４,135.46338306,34.80237389,geocoding,
A270564,医療法人はにかむ　ありたき小児科,560-0082,大阪府豊中市新千里東町１－１－３ＳＥＮＲＩＴＯよみうり３Ｆ,135.49422757,34.80801818,geocoding,6
A270235,医療法人　春水会　おの泌尿器科クリニック,560-0082,大阪府豊中市新千里東町１－４－２千里ライフサイエンスセンタービル１０階,135.49602733,34.8112623,geocoding,
A270102,医療法人　鳥辺医院,560-0082,大阪府豊中市新千里東町３－５－４,135.5032934,34.81301775,geocoding,
A270134,医療法人　井上内科クリニック,560-0085,大阪府豊中市上新田１－１０－２８サイドヒルコート１０１,135.49484441,34.80007182,geocoding,
A270442,重原内科小児科医院,561-0816,大阪府豊中市豊南町西３－３－１司マンション１０５号,135.48293525,34.75333798,geocoding,
A270198,医療法人　大野医院,561-0833,大阪府豊中市庄内幸町１－９－１６,135.46796705,34.75262954,geocoding,
A270540,城医院,561-0833,大阪府豊中市庄内幸町２－１２－４,135.46913365,34.75094085,geocoding,
A270146,医療法人　衣川医院,561-0864,大阪府豊中市夕日丘１－３－１２,135.47742956,34.78321785,geocoding,
A270171,医療法人　愛慈会　田中医院,561-0881,大阪府豊中市中桜塚２－２－２,135.46757209,34.77989869,geocoding,
A270117,医療法人　島越内科,561-0881,大阪府豊中市中桜塚２－２５－９,135.46879699,34.78001813,geocoding,
A270098,さとう医院,561-0881,大阪府豊中市中桜塚５－２０－３８,135.47601861,34.78094588,geocoding,
A270097,秦内科クリニック,561-0885,大阪府豊中市岡町６－１７,135.46561388,34.78103743,geocoding,
A270544,医療法人社団　ＤＥＮ　みいクリニックみのお,562-0001,大阪府箕面市箕面６－７－４５－２Ｆ,135.46743739,34.8319374,geocoding,
A270565,すえはら内科クリニック,562-0024,大阪府箕面市粟生新家４－１－１２,135.51540314,34.83605394,geocoding,6
A270349,医療法人　中西医院,562-0044,大阪府箕面市半町４－１－２７,135.46058021,34.81368647,geocoding,
A270438,医療法人　島田クリニック,563-0043,大阪府池田市神田１－１７－１３高木マンション１階,135.43016615,34.81284442,geocoding,6
A270221,つのおか循環器内科クリニック,563-0048,大阪府池田市呉服町１－１－１３６サンシティ池田１階,135.42491084,34.82142392,geocoding,
A270502,医療法人優美会　吉井クリニック,564-0051,大阪府吹田市豊津町１－２１エサカ中央ビル５階,135.49672003,34.76017075,geocoding,
A270280,医療法人　修孝会　林内科,564-0052,大阪府吹田市広芝町１０－４０（ＴＥＫ第１ビル３階）,135.49777275,34.75732388,geocoding,
A270578,大阪江坂胃腸内科・内視鏡クリニック,564-0052,大阪府吹田市広芝町５－２３ミライトビル１Ｆ,135.49906987,34.75679062,geocoding,6
A270008,大阪健康倶楽部　小谷診療所,564-0063,大阪府吹田市江坂町４－１０－１,135.49624771,34.76781154,geocoding,
A270436,井波医院,564-0082,大阪府吹田市片山町３－３７－３,135.52308411,34.76774813,geocoding,
A270268,さたけ内科クリニック,565-0836,大阪府吹田市佐井寺４－１１－１６,135.5148097,34.78381275,geocoding,
A270343,井上クリニック,565-0841,大阪府吹田市上山手町２１－２８,135.51810949,34.77611369,geocoding,
A270546,くもい耳鼻咽喉科,565-0842,大阪府吹田市千里山東４－６－１０ウェストフィールド７　１階　１号室,135.51542081,34.77950214,geocoding,
A270427,西村クリニック,565-0863,大阪府吹田市竹見台４－２－６,135.49992744,34.795714,geocoding,
A270589,医療法人社団ナイズ　キャップスクリニック千里丘,566-0001,大阪府摂津市千里丘１ー７ー７ブライトステラ摂津千里丘ノース４Ｆ,135.54943992,34.79174298,geocoding,6
A270258,医療法人　千里丘協立診療所,566-0011,大阪府摂津市千里丘東２－１２－１０,135.55375056,34.79066836,geocoding,
A270123,医療法人　やまもとクリニック,567-0816,大阪府茨木市永代町７－１０川崎ビル２階,135.57497578,34.81794121,geocoding,
A270189,医療法人　崇孝会　北摂クリニック,567-0826,大阪府茨木市大池１－１０－３７,135.57727017,34.81197242,geocoding,
A270014,医療法人　領愛会　大嶋クリニック,567-0829,大阪府茨木市双葉町８－１９,135.57719787,34.81630808,geocoding,
A270325,医療法人　進純会　さいとう内科クリニック,569-0055,大阪府高槻市西冠１－１２－８たかつき西冠ビル１階,135.62133257,34.83364009,geocoding,
A270321,医療法人　かとうクリニック,569-0081,大阪府高槻市宮野町３－１２サニープラザ南館,135.6382059,34.85272707,geocoding,
A270509,澤木内科・糖尿病クリニック,569-0804,大阪府高槻市紺屋町１－１－５０１Ａグリーンプラザたかつき１号館５階,135.61916779,34.85149683,geocoding,
A270558,医療法人槻陽会　きしもと耳鼻咽喉科クリニック,569-0804,大阪府高槻市紺屋町６－１９片岡ビル２Ｆ,135.61898179,34.85003862,geocoding,6
A270238,医療法人　入江会　末吉クリニック,569-0811,大阪府高槻市東五百住町３－７－２０,135.60014261,34.8373088,geocoding,
A270259,医療法人　庸愛会　富田町病院,569-0814,大阪府高槻市富田町６－１０－１,135.59439906,34.82875402,geocoding,
A270364,医療法人　島津会　宮田診療所,569-1142,大阪府高槻市宮田町２－５－２８,135.59154048,34.8426969,geocoding,
A270075,社会医療法人　愛仁会　愛仁会総合健康センター,569-1143,大阪府高槻市幸町４－３,135.5955011,34.84300536,geocoding,
A270085,医療法人　杉島医院,570-0037,大阪府守口市大枝北町１０－３,135.56731416,34.73393397,geocoding,
A270067,医療法人　祥輝会　冨樫クリニック,571-0002,大阪府門真市岸和田３－１－２６,135.61789857,34.72811881,geocoding,
A270559,医療法人俊弘会　室谷クリニック,571-0008,大阪府門真市東江端町１－１９サンピア２１－１Ｆ,135.61848751,34.72326937,geocoding,6
A270058,医療法人　清水会　門真クリニック　あいわ診療所,571-0048,大阪府門真市新橋町２－１２,135.58513482,34.73764221,geocoding,
A270003,けいはん医療生活協同組合　みどり診療所,571-0072,大阪府門真市城垣町２－３３,135.6134098,34.74184218,geocoding,
A270322,西田クリニック,572-0004,大阪府寝屋川市成田町２５－２,135.6397705,34.78133796,geocoding,
A270522,医療法人　協仁会　小松病院　健康管理センター,572-0015,大阪府寝屋川市川勝町８－２,135.63337398,34.76706184,geocoding,
A270005,けいはん医療生活協同組合　みい診療所,572-0019,大阪府寝屋川市三井南町２０－１７,135.63839567,34.77477486,geocoding,
A270545,医療法人　たかはし内科・循環器内科,572-0048,大阪府寝屋川市大利町２１－２寝屋川大利メディカルガーデンズ３Ｆ,135.61746142,34.76513694,geocoding,
A270024,医療法人　道仁会　道仁病院,572-0076,大阪府寝屋川市仁和寺本町３－９－６,135.59973527,34.76628097,geocoding,
A270378,はらだ内科クリニック,572-0838,大阪府寝屋川市八坂町１５－８中川ビル２Ｆ,135.62172218,34.76457038,geocoding,
A270510,一般財団法人　大阪府結核予防会　大阪複十字病院,572-0850,大阪府寝屋川市打上高塚町３－１０,135.64966732,34.75605768,geocoding,
A270340,医療法人春陽会　稲垣医院,573-0027,大阪府枚方市大垣内町１－１－５,135.65018597,34.81402328,geocoding,
A270467,医療法人　敬節会　敬節クリニック,573-0032,大阪府枚方市岡東町１２－３－４０２,135.64967764,34.81642578,geocoding,
A270244,医療法人　愛成会　愛成クリニック,573-0048,大阪府枚方市山之上西町３２－１５,135.64501442,34.80197997,geocoding,
A270440,中村医院,573-1107,大阪府枚方市楠葉中町４４－２３,135.68134577,34.86796001,geocoding,
A270556,医療法人清和会　松尾医院,573-1152,大阪府枚方市招提中町１－１－１,135.68058534,34.83529094,geocoding,6
A270328,医）貴和会　奥田クリニック,573-1191,大阪府枚方市新町１－７－７,135.64748617,34.81704233,geocoding,
A270503,医療法人　宏優会　たなか内科・循環器内科,573-1197,大阪府枚方市禁野本町２－７－２６－１０１,135.65605476,34.81960893,geocoding,
A270200,医療法人　皆秀会　皆川クリニック,574-0011,大阪府大東市北条１－５－３０,135.63991069,34.71934233,geocoding,
A270222,医療法人　桜美会　桜本外科・胃腸内科,574-0011,大阪府大東市北条２－９－１８,135.64227698,34.72653876,geocoding,
A270480,医療法人真輝会　浅田クリニック,574-0046,大阪府大東市赤井１－３－２３シャンテ三船Ⅲ１階,135.62079875,34.7081461,geocoding,
A270285,西村クリニック,575-0023,大阪府四條畷市楠公１－１４－６梨岡ハイツ１階,135.63886325,34.73229085,geocoding,
A270179,医療法人　河野医院,575-0023,大阪府四條畷市楠公２－１０－１２,135.64024924,34.7322492,geocoding,
A270514,医療法人　医翔会　おがわクリニック,576-0041,大阪府交野市私部西２－６－１メディカルテラスかたの１Ｆ,135.67459233,34.78446597,geocoding,
A270426,医療法人仁修会　城野内科医院,577-0013,大阪府東大阪市長田中１－１－５,135.58802449,34.67794887,geocoding,
A270070,おくだ内科医院,577-0013,大阪府東大阪市長田中１－５－１９エリスハイム田中１Ｆ,135.59106312,34.67773507,geocoding,
A270016,医療法人　総仁会　しのづかひらた医院,577-0034,大阪府東大阪市御厨南１－１－１２ユニティハウス１階,135.58841911,34.66531697,geocoding,
A270329,医療法人　青和会　みずしま内科クリニック,577-0054,大阪府東大阪市高井田元町１－３－１,135.5726399,34.66476669,geocoding,
A270512,医療法人　近藤医院,577-0056,大阪府東大阪市長堂１－２－５,135.56219355,34.6647637,geocoding,
A270017,医療法人　純輝会　酒井医院,577-0807,大阪府東大阪市菱屋西２－７－１６,135.57805914,34.65202102,geocoding,
A270376,医療法人　竹村内科,577-0807,大阪府東大阪市菱屋西３－４－３２,135.5788172,34.6619477,geocoding,
A270483,（医）倫友会　岡本内科医院,577-0824,大阪府東大阪市大蓮東３－３－３,135.58154249,34.636795,geocoding,
A270494,医療法人　宏西会　西岡ファミリークリニック,578-0922,大阪府東大阪市松原１－１６－３４,135.62684067,34.67409167,geocoding,
A270524,医療法人　橋村医院,578-0981,大阪府東大阪市島之内２－１２－３,135.61963839,34.67948539,geocoding,
A270587,わたせ内科クリニック,579-8003,大阪府東大阪市日下町３ー５－３０,135.6453248,34.69158431,normalized_existing,
A270566,（医）大久保小児科医院,579-8013,大阪府東大阪市西石切町１－１１－２０新石切出口正ビル２Ｆ,135.64225867,34.67982728,geocoding,6
A270552,和田診療所,579-8027,大阪府東大阪市東山町４－８Ｗ・Ｓ百光ビル１階Ｂ号,135.64186148,34.67961064,geocoding,
A270572,医療法人社団ナイズ　キャップスクリニックセブンパーク天美,580-0032,大阪府松原市天美東３－５００セブンパーク天美３Ｆ,135.54324998,34.59150755,geocoding,6
A270135,箕浦医院,580-0032,大阪府松原市天美東６－１８－３７,135.53445077,34.58920488,geocoding,
A270473,医療法人慈奨会　いしはまクリニック,580-0043,大阪府松原市阿保３－８－２１,135.55370492,34.57798975,geocoding,
A270371,医療法人　孝德会　徳田診療所,581-0022,大阪府八尾市柏村町４－３０８－１,135.62519481,34.61037104,geocoding,
A270169,堀谷診療所,581-0803,大阪府八尾市光町１－７,135.60369063,34.63388194,geocoding,
A270553,医療法人永光会　新井クリニック,581-0818,大阪府八尾市美園町４－１０９－３,135.59114161,34.63899775,geocoding,
A270532,なんぽう腎・泌尿器科クリニック,583-0012,大阪府藤井寺市道明寺２－５－２５,135.61826048,34.56727822,geocoding,
A270531,医療法人　鳥居医院,583-0017,大阪府藤井寺市藤ケ丘１－１２－１６,135.60097041,34.5651309,geocoding,
A270536,医療法人ラポール会　青山藤ヶ丘病院,583-0017,大阪府藤井寺市藤ヶ丘３－１３－１６,135.60005391,34.56159793,geocoding,
A270159,医療法人　中平医院,584-0025,大阪府富田林市若松町西１－１８４５－３,135.60269071,34.50634842,geocoding,
A270087,医療法人　江村医院,584-0031,大阪府富田林市寿町２－３－２,135.59540808,34.50119339,geocoding,
A270365,長﨑内科医院,586-0009,大阪府河内長野市木戸西町２－１－１６,135.56444185,34.46730234,geocoding,
A270318,医療法人　なみかわクリニック,586-0024,大阪府河内長野市西之山町１－２２,135.56404214,34.45508711,geocoding,
A270575,社会福祉法人　恩徳福祉会　青山第二病院,586-0033,大阪府河内長野市喜多町１９２－１,135.56850582,34.44517717,geocoding,6
A270375,矢ヶ﨑小児科・アレルギー科,586-0048,大阪府河内長野市三日市町５６－１６高岸ビル３Ｆ,135.57090023,34.43729193,geocoding,
A270586,医療法人希会　しらさかハートクリニック,586-0095,大阪府河内長野市あかしあ台１－８－１６,135.55583982,34.47081567,geocoding,6
A270251,医療法人　森クリニック,587-0001,大阪府堺市美原区大保１６－１,135.56107714,34.54827095,geocoding,
A270256,医療法人　おがわクリニック,589-0022,大阪府大阪狭山市西山台３－１５－８,135.5430464,34.48358621,geocoding,
A270527,長尾クリニック,589-0022,大阪府大阪狭山市西山台３－５－２０,135.54379074,34.48542768,geocoding,
A270153,かねしろ　クリニック,590-0013,大阪府堺市堺区東雲西町１－１－１１ＪＲ堺市駅ＮＫビル１階,135.49820153,34.57737246,geocoding,
A270243,一般財団法人　大阪府結核予防会　堺複十字診療所,590-0028,大阪府堺市堺区三国ケ丘御幸通５９高島屋堺店内５階,135.48476945,34.57602245,geocoding,
A270157,いしだ医院,590-0048,大阪府堺市堺区一条通１５－２５,135.48155319,34.57085348,geocoding,
A270196,大住医院,590-0063,大阪府堺市堺区中安井町２－１－１,135.47663136,34.57188383,geocoding,
A270301,医療法人　健生医心会　くわ総合クリニック,590-0113,大阪府堺市南区晴美台２－３５－１０,135.52280375,34.48764655,geocoding,
A270018,長束クリニック,590-0503,大阪府泉南市新家６３０－４,135.29570368,34.36997095,geocoding,
A270573,医療法人社団ナイズ　キャップスクリニック堺鉄砲町,590-0905,大阪府堺市堺区鉄砲町１イオンモール堺鉄砲町１Ｆ,135.48135829,34.59424278,geocoding,6
A270485,松浦クリニック,590-0947,大阪府堺市堺区熊野町西３－２－３,135.47174266,34.58064116,geocoding,
A270497,医療法人　あさか会　あさかクリニック,591-8008,大阪府堺市北区東浅香山町２丁３４８－１,135.50869764,34.5834163,geocoding,
A270203,うめむら医院,591-8032,大阪府堺市北区百舌鳥梅町３丁１－６,135.50307394,34.55269198,geocoding,
A270444,医療法人　中山内科医院,591-8032,大阪府堺市北区百舌鳥梅町３丁２１－７,135.5023907,34.55138378,geocoding,
A270554,医療法人健慶会　奥田内科医院,591-8037,大阪府堺市北区百舌鳥赤畑町３－１８６,135.49014998,34.55872442,geocoding,6
A270567,医療法人　育佑会　石田医院,592-0002,大阪府高石市羽衣１－１０－１１,135.44191863,34.53569558,geocoding,6
A270568,医療法人　医進会　高石加茂病院,592-0012,大阪府高石市西取石３－２３－１７,135.44407144,34.52247212,geocoding,6
A270583,くげクリニック,592-8334,大阪府堺市西区浜寺石津町中３丁１４－１２,135.45398652,34.55873761,geocoding,6
A270317,上野内科医院,593-8305,大阪府堺市西区堀上緑町２－２－１,135.4814846,34.53468813,geocoding,
A270261,医療法人　岡原クリニック,593-8322,大阪府堺市西区津久野町３－２７－５０,135.46745793,34.54350073,geocoding,
A270192,医療法人　幸真会　とうじょうクリニック,594-0013,大阪府和泉市鶴山台１－２４－６,135.45378466,34.50956264,geocoding,
A270359,医療法人石黎会　石田こどもクリニック,594-0041,大阪府和泉市いぶき野５－１－２ＰＩＶＯ和泉中央２Ｆ,135.45733507,34.46083516,geocoding,
A270145,（医）　久我胃腸科内科,594-0071,大阪府和泉市府中町７－５－３,135.42635416,34.48972565,geocoding,
A270404,和気河合医院,594-0073,大阪府和泉市和気町３－１１－１８,135.4257127,34.47753824,geocoding,
A270168,原田内科クリニック,594-1153,大阪府和泉市青葉台２－１９－２,135.46657617,34.44189023,geocoding,
A270121,吉田内科クリニック,595-0005,大阪府泉大津市森町１－３－２５,135.42658434,34.50982328,geocoding,
A270046,医療法人　順興会　上條診療所,595-0005,大阪府泉大津市森町２－３－８,135.42452619,34.51015931,geocoding,
A270111,医療法人ミッション　助松団地診療所,595-0007,大阪府泉大津市助松団地３－１１,135.42925906,34.51162311,geocoding,
A270335,かやのき内科医院,595-0046,大阪府泉大津市上之町６－２３,135.39845941,34.49955743,geocoding,
A270377,永野医院,595-0046,大阪府泉大津市上之町７－３４,135.39931487,34.50094339,geocoding,
A270048,医療法人社団　ＥＭＩＦＵＬＬ　ただおかメディカルクリニック,595-0805,大阪府泉北郡忠岡町忠岡東１－３９－２９,135.40083154,34.48639508,geocoding,
A270232,医療法人　久生会　くめがわ医院,596-0001,大阪府岸和田市磯上町３－１３－５,135.38626333,34.48843073,geocoding,
A270093,津田診療所,596-0042,大阪府岸和田市加守町２－７－５,135.38461639,34.47201595,geocoding,
A270141,大澤内科,596-0048,大阪府岸和田市上野町西１１－２１,135.3811945,34.46880515,geocoding,
A270549,医療法人社団　ナイズ　キャップスクリニック　東岸和田,596-0825,大阪府岸和田市土生町２－３２－３９そよら東岸和田２Ｆ,135.38176141,34.44792993,geocoding,
A270249,医療法人　なかたクリニック,597-0001,大阪府貝塚市近木２０－２４,135.356886,34.44657401,geocoding,
A270170,黒瀬クリニック,597-0003,大阪府貝塚市中町１２番３－１０２号,135.35913576,34.44690736,geocoding,
A270302,磯部胃腸科内科,597-0003,大阪府貝塚市中町３－７,135.35693875,34.44810438,geocoding,6
A270541,あおやまＹＯＵクリニック,597-0072,大阪府貝塚市畠中１－２－５,135.35746105,34.4396471,geocoding,
A270188,社会医療法人慈薫会　河崎病院,597-0104,大阪府貝塚市水間２４４,135.386384,34.40324639,geocoding,
A270462,医療法人財団　医親会　りんくうタウンクリニック,598-0048,大阪府泉佐野市りんくう往来北１りんくうゲートタワービル８階,135.2998643,34.41133539,geocoding,
A270508,医療法人　津山医院,599-0311,大阪府泉南郡岬町多奈川谷川２５９９－１,135.12658437,34.31577146,geocoding,
A270342,医療法人中村診療所,599-8125,大阪府堺市東区西野４９２－２,135.54102674,34.52131519,geocoding,
A270156,南波クリニック,599-8236,大阪府堺市中区深井沢町３２８７アシストビル３階,135.49712772,34.52939153,geocoding,6
A270083,片山土師診療所,599-8238,大阪府堺市中区土師町３－２６－２６,135.49719698,34.54004323,geocoding,
A260016,医療法人　仏光会　小西仏光寺診療所,600-8074,京都府京都市下京区仏光寺通柳馬場西入東前町３９８,135.76300474,35.00127564,geocoding,
A260127,四条高倉大川クリニック,600-8096,京都府京都市下京区東洞院通仏下ル高橋町６０４,135.7609355,35.00125896,geocoding,
A260116,社会医療法人健康会　内浜診療所,600-8146,京都府京都市下京区七条通河原町東入材木町４６０,135.76449664,34.98968774,geocoding,
A260125,医療法人　創健会　西村診療所,600-8216,京都府京都市下京区烏丸通塩小路下ル東塩小路町９０１ホテルグランヴィア京都３Ｆ,135.75801969,34.98567964,geocoding,
A260096,医療法人社団　和田クリニック,600-8216,京都府京都市下京区塩小路通東洞院東入東塩小路町５４７－３明石屋ビル２Ｆ,135.76141097,34.98709901,geocoding,
A260113,医療法人　川口内科医院,600-8223,京都府京都市下京区七条通油小路東入大黒町２５３,135.75508647,34.98893767,geocoding,
A260115,社会医療法人　健康会　第二南診療所,600-8344,京都府京都市下京区東中筋通花屋町下ル柳町３３２,135.75428644,34.99198187,geocoding,
A260117,社会医療法人　健康会　千本診療所,600-8845,京都府京都市下京区朱雀北ノ口町２９番地,135.73997101,34.98938192,geocoding,6
A260018,医療法人　大築山診療所,601-8206,京都府京都市南区久世大薮町１９６－１,135.72146918,34.95842594,geocoding,
A260108,医療法人　しばじクリニック,601-8452,京都府京都市南区唐橋堂ノ前町２３－１洛南スクエアビル２階,135.73781568,34.97870777,geocoding,
A260009,大矢医院,601-8474,京都府京都市南区四ツ塚町１,135.74595958,34.97953556,geocoding,
A260083,伊東医院,603-8316,京都府京都市北区衣笠北荒見町９－１イーグルコート北大路アネックス１０１号,135.73629277,35.0402745,geocoding,
A260026,藤本医院,603-8487,京都府京都市北区大北山原谷乾町２０７－３,135.71926927,35.04604847,geocoding,
A260010,医療法人究理堂　小石医院,604-0094,京都府京都市中京区釜座通竹屋町下ル亀屋町３３５,135.75596332,35.01551611,geocoding,
A260121,医療法人　鳥居内科,604-0837,京都府京都市中京区瓦之町３９１シンフォニア御池４階,135.7608018,35.01311635,geocoding,
A260061,ナガイ医院,604-0903,京都府京都市中京区河原町夷川上ル指物３３４－２,135.76874268,35.01463843,geocoding,
A260123,一般財団法人　大和松寿会　中央診療所,604-8111,京都府京都市中京区三条通高倉東入桝屋町５８番地・５６番地,135.76283507,35.0084195,geocoding,
A260124,新屋医院,604-8132,京都府京都市中京区高倉通三条下る丸屋町１６６－６,135.76281288,35.00777789,geocoding,
A260120,医療法人社団青樹会　青木クリニック,604-8147,京都府京都市中京区六角通東洞院東入ロイヤルプラザビル１階,135.75146392,35.0101165,geocoding,
A260129,医療法人大和英寿会　大和健診センター,604-8171,京都府京都市中京区虎屋町５７７番地２太陽生命御池ビル７・８・９Ｆ,135.75983809,35.0100777,geocoding,
A260055,一般財団法人　京都工場保健会診療所,604-8472,京都府京都市中京区西ノ京北壺井町６７,135.72931036,35.0152435,geocoding,
A260013,中村クリニック,605-0817,京都府京都市東山区松原通大和大路東入弓矢町４８,135.77247329,34.99852873,geocoding,
A260078,医療法人　西川医院,606-0004,京都府京都市左京区岩倉北池田町６７－４,135.77489446,35.06520514,geocoding,
A260020,もりした循環器科クリニック,606-8277,京都府京都市左京区北白川堂ノ前町３６,135.79130989,35.03304227,geocoding,
A260070,堺医院,607-8034,京都府京都市山科区四ノ宮泓３－４,135.82498185,34.98983082,geocoding,
A260133,やだ消化器内視鏡クリニック,607-8080,京都府京都市山科区竹鼻竹ノ街道町３３－１,135.81684095,34.98959729,geocoding,6
A260132,医療法人翔仁会　たきもと内科クリニック,607-8135,京都府京都市山科区大塚野溝町８６－２,135.82719541,34.9828733,geocoding,
A260017,医療法人社団　片岡医院,607-8412,京都府京都市山科区御陵四丁野町６５－２,135.81250803,34.98899167,geocoding,
A260047,医療法人社団　コクラ医院,610-0102,京都府城陽市久世下大谷１８－１１１,135.7817618,34.86936726,geocoding,
A260034,医療法人　清福会　安見内科医院,610-0117,京都府城陽市枇杷庄鹿背田３７－９,135.77334658,34.83903423,geocoding,
A260137,医療法人社団　石鎚会　三山木中央クリニック,610-0313,京都府京田辺市三山木３－３－５,135.78171017,34.79946292,geocoding,3
A260057,医療法人社団　石鎚会　田辺中央クリニック,610-0334,京都府京田辺市田辺中央６－１－６,135.77165806,34.82198859,geocoding,6
A260063,とだ循環器内科クリニック,611-0025,京都府宇治市神明宮北３２,135.78775529,34.87857178,geocoding,
A260114,医療法人　西村医院,612-0846,京都府京都市伏見区深草大亀谷万帖敷町９０,135.7788251,34.94575082,geocoding,
A260118,社会医療法人　健康会　伏見診療所,612-8089,京都府京都市伏見区銀座町３－３１８,135.76387614,34.93601517,geocoding,6
A260080,福島内科医院,612-8401,京都府京都市伏見区深草下川原町５１－５,135.76247207,34.96538177,geocoding,
A260103,医療法人社団　弘田医院,612-8438,京都府京都市伏見区深草フチ町１４－２,135.76075546,34.9552884,geocoding,
A260126,医療法人　創健会　コストコ京都八幡倉庫店クリニック,614-8294,京都府八幡市欽明台北５,135.71553509,34.84108881,geocoding,
A260045,医療法人　清祥会　川上内科,614-8297,京都府八幡市欽明台西２０－６,135.71763248,34.83495635,geocoding,
A260087,大森医院,614-8327,京都府八幡市橋本栗ケ谷２６－１５５,135.68768388,34.880467,geocoding,
A260038,大塚産婦人科医院,614-8367,京都府八幡市男山長沢１８－９,135.69333903,34.86571424,geocoding,
A260135,医療法人一医会　林医院,615-0803,京都府京都市右京区西京極南庄境町３２,135.72831076,34.99208437,geocoding,6
A260028,社会医療法人健康会　西京極診療所,615-0813,京都府京都市右京区西京極佃田町１７,135.72702201,34.98890963,geocoding,
A260082,坂本内科クリニック,615-8074,京都府京都市西京区桂南巽町１４６グラシューズ桂３Ｆ,135.70068804,34.97970759,geocoding,
A260042,医療法人社団　太田診療所,616-8042,京都府京都市右京区花園伊町６,135.71907507,35.02066227,geocoding,
A260041,医療法人社団　寿光会　竹腰医院,616-8095,京都府京都市右京区御室芝橋町６－１９,135.71288385,35.02652821,geocoding,
A260022,医療法人社団　小室整形外科医院,616-8313,京都府京都市右京区嵯峨野開町２１,135.69671571,35.01457385,geocoding,
A260043,耳鼻咽喉科・アレルギー科　森戸医院,616-8317,京都府京都市右京区嵯峨野神ノ木町１０－１０,135.69474356,35.01622922,geocoding,
A260048,医療法人　恵洋会　岩本医院,617-0002,京都府向日市寺戸町向畑５７－３,135.70090412,34.95325154,geocoding,
A260049,医療法人きくおかクリニック,617-0002,京都府向日市寺戸町殿長１９－１,135.70313164,34.95107118,geocoding,
A260059,鈴木内科・外科診療所,617-0006,京都府向日市上植野町円山１２－５,135.70347574,34.93896129,geocoding,
A260032,医療法人　医修会　新河端病院,617-0825,京都府長岡京市一文橋２－３１－１,135.7004787,34.93380073,geocoding,
A260025,医療法人社団　くぼた医院,617-0828,京都府長岡京市馬場見場走り２５－３,135.7084278,34.92689051,geocoding,
A260130,さかうえクリニック,619-0218,京都府木津川市城山台７－４３－３,135.8324349,34.7335428,geocoding,
A260052,あさの内科クリニック,619-0225,京都府木津川市木津川台７－１－３,135.78338879,34.74154646,geocoding,
A260054,医療法人　松山内科循環器科医院,620-0035,京都府福知山市字内記４１－６,135.12755173,35.29775794,geocoding,
A260051,医療法人　至誠会　古木内科医院,620-0815,京都府福知山市長山町４５９－９９,135.17110344,35.29411784,geocoding,
A260036,医療法人　吉岡整形外科医院,621-0803,京都府亀岡市河原町１９２,135.57257272,35.0204547,geocoding,
A260097,医療法人　稲天会　大森内科診療所,629-2263,京都府与謝郡与謝野町字弓木１５２８－２,135.14817238,35.56226971,geocoding,
A290079,北生駒いつき内科クリニック,630-0121,奈良県生駒市北大和１－２３－１,135.72906387,34.72596482,geocoding,6
A290048,医療法人　生火会　松宮医院,630-0244,奈良県生駒市東松ケ丘１７－８,135.69785827,34.69960338,geocoding,
A290032,社会医療法人　健生会　生駒さくら診療所,630-0256,奈良県生駒市本町７－１０,135.69736972,34.69129871,geocoding,
A290055,医療法人　田村医院,630-8014,奈良県奈良市四条大路１－７－１９,135.80390558,34.6800399,geocoding,
A290035,福山医院,630-8024,奈良県奈良市尼辻中町１１－３,135.78402933,34.68163941,geocoding,
A290070,北山医院,630-8114,奈良県奈良市芝辻町１－９－５,135.81893196,34.68659774,geocoding,
A290015,陽クリニック,630-8115,奈良県奈良市大宮町４－２４１－１,135.81114937,34.68265359,geocoding,
A290026,森井小児科医院,630-8332,奈良県奈良市元興寺町３２,135.83085627,34.6759047,geocoding,
A290008,医療法人　寺崎クリニック,630-8341,奈良県奈良市南城戸町６７,135.82742595,34.67776,geocoding,
A290077,中登美診療所,631-0003,奈良県奈良市中登美ヶ丘１－１９９４－３－Ｄ１６－１,135.74996763,34.71813206,geocoding,
A290017,なかた整形外科,631-0013,奈良県奈良市中山町西４－４５６－１学園前Ｔ．Ｓビル１０１号,135.75846427,34.71056076,geocoding,
A290038,医療法人　おがわ小児科診療所,631-0021,奈良県奈良市鶴舞東町２－２６,135.75244546,34.70861372,geocoding,
A290071,衞藤医院,631-0034,奈良県奈良市学園南１－１－１７,135.7517069,34.69658455,geocoding,
A290045,医療法人　小嶌診療所,631-0034,奈良県奈良市学園南３－４－２４,135.75134588,34.69254889,geocoding,
A290019,医療法人　つるた内科,631-0041,奈良県奈良市学園大和町５－１１７,135.7424468,34.68826868,geocoding,
A290051,ごとう糖尿病内科・内科,631-0805,奈良県奈良市右京３－１９－１,135.78868106,34.72004321,geocoding,
A290056,すくすくこどもクリニック,631-0842,奈良県奈良市菅原町６４８－１,135.77253016,34.68567494,geocoding,
A290003,医療法人　幸仁会　木下医院,633-0054,奈良県桜井市阿部５５０,135.84094092,34.50707908,geocoding,
A290067,羽田医院,633-0066,奈良県桜井市西之宮２２８－３５,135.82371166,34.51375012,geocoding,
A290014,医療法人　菊川内科医院,633-0091,奈良県桜井市桜井８６９番地１,135.85006514,34.51205903,geocoding,
A290044,笠原内科医院,634-0051,奈良県橿原市白橿町２－３１－１２,135.79060703,34.47451579,geocoding,
A290052,吉岡医院,634-0078,奈良県橿原市八木町２－２－１８,135.79553636,34.50848364,geocoding,
A290047,医療法人　菊川医院,634-0803,奈良県橿原市上品寺町３８０－２２,135.79540022,34.52175695,geocoding,
A290043,井上クリニック,634-0804,奈良県橿原市内膳町１－１－１１Ｕ遊タウンビル１階,135.79341429,34.51238865,geocoding,
A290041,医療法人　芳隆会　八嶌医院,634-0804,奈良県橿原市内膳町２－１－３０,135.7905479,34.51062495,geocoding,
A290050,（医）一晴会　おおや内科クリニック,634-0831,奈良県橿原市曽我町８４９－３,135.77739906,34.51543802,geocoding,
A290046,牧浦医院,636-0204,奈良県磯城郡川西町唐院４３－１,135.76258592,34.58315193,geocoding,
A290030,田畑医院,637-0082,奈良県五條市中之町１６１７－１,135.67904696,34.36746085,geocoding,
A290062,ゆりクリニック,639-0214,奈良県北葛城郡上牧町大字上牧３３３６－５,135.71791762,34.56360587,geocoding,
A290078,高橋耳鼻咽喉科,639-0234,奈良県香芝市狐井１８０－４,135.70583024,34.53899759,geocoding,6
A290061,西本内科,639-0266,奈良県香芝市旭ケ丘４－２－１,135.68861181,34.55144281,geocoding,
A290007,（医）おざきクリニック,639-1001,奈良県大和郡山市九条町１３１１－１,135.78342163,34.65836677,geocoding,
A290081,医療法人上田医院　北和診療所,639-1001,奈良県大和郡山市九条町３６２－２,135.78262164,34.66023046,geocoding,6
A290010,八木医院,639-1031,奈良県大和郡山市今国府町１８３－１,135.76836515,34.61903149,geocoding,
A290037,牧浦内科,639-1037,奈良県大和郡山市額田部北町４７９－３,135.77959227,34.60710269,geocoding,
A290068,善本内科クリニック,639-1131,奈良県大和郡山市野垣内町２－２第７号棟第１２１号室,135.79014355,34.65033711,geocoding,
A290075,松本内科クリニック,639-1132,奈良県大和郡山市高田町９２－１４ハーベス２Ｆ,135.79120182,34.6476513,geocoding,
A290080,医療法人医昌会　まつたハートクリニック,639-1136,奈良県大和郡山市本庄町２４７－１,135.78277206,34.63332205,geocoding,6
A290018,医療法人　鵜山医院,639-2147,奈良県葛城市新庄１６,135.72027462,34.48705996,geocoding,
A300017,医療法人　瑞仁会　浅江胃腸科,640-0416,和歌山県紀の川市貴志川町長山２７７－２１４,135.28912098,34.2087186,geocoding,
A300052,医療法人　祥淳会　松平ハタ医科歯科クリニック,640-8135,和歌山県和歌山市鷹匠町１－６０,135.17797659,34.22336712,geocoding,
A300055,医）吹上クリニック,640-8137,和歌山県和歌山市吹上２－５－２８,135.17050223,34.22027015,geocoding,6
A300006,医療法人　巨周会　喜多クリニック和歌山診療所,640-8269,和歌山県和歌山市小松原通１－１－１１大岩ビル３Ｆ,135.16861067,34.22521119,geocoding,
A300004,向陽　脳とせぼね・循環器内科クリニック,640-8315,和歌山県和歌山市津秦４０,135.20433034,34.22290117,geocoding,
A300042,木広町クリニック,640-8328,和歌山県和歌山市木広町５－１－１２,135.19019233,34.22662819,geocoding,
A300009,医療法人　裕真会　下間クリニック,640-8464,和歌山県和歌山市市小路４０２,135.16740735,34.25524164,geocoding,
A300003,黒田内科医院,640-8481,和歌山県和歌山市直川１－８,135.20880998,34.26110335,geocoding,
A300051,山口医院,641-0014,和歌山県和歌山市毛見２９５－２１,135.19941217,34.16884398,geocoding,
A300033,医療法人さくら会　さくらクリニック,642-0032,和歌山県海南市名高１４０－１,135.22001032,34.15368851,geocoding,
A300014,いぬい内科呼吸器内科クリニック,642-0032,和歌山県海南市名高５３９－１８岩崎ビル１Ｆ,135.21200554,34.15520749,geocoding,
A300054,医療法人　駿明会　耳鼻咽喉科ごとう医院,643-0004,和歌山県有田郡湯浅町湯浅１２８－２,135.1733615,34.03480601,geocoding,6
A300039,平山内科皮膚泌尿科,643-0004,和歌山県有田郡湯浅町湯浅４５９,135.17513629,34.03509771,geocoding,
A300008,Ｔ－ｃｕｂｅメディカルクリニック,644-0011,和歌山県御坊市湯川町財部６４６－１１,135.15120499,33.89804929,geocoding,
A300035,御坊なかむらクリニック,644-0011,和歌山県御坊市湯川町財部７１５,135.15256878,33.89628563,geocoding,
A300024,中島医院,644-0012,和歌山県御坊市湯川町小松原３８０－１１,135.1602152,33.90642361,geocoding,
A300040,医療法人　大原内科,644-0044,和歌山県日高郡美浜町和田１１３８－１０４,135.13375641,33.89479942,geocoding,
A300021,谷地内科医院,647-0081,和歌山県新宮市新宮字馬町５５４－１大橋通りＴビル１Ｆ,135.98471358,33.72753778,geocoding,
A300053,いわくらクリニック,648-0094,和歌山県橋本市三石台１－３－１１フォレストＢ棟１０２号,135.60212037,34.35576425,geocoding,
A300038,医療法人　曽和医院,648-0096,和歌山県橋本市御幸辻２１８－３,135.60532877,34.34011898,geocoding,
A300022,医療法人　三徳会　かわむら医院,649-0101,和歌山県海南市下津町下津７８５－２,135.14534297,34.1094837,geocoding,
A300007,医療法人　健仁会　三谷医院,649-2211,和歌山県西牟婁郡白浜町１３９６－５,135.3471037,33.6819634,geocoding,
A300002,伊藤内科,649-6235,和歌山県岩出市西野１９０－１,135.31070659,34.2570718,geocoding,
A300018,宮井内科,649-6416,和歌山県紀の川市上野１３－１０,135.3632402,34.25964461,geocoding,
A300036,医）紫英会循環器内科するたクリニック,649-6416,和歌山県紀の川市上野７８－１,135.3622847,34.26197211,geocoding,
A280108,たつみクリニック,650-0001,兵庫県神戸市中央区加納町２－９－１４,135.19460797,34.7017812,geocoding,
A280015,医療法人社団　伍仁会　岡本クリニック,650-0021,兵庫県神戸市中央区三宮町１－１０－１神戸交通センタービル７Ｆ,135.19388043,34.69327103,geocoding,
A280210,内科・循環器科　米田クリニック,650-0024,兵庫県神戸市中央区海岸通４新明海ビル４階,135.18467857,34.68545239,geocoding,
A280152,神戸駅こぼり循環器内科クリニック,650-0025,兵庫県神戸市中央区相生町３－１－２,135.17803204,34.67901969,geocoding,
A280223,ファミリアメディカル神戸クリニック,650-0038,兵庫県神戸市中央区西町３３－２,135.1903836,34.68772996,geocoding,
A280001,医療法人社団　福本クリニック,650-0044,兵庫県神戸市中央区東川崎町１－７－４ダイヤニッセイビル７階,135.18162895,34.67960579,geocoding,
A280182,医療法人財団春日野会　春日野会病院,651-0054,兵庫県神戸市中央区野崎通４－１－２,135.20631514,34.70877503,geocoding,
A280054,ＨＡＴ神戸つじ内科,651-0073,兵庫県神戸市中央区脇浜海岸通２－２－３　ケーズデンキ３Ｆ,135.21553959,34.69991223,geocoding,
A280019,岡クリニック,651-0092,兵庫県神戸市中央区生田町１－４－１ショダリ２１－６Ｆ,135.19617721,34.70454204,geocoding,
A280212,医療法人社団　旭診療所,651-0095,兵庫県神戸市中央区旭通２－９－５,135.19940488,34.69754839,geocoding,6
A280125,内橋内科医院,651-1412,兵庫県西宮市山口町下山口４－１４－２５,135.24076801,34.83160034,geocoding,
A280073,しげやま内科クリニック,651-2113,兵庫県神戸市西区伊川谷町有瀬１０５２－１,135.01522954,34.66138304,geocoding,
A280030,医療法人社団百聞会　長谷川医院,651-2144,兵庫県神戸市西区小山１－３－２７,134.98904238,34.68434968,geocoding,
A280168,中神クリニック,651-2272,兵庫県神戸市西区狩場台３－９－８,135.03292972,34.72074344,geocoding,
A280156,（医）マスイ耳鼻咽喉科,651-2273,兵庫県神戸市西区糀台５－１０－２西神センタービル２Ｆ,135.01673949,34.71995161,geocoding,
A280215,医療法人社団　大有会　井上病院,652-0046,兵庫県神戸市兵庫区上沢通３－１－４,135.16387484,34.67741968,geocoding,
A280201,医療法人一輝会　荻原記念病院,653-0037,兵庫県神戸市長田区大橋町７－１－１,135.14427694,34.65414987,geocoding,
A280180,医療法人社団　医純会　たかなが皮フ科・アレルギー科・形成外科,654-0131,兵庫県神戸市須磨区横尾１－８,135.10891291,34.67440265,geocoding,
A280158,清水クリニック,655-0006,兵庫県神戸市垂水区本多聞６－２８－２３,135.04929359,34.65255963,geocoding,
A280074,山口医院,655-0044,兵庫県神戸市垂水区舞子坂３－５－８,135.03254515,34.646074,geocoding,
A280170,秋山医院,655-0046,兵庫県神戸市垂水区舞子台２－９－３０－１０２,135.03441744,34.63597242,geocoding,
A280118,森医院,655-0872,兵庫県神戸市垂水区塩屋町４－２５－１９,135.08165225,34.63666473,geocoding,
A280034,高橋内科医院,656-0054,兵庫県洲本市宇原２２４３,134.87216014,34.33351235,geocoding,
A280009,社会医療法人社団　順心会　順心淡路病院,656-2156,兵庫県淡路市大町下６６－１,134.85711184,34.43698942,geocoding,
A280225,社会福祉法人　聖隷福祉事業団　聖隷淡路病院,656-2306,兵庫県淡路市夢舞台１－１,135.01680332,34.56931043,geocoding,
A280105,医療法人社団　しおかぜ診療所,656-2401,兵庫県淡路市岩屋１４１４－３５,135.01446728,34.5929605,geocoding,
A280110,医療法人社団　元就会　宮脇内科医院,658-0003,兵庫県神戸市東灘区本山北町３－４－１１,135.27745585,34.72703525,geocoding,
A280130,医療法人社団仁愛会　中川医院,658-0013,兵庫県神戸市東灘区深江北町３－４－２２,135.29220736,34.72382744,geocoding,
A280064,吉岡クリニック,658-0016,兵庫県神戸市東灘区本山中町３－１－１,135.28408582,34.72581601,geocoding,
A280056,あだち耳鼻咽喉科,658-0016,兵庫県神戸市東灘区本山中町４－１－３,135.2817805,34.7251105,geocoding,
A280199,まつだ内科クリニック,658-0072,兵庫県神戸市東灘区岡本１－６－１２,135.27650037,34.72776294,geocoding,
A280106,医療法人社団長州会　毛利耳鼻咽喉科・芦屋クリニック,659-0024,兵庫県芦屋市南宮町１０－２４,135.31816328,34.72888289,geocoding,
A280038,後藤泌尿器科医院,659-0064,兵庫県芦屋市精道町７－１ハックス芦屋ビル２階西室,135.30403676,34.72781885,geocoding,
A280222,医）甲南回生　松本クリニック,659-0086,兵庫県芦屋市三条南町１３－１６－３Ｆ,135.29496522,34.73240709,geocoding,
A280046,芦屋ながさわ内科,659-0092,兵庫県芦屋市大原町１１－２４－１０６,135.30682797,34.7360652,geocoding,
A280174,医療法人社団　永松クリニック,659-0094,兵庫県芦屋市松ノ内町１０－１８,135.30181174,34.7365484,geocoding,
A280157,医療法人社団　きたつじクリニック,660-0054,兵庫県尼崎市西立花町３－１－１－１０１,135.39804034,34.73520002,geocoding,
A280229,しぎょう循環器内科・内科・皮膚科・アレルギー科,660-0075,兵庫県尼崎市大庄中通１－７０,135.39160513,34.72768953,geocoding,6
A280107,毛利耳鼻咽喉科医院,660-0801,兵庫県尼崎市長洲東通１－９－３２,135.43558984,34.72682098,geocoding,
A280143,医療法人社団　こんどう整形外科,660-0822,兵庫県尼崎市杭瀬南新町１－１－２３エクセレントシティビル２階,135.43836203,34.71811646,geocoding,
A280096,高診療所,660-0861,兵庫県尼崎市御園町２１ＭＧ尼崎駅前ビル１階１０２号,135.41598096,34.71796055,geocoding,
A280050,社会医療法人　愛仁会　カーム尼崎健診プラザ,660-0861,兵庫県尼崎市御園町５４カーム尼崎２階,135.41669757,34.71778003,geocoding,
A280114,やまさきファミリークリニック,660-0861,兵庫県尼崎市御園町５４カーム尼崎３階,135.41669757,34.71778003,geocoding,
A280104,医療法人社団　南川クリニック内科,661-0001,兵庫県尼崎市塚口本町２－２０－１,135.41863717,34.75503681,geocoding,
A280231,尼崎塚口もりもと循環器内科,661-0002,兵庫県尼崎市塚口町３－２５－１,135.41156856,34.75376745,geocoding,6
A280197,よこたクリニック,661-0002,兵庫県尼崎市塚口町３－３７－１,135.41038808,34.75516728,geocoding,
A280102,内藤クリニック,661-0012,兵庫県尼崎市南塚口町１－３０－１０,135.41475188,34.74829038,geocoding,
A280221,加藤道夫肝臓内科クリニック,661-0012,兵庫県尼崎市南塚口町２丁目１塚口さんさんタウン２番館３階３１０号,135.41575988,34.75200938,geocoding,
A280004,山田クリニック,661-0032,兵庫県尼崎市武庫之荘東１－２３－８,135.39594519,34.75659195,geocoding,
A280081,医療法人社団　はせがわ内科,661-0033,兵庫県尼崎市南武庫之荘１－３－１,135.39540379,34.75110925,geocoding,
A280112,町塚医院,661-0953,兵庫県尼崎市東園田町４－１０８－２,135.44433546,34.75458463,geocoding,
A280066,医療法人社団　晃和会　にしむらクリニック,661-0953,兵庫県尼崎市東園田町９－１８－１９,135.44684925,34.75223215,geocoding,
A280191,青木外科整形外科,661-0974,兵庫県尼崎市若王寺１－２－２３,135.43370847,34.75071817,geocoding,
A280175,医療法人社団　まごのクリニック,661-0981,兵庫県尼崎市猪名寺２－１５－３０,135.42594452,34.76553848,geocoding,
A280119,おりたクリニック,662-0017,兵庫県西宮市甲陽園西山町１－６２,135.32973404,34.76146823,geocoding,
A280173,アシダクリニック,662-0038,兵庫県西宮市南郷町４－７,135.33149253,34.74393139,geocoding,
A280207,医療法人社団ＦＯＲＺＡ　ＮｉｓｈｉｎｏｍｉｙａファミリークリニックＨａｙａｓｈｉ,662-0825,兵庫県西宮市門戸荘９－１６,135.35773755,34.75617202,geocoding,
A280233,小田内科循環器内科,662-0832,兵庫県西宮市甲風園１－６－１,135.35555458,34.74716191,geocoding,6
A280026,岩下内科クリニック,662-0911,兵庫県西宮市池田町９－６－２０３,135.34724982,34.738721,geocoding,
A280086,医療法人社団　中村整形外科,662-0912,兵庫県西宮市松原町７－２０,135.34734431,34.7361157,geocoding,
A280080,たにざわこどもクリニック,662-0971,兵庫県西宮市和上町１－３１,135.33918928,34.73797936,geocoding,
A280196,大草耳鼻咽喉科クリニック,662-0977,兵庫県西宮市神楽町１１－３さくら夙川クリニックビル３階,135.3311843,34.73860421,geocoding,
A280116,林医院,663-8113,兵庫県西宮市甲子園口３－９－２３,135.37396175,34.73772135,geocoding,
A280149,北垣クリニック,663-8134,兵庫県西宮市上田中町７－３,135.37408223,34.7092179,geocoding,
A280077,ジン医院,663-8141,兵庫県西宮市高須町１－１－１２－２０５,135.36991049,34.70462917,geocoding,
A280226,しまなみクリニック,663-8143,兵庫県西宮市枝川町９－２０,135.36484394,34.71024832,geocoding,
A280142,医療法人社団　中田内科医院,663-8152,兵庫県西宮市甲子園町２５－１８,135.3610828,34.71791725,geocoding,
A280148,医療法人社団　一佳会　さこだ耳鼻咽喉科,663-8204,兵庫県西宮市高松町５－３９なでしこビル４階,135.35704896,34.74463998,geocoding,
A280031,医療法人　喜望会　谷向病院,663-8215,兵庫県西宮市今津水波町６－３０,135.35214968,34.72911362,geocoding,
A280134,医療法人社団　にきクリニック,663-8245,兵庫県西宮市津門呉羽町１－２８今津医療センター４階,135.35219408,34.73126896,geocoding,
A280153,佐藤耳鼻咽喉科,664-0007,兵庫県伊丹市北野２－９８ＯＭＴビル２階,135.38494816,34.80394479,geocoding,
A280070,まえの耳鼻咽喉科,664-0029,兵庫県伊丹市中野北３－６－６シュモアⅡ,135.38040435,34.79114894,geocoding,
A280183,（医）高田医院,664-0842,兵庫県伊丹市森本２－１９０,135.43265795,34.78065924,geocoding,
A280145,医療法人社団　さかもと小児科アレルギー科,664-0846,兵庫県伊丹市伊丹１－７－１６－１０１,135.41925906,34.78174498,geocoding,
A280227,谷口耳鼻咽喉科,664-0882,兵庫県伊丹市鈴原町９－３８８,135.40392452,34.77259856,geocoding,6
A280111,おじまクリニック,664-0895,兵庫県伊丹市宮ノ前１－４－６,135.41540943,34.78189769,geocoding,
A280062,えびす谷クリニック,665-0011,兵庫県宝塚市南口２－１４－５－２１１,135.34705117,34.80483286,geocoding,
A280117,田中医院,665-0024,兵庫県宝塚市逆瀬台４－７－７,135.33543301,34.79072329,geocoding,
A280122,宝塚医療生活協同組合　高松診療所,665-0043,兵庫県宝塚市高松町５－１０,135.36769706,34.79074322,geocoding,
A280208,医療法人社団　晃成会　晃成会クリニック,665-0045,兵庫県宝塚市光明町１－９,135.36070316,34.79147634,geocoding,
A280230,森　外科,665-0816,兵庫県宝塚市平井５－１－４０山本駅前ＳＥＬＶＡビル２Ｆ,135.38885843,34.82173724,geocoding,6
A280043,くまクリニック,665-0835,兵庫県宝塚市旭町２－１５－１１,135.35791967,34.80848817,geocoding,
A280203,なみき内科,665-0865,兵庫県宝塚市寿町８－２４,135.36607451,34.81186573,geocoding,
A280098,医療法人社団　学優会　きただクリニック。,666-0014,兵庫県川西市小戸１－２－６ジオ阪急川西レジデンスマーク１階,135.41578923,34.82783974,geocoding,
A280092,医療法人社団　間瀬内科クリニック,666-0016,兵庫県川西市中央町５－５ＯＨＭＩビル５階,135.41509762,34.82807025,geocoding,
A280071,さくらホームケアクリニック,666-0121,兵庫県川西市平野３－１８－２７,135.41591066,34.87161541,geocoding,
A280202,医療法人社団　耳鼻いんこう科　ふじおかクリニック,666-0142,兵庫県川西市清和台東３－１－８ガーデンモール清和台２階,135.38736657,34.87379883,geocoding,
A280007,森医院,667-0126,兵庫県養父市堀畑８２－２８,134.81152575,35.37168013,geocoding,
A280012,あおぞらクリニック,669-1354,兵庫県三田市大畑清水３５７－１,135.18784728,34.93827238,geocoding,
A280141,医療法人社団　いまだ内科クリニック,669-1544,兵庫県三田市武庫が丘７－７－４エムズⅡビル２階,135.20466412,34.88697989,geocoding,
A280003,医療法人　五葉会　城南病院,670-0012,兵庫県姫路市本町２３１,134.69098721,34.8330386,geocoding,
A280005,姫路医療生活協同組合　共立病院,670-0822,兵庫県姫路市市川台３－１２,134.71597906,34.83457479,geocoding,
A280185,医療法人社団　阿保クリニック,670-0926,兵庫県姫路市東駅前町７５－１,134.69395925,34.828778,geocoding,
A280063,石川医院,670-0936,兵庫県姫路市古二階町１３５,134.69601459,34.83106943,geocoding,
A280100,整形外科ほそいクリニック,670-0961,兵庫県姫路市南畝町２－３１浜屋ハートビル８階,134.68825706,34.82468397,geocoding,
A280008,姫路医療生活協同組合　ヘルスコ－プあぼし診療所,671-1227,兵庫県姫路市網干区和久２－２,134.58479004,34.80897391,geocoding,
A280014,近藤内科医院,672-8014,兵庫県姫路市東山２５１,134.71891314,34.79104895,geocoding,
A280154,いそかわキッズクリニック,672-8019,兵庫県姫路市木場前七反町６１,134.71891349,34.78096393,geocoding,
A280167,井上外科胃腸内科,673-0041,兵庫県明石市西明石南町２－２１－１,134.95885625,34.66471254,geocoding,
A280013,早川内科循環器科医院,673-0404,兵庫県三木市大村１４２－７,134.97273688,34.80429527,geocoding,
A280025,橋本ファミリークリニック,673-0863,兵庫県明石市朝霧南町２－９－５ビラ朝霧２Ｆ,135.01785746,34.64580986,geocoding,
A280127,医療法人社団　川原内科,673-0870,兵庫県明石市朝霧南町１－１６５－５朝霧ＫＭビル４階,135.01789081,34.64474332,geocoding,
A280072,田路医院,673-0885,兵庫県明石市桜町１１－１２,134.9942398,34.64722304,geocoding,
A280061,医療法人社団　ほうらい外科胃腸科医院,675-0038,兵庫県加古川市加古川町木村６６２－６,134.82190704,34.7640103,geocoding,
A280103,寺岡耳鼻咽喉科,675-0150,兵庫県加古郡播磨町南野添３－１０－１１,134.86867228,34.71636254,geocoding,
A280164,大西メディカルクリニック,675-1115,兵庫県加古郡稲美町国岡２－９－１,134.90900987,34.74785113,geocoding,
A280214,医療法人社団　薫楓会　緑駿病院,675-1322,兵庫県小野市匠台７２－１,134.9734034,34.82144628,geocoding,
A280206,やない外科胃腸科,677-0043,兵庫県西脇市下戸田２７４－２,134.98096266,34.98368638,geocoding,
A280022,医療法人社団　天野内科医院,677-0044,兵庫県西脇市上野字芝添３１５,134.97770454,34.98843585,geocoding,
A280035,半田クリニック,678-0001,兵庫県相生市山手２－２２１,134.48209467,34.82184287,geocoding,
A280198,相生市民病院,678-0008,兵庫県相生市栄町５－１２,134.47024606,34.81692925,geocoding,
A280176,宇野内科,679-4134,兵庫県たつの市誉田町広山４９１－１,134.56440262,34.84802189,geocoding,
A310014,医療法人　北室内科医院,680-0022,鳥取県鳥取市西町３－１１０,134.23401644,35.50482307,geocoding,
A310001,もとだクリニック,680-0151,鳥取県鳥取市国府町宮下１１６５,134.26123703,35.4813068,geocoding,
A310034,医療法人　イナカ内科医院,680-0854,鳥取県鳥取市正蓮寺４３,134.24313321,35.47223846,geocoding,
A310021,医療法人社団　大覚寺クリニック,680-0864,鳥取県鳥取市吉成２０６－１,134.22698725,35.48071495,geocoding,
A310026,医療法人　健章会　鳥取北クリニック,680-0905,鳥取県鳥取市賀露町４０１２,134.19816055,35.52696128,geocoding,
A310003,医療法人　成尚会　米子南クリニック,683-0016,鳥取県米子市奥谷１１３５－７,133.34830771,35.40705967,geocoding,
A310007,野坂内科医院,683-0052,鳥取県米子市博労町１－４８－３,133.33945221,35.4310878,geocoding,
A310019,医療法人社団　脇田ウィメンズヘルスケアセンター　脇田産婦人科医院,683-0822,鳥取県米子市中町１２３－５,133.33145845,35.4289768,geocoding,
A310012,医療法人社団　松野医院,684-0023,鳥取県境港市京町３５,133.22706357,35.54477691,geocoding,
A310025,医療法人社団　マリ医院,689-3401,鳥取県米子市淀江町今津１５０,133.43109287,35.46474089,geocoding,
A320013,松江東健康クリニック,690-0835,島根県松江市西尾町１３－１,133.08304927,35.47050995,geocoding,
A320010,幡医院,690-0847,島根県松江市片原町８７,133.05172967,35.46980914,geocoding,
A320021,医療法人　けんクリニック　柴田脳神経外科,690-0888,島根県松江市北堀町１３,133.05310688,35.47780841,geocoding,
A320015,佐貫内科医院,690-2101,島根県松江市八雲町日吉１９４－１０,133.0965303,35.41699051,geocoding,
A320006,医療法人　江口内科医院,693-0023,島根県出雲市塩冶有原町６－４３,132.74498238,35.3582267,geocoding,
A320014,医療法人　知井宮　堀江医院,693-0033,島根県出雲市知井宮町８３４,132.72012423,35.33497905,geocoding,
A320017,医療法人　園山医院,693-0074,島根県出雲市東林木町８８８－２,132.77851048,35.40439759,geocoding,
A320028,医療法人社団　悠伸会　うめがえ内科クリニック,694-0064,島根県大田市大田町大田口１１８６－２,132.50263117,35.19726373,geocoding,
A320031,あすかクリニック,698-0003,島根県益田市乙吉町口３３,131.84391422,34.6816908,geocoding,
A320018,胃腸科内科田中医院,699-0401,島根県松江市宍道町宍道９４６－１,132.90820426,35.40761516,geocoding,
A320024,原医院,699-0811,島根県出雲市湖陵町差海１０９７,132.66571052,35.33180315,geocoding,
A320004,本田医院,699-0812,島根県出雲市湖陵町二部１８０２－１,132.6726215,35.31849925,geocoding,
A320007,たけだファミリークリニック,699-0822,島根県出雲市神西沖町１４５５－１,132.70217874,35.33539238,geocoding,
A320005,晴木医院,699-1251,島根県雲南市大東町大東１８６８,132.97051029,35.32488283,geocoding,
A330014,医療法人奏圭会　岡田メディカルクリニック,700-0013,岡山県岡山市北区伊福町３－５－４,133.91266011,34.67108786,geocoding,
A330013,河田内科クリニック,700-0031,岡山県岡山市北区富町２－１４－７,133.90928302,34.66467183,geocoding,
A330031,医療法人　積仁会　佐藤内科,700-0821,岡山県岡山市北区中山下１－２－８,133.92771728,34.66533058,geocoding,6
A330056,医療法人　丹治クリニック,700-0901,岡山県岡山市北区本町５－２０高島屋東館２Ｆ,133.92071248,34.664736,geocoding,
A330001,岡山中央診療所　健康管理センター,700-0904,岡山県岡山市北区柳町１－１３－７,133.92106831,34.65874782,geocoding,
A330025,医療法人　しげとし内科小児科医院,700-0945,岡山県岡山市南区新保３９７－１７,133.9129618,34.63867482,geocoding,
A330062,公益財団法人岡山県健康づくり財団　附属病院,700-0952,岡山県岡山市北区平田４０８－１,133.88215689,34.63522103,geocoding,6
A330065,医療法人　前島内科医院,700-0953,岡山県岡山市南区西市５６０－７,133.8974245,34.63192502,geocoding,6
A330030,ひまわり内科クリニック,700-0973,岡山県岡山市北区下中野３２２－１０７,133.90775943,34.64169093,geocoding,
A330017,医療法人　緑風会　三宅おおふくクリニック,701-0204,岡山県岡山市南区大福３９３－１,133.8732936,34.61967823,geocoding,
A330050,医療法人　那須医院,701-4231,岡山県瀬戸内市邑久町大窪１３－３,134.08284878,34.66170914,geocoding,
A330054,医療法人　南輝　みやはら耳鼻咽喉科,702-8034,岡山県岡山市南区福浜西町６－１７,133.94133634,34.61744471,geocoding,
A330003,医療法人　栄生会　あけぼのクリニック,702-8056,岡山県岡山市南区築港新町１－７－２８,133.93735361,34.60654304,geocoding,
A330011,医療法人　白栄会　原尾島クリニック,703-8235,岡山県岡山市中区原尾島３－８－１６,133.94630117,34.67036397,geocoding,
A330029,旭竜クリニック,703-8252,岡山県岡山市中区中島７０－１,133.945604,34.68581448,geocoding,
A330060,医療法人ファミリア　みらいクリニック,703-8266,岡山県岡山市中区湊３７４－５,133.95974731,34.648831,geocoding,6
A330051,医療法人社団　三田医院,703-8275,岡山県岡山市中区門田屋敷１－１０－２１　１階,133.94132431,34.65642942,geocoding,
A330058,大ヶ池診療所,705-0003,岡山県備前市大内５７１－１,134.14352233,34.73842529,geocoding,
A330046,竹原内科医院,706-0142,岡山県玉野市迫間２２８０－１１,133.89189862,34.50532702,geocoding,
A330027,医療法人　大桑医院,708-0841,岡山県津山市川崎１１３６,134.03057644,35.06239166,geocoding,
A330063,医療法人三憲会　柵原病院,708-1523,岡山県久米郡美咲町吉ケ原９９２,134.07208432,34.94493024,geocoding,6
A330061,茶屋町こどもクリニック,710-1101,岡山県倉敷市茶屋町４９５－１,133.82577222,34.57464295,geocoding,6
A330057,医療法人社団　ヘリオトロープ　みずしま検診クリニック,712-8066,岡山県倉敷市水島高砂町５－１５,133.73830785,34.53182032,geocoding,
A330024,医療法人　かわたクリニック,713-8103,岡山県倉敷市玉島乙島６８６１－１,133.6845094,34.53662867,geocoding,
A330037,医療法人　洗心堂　宮島医院,717-0024,岡山県真庭市月田６８４０,133.66262183,35.04434182,geocoding,
A340082,佐々木内科クリニック,720-0311,広島県福山市沼隈町草深１９６４－１,133.32324686,34.38877081,geocoding,
A340088,医療法人社団健生会　いそだ病院,720-0802,広島県福山市松浜町１－１３－３８,133.37368972,34.48328809,geocoding,6
A340083,心療内科・内科　あをうめクリニック,720-0815,広島県福山市野上町３－１－２９,133.36471827,34.47729131,geocoding,6
A340014,内藤クリニック,720-1131,広島県福山市駅家町万能倉９２５－３,133.33156611,34.54433991,geocoding,
A340084,かめだファミリークリニック,720-2122,広島県福山市神辺町新湯野４１－５,133.38813694,34.55517849,geocoding,
A340041,いしおか医院,721-0926,広島県福山市大門町３－１９－１４,133.43933432,34.49257896,geocoding,
A340060,医療法人社団みやもり医院,723-0044,広島県三原市宗郷３－３－３,133.06160859,34.38623645,geocoding,
A340027,医療法人社団　慶正会　奥野内科医院,726-0004,広島県府中市府川町３６８－１,133.23880095,34.56646819,geocoding,
A340067,瀬山備北内科,728-0013,広島県三次市十日市東４－３－７,132.86195878,34.80470112,geocoding,
A340052,医療法人社団　千手会　瀬尾医院,729-5121,広島県庄原市東城町川東１６３番地７,133.27415596,34.90040748,geocoding,
A340001,山本内科クリニック,730-0013,広島県広島市中区八丁堀１１－１８,132.46211626,34.39503494,geocoding,
A340074,上田循環器　八丁堀クリニック,730-0013,広島県広島市中区八丁堀１４－７八丁堀宮田ビル５階,132.46327175,34.39462113,geocoding,
A340047,医療法人社団　ヤマナ会　広島生活習慣病・がん健診センター,730-0016,広島県広島市中区幟町１３－４広島マツダビル４Ｆ,132.46599101,34.39366575,geocoding,
A340004,（医）土井内科　神経内科クリニック,730-0031,広島県広島市中区紙屋町１－１－１７広島ミッドタウンビル１Ｆ,132.45934427,34.39458213,geocoding,
A340089,本通みよしクリニック,730-0035,広島県広島市中区本通３－１０,132.46016925,34.3930462,geocoding,6
A340029,医療法人　西村内科医院,730-0043,広島県広島市中区富士見町２－２１,132.46277756,34.38742465,geocoding,
A340070,一般財団法人　広島県集団検診協会,730-0051,広島県広島市中区大手町１－５－１７,132.45489179,34.39441538,geocoding,
A340038,よしだハートクリニック,730-0051,広島県広島市中区大手町３－１３－８本逕寺ビル２階,132.45390595,34.38640231,geocoding,
A340090,梶山内科,730-0805,広島県広島市中区十日市町１－２－２２,132.44780333,34.39801483,geocoding,6
A340057,医療法人　原田会　原田内科医院,730-0853,広島県広島市中区堺町２－６－２２,132.44587568,34.39467633,geocoding,
A340010,一般財団法人　広島県環境保健協会,730-8631,広島県広島市中区広瀬北町９－１,132.44777539,34.40440304,geocoding,
A340086,さくらい内科　アレルギー科クリニック,731-0103,広島県広島市安佐南区緑井５－２９－１８緑井ゆめビル３０１,132.4769397,34.46734487,geocoding,6
A340043,ふじた消化器内科クリニック,731-0122,広島県広島市安佐南区中筋４－１３－１５,132.4795066,34.45502686,geocoding,
A340072,のぞみ整形外科ヒロシマ,731-5106,広島県広島市佐伯区利松３－６－３０,132.36585055,34.40048295,geocoding,
A340034,医療法人　青葉会　しらたきクリニック,731-5116,広島県広島市佐伯区八幡２－６－１６,132.3564458,34.39081159,geocoding,
A340031,あまき内科泌尿器科医院,731-5128,広島県広島市佐伯区五日市中央２－１－１０,132.35629803,34.36973629,geocoding,
A340061,医療法人社団たけなお会　たにぐち小児クリニック,732-0023,広島県広島市東区中山東２－２－９,132.50485109,34.41028177,geocoding,
A340063,医療法人社団　金谷医院,732-0029,広島県広島市東区福田１－７２４－１,132.54001897,34.4517505,geocoding,
A340064,中谷整形外科,732-0054,広島県広島市東区愛宕町９－１７,132.47989261,34.39610755,geocoding,
A340080,メディックス広島エキキタ健診センター,732-0057,広島県広島市東区二葉の里３－５－７－２階,132.47518446,34.40061808,geocoding,
A340081,医療法人　女医によるファミリークリニック,732-0822,広島県広島市南区松原町５－１ビッグフロント広島４Ｆ,132.47514577,34.39573247,geocoding,
A340006,医療法人　てっせん会　あきもと皮膚科リハビリ整形外科,732-0824,広島県広島市南区的場町１－７－２１,132.47456537,34.39287997,geocoding,
A340058,医療法人社団　孝和会　石田診療所,732-0824,広島県広島市南区的場町１－８－１９,132.47372377,34.39271886,geocoding,
A340087,山崎内科クリニック,733-0003,広島県広島市西区三篠町２－４－２８,132.45428264,34.4139719,geocoding,6
A340036,たがしらクリニック,733-0012,広島県広島市西区中広町２－２２－２１,132.44371446,34.40347262,geocoding,
A340007,三好内科医院,733-0022,広島県広島市西区天満町１７－１,132.43975922,34.39611791,geocoding,
A340018,医療法人　千寿会　平林内科医院,733-0035,広島県広島市西区南観音６－１－６,132.42854897,34.3825666,geocoding,
A340002,わかばクリニック,733-0812,広島県広島市西区己斐本町１－９－２０,132.42933182,34.39812058,geocoding,
A340024,医療法人　いずみ会　藤井循環器内科,734-0004,広島県広島市南区宇品神田２－１４－２４,132.46473643,34.36433285,geocoding,
A340028,高畑医院,734-0015,広島県広島市南区宇品御幸５－１６－１６,132.46309509,34.35655036,geocoding,
A340005,村上外科内科,734-0022,広島県広島市南区東雲２－１８－１５,132.49079784,34.3790208,geocoding,
A340050,医療法人社団　たくみ会　きむらクリニック,736-0082,広島県広島市安芸区船越南２－１７－１,132.52227565,34.37290521,geocoding,
A340012,医療法人　かわの内科胃腸科,737-0032,広島県呉市本町４－２,132.56834806,34.24568212,geocoding,
A340073,（医）エム・エム会　クリニック広島健診,737-0045,広島県呉市本通１－１－１,132.56282652,34.2419964,geocoding,
A340046,手島医院,737-0045,広島県呉市本通５－１－２４,132.56987842,34.24867341,geocoding,
A340011,医療法人社団　なかしお内科クリニック,737-0142,広島県呉市広駅前１－１－１０,132.62840255,34.22957986,geocoding,
A340013,医療法人社団　森本医院,737-1377,広島県呉市倉橋町７３８２－２,132.54361414,34.09993408,geocoding,
A340065,医療法人社団　めぐみ会　森藤医院,737-2111,広島県江田島市江田島町切串２－１７－１０,132.47973929,34.2808313,geocoding,
A340076,医療法人　山下内科クリニック,737-2603,広島県呉市川尻町西２－４－２８,132.69412126,34.23578937,geocoding,
A340022,明石内科クリニック,738-0002,広島県廿日市市山陽園８－１９,132.34048666,34.36207573,geocoding,
A340026,医療法人社団　ヤマナ会　東広島記念病院,739-0002,広島県東広島市西条町吉行２２１４,132.75612716,34.43833454,geocoding,
A340049,医療法人社団　伯瑛会　のぞみ整形外科クリニック西条,739-0021,広島県東広島市西条町助実１１８２－１,132.75540263,34.4249083,geocoding,
A340085,医療法人社団　こどもクリニック八本松,739-0144,広島県東広島市八本松南２－４－１５,132.69672147,34.44048868,geocoding,6
A340069,医療法人社団　ヤマナ会　広島生活習慣病・がん健診センター大野,739-0422,広島県廿日市市大野早時３４０６－５,132.28982091,34.30308948,geocoding,
A340035,医療法人　かどます佐々木医院,739-1201,広島県安芸高田市向原町坂４２８－２,132.71964093,34.61203952,geocoding,
A340059,医療法人社団　しみずクリニック,739-1412,広島県広島市安佐北区白木町小越１９３,132.66398136,34.55334962,geocoding,
A350025,医療法人社団　三志会　ふじもと内科クリニック,740-0032,山口県岩国市尾津町２－２２－１０,132.20655699,34.13645624,geocoding,
A350009,岩本医院,742-0417,山口県岩国市周東町下久原２４８０－１,132.05241289,34.09303112,geocoding,
A350033,周防医院,744-0014,山口県下松市中市２－１０－８,131.86293988,34.00969082,geocoding,
A350038,岐陽内科,745-0037,山口県周南市栄町２－４１－２,131.80379674,34.05304631,geocoding,6
A350015,（医）玲明会　大腸クリニック　かわむら内科,747-0064,山口県防府市大字高井３１３－１,131.55647919,34.06769809,geocoding,
A350023,山口博愛病院,747-0819,山口県防府市お茶屋町２－１２,131.57265845,34.04778171,geocoding,
A350028,松井外科整形,750-0019,山口県下関市丸山町２－１－２３,130.93286576,33.95997142,geocoding,
A350011,医療法人　浩堂会　松田内科クリニック,750-0074,山口県下関市彦島本村町４－１－５,130.91102607,33.94327851,geocoding,
A350010,おぐす内科・消化器科クリニック,750-1144,山口県下関市小月茶屋１－８－２２,131.030213,34.0690004,geocoding,
A350016,医療法人社団　和花輝会　おさばファミリークリニック,753-0212,山口県山口市下小鯖１３３１－７,131.52611787,34.13233016,geocoding,
A350004,よしかね循環器内科,754-0002,山口県山口市小郡下郷２２２１－１２,131.39219316,34.0984623,geocoding,
A350024,みすみクリニック,754-0043,山口県山口市小郡明治１－５－２,131.39418471,34.09749576,geocoding,
A350030,医療法人　協愛会　阿知須共立病院　総合健診センター,754-1277,山口県山口市阿知須４８４１－１,131.35563175,34.01130169,geocoding,
A350008,なにわ皮膚科医院,755-0043,山口県宇部市相生町３－１８,131.24512143,33.95260276,geocoding,
A350012,医療法人　テレサ会　西川医院,755-0151,山口県宇部市西岐波岩上３２５－１,131.30260379,33.97035713,geocoding,
A350003,医療法人　健仁会　しおん内科外科クリニック,756-0091,山口県山陽小野田市日の出３－７－２,131.1844052,34.00719334,geocoding,
A350014,医療法人　吉中内科医院,756-0813,山口県山陽小野田市住吉本町１－３－１７,131.1773395,33.98029561,geocoding,
A350031,医療法人　てらい内科クリニック,757-0006,山口県山陽小野田市桜１－１－５,131.15798388,34.05319068,geocoding,
A350021,医療法人　雅美会　きわなみ内科クリニック,759-0208,山口県宇部市西宇部南３－２－１５,131.21974946,34.00183337,geocoding,
A370023,医療法人　福生会　多田羅内科クリニック,760-0017,香川県高松市番町３－３－１,134.04229873,34.34277623,geocoding,
A370030,医療法人社団如水会　オリーブ高松メディカルクリニック,760-0076,香川県高松市観光町６４９－８,134.06382534,34.33423838,geocoding,6
A370008,医療法人社団　石川内科胃腸科医院,760-0079,香川県高松市松縄町４８－２,134.06130403,34.32272564,geocoding,
A370013,いまいこどもファミリークリニック,761-0102,香川県高松市新田町甲６５８－７,134.10196902,34.32534226,geocoding,
A370029,医療法人社団　清澄会　ミタニ病院,761-0450,香川県高松市三谷町１６８０－１,134.05992803,34.28034669,geocoding,
A370012,おか内科クリニック,761-1706,香川県高松市香川町川東上字大春田１８６４－３,134.04013108,34.22547426,geocoding,
A370022,しげのぶ医院,761-2406,香川県丸亀市綾歌町栗熊東６６－６,133.87854422,34.24122504,geocoding,
A370018,おおくぼ内科医院,761-2407,香川県丸亀市綾歌町富熊１０７７－１,133.87405266,34.24985464,geocoding,6
A370031,医療法人社団なつめ会　美術館診療所,761-8013,香川県高松市香西東町４３３－１,134.00789839,34.34486425,geocoding,
A370001,公益財団法人　香川成人医学研究所　附属診療所Ｗｅｌｌクリニック,762-0005,香川県坂出市横津町３－２－３１,133.86675944,34.31782984,geocoding,
A370021,医療法人社団　昭龍会　国重まこと医院,762-0038,香川県坂出市笠指町４－２８,133.85658828,34.30705598,geocoding,
A370026,医療法人社団　里仁会　瀬戸内クリニック,763-0091,香川県丸亀市川西町北１８８－１,133.82560064,34.25915356,geocoding,
A370006,医療法人社団　幸正会　岩本内科医院,765-0071,香川県善通寺市弘田町４９６－１,133.75946275,34.24008058,geocoding,
A370004,医療法人社団　昭慈会　藤田脳神経外科医院,767-0002,香川県三豊市高瀬町新名９７１－１,133.71847453,34.18318494,geocoding,
A370025,医療法人社団　メディカルクラブ大興和　クリニック池田,768-0012,香川県観音寺市植田町字南原１００７－１,133.66833544,34.12547177,geocoding,
A370011,小山医院,768-0013,香川県観音寺市村黒町１７３,133.67546812,34.12958508,geocoding,
A370032,医療法人社団　寿愛会　羽崎病院,768-0072,香川県観音寺市栄町３－４－１,133.65343144,34.12466642,geocoding,
A370027,医療法人社団　桑島内科医院,769-2601,香川県東かがわ市三本松７５１,134.33783311,34.25303952,geocoding,
A360017,南医院,770-0003,徳島県徳島市北田宮２－２－１７,134.54129129,34.08717007,geocoding,
A360044,鶴岡内科胃腸内科,770-0003,徳島県徳島市北田宮三丁目１－７－２,134.53852765,34.08752557,geocoding,
A360015,湯浅医院,770-0044,徳島県徳島市庄町５－５４,134.50504531,34.07389878,geocoding,
A360013,水沼循環器呼吸器内科,770-0045,徳島県徳島市南庄町４－２４－３,134.50818671,34.06970488,geocoding,
A360028,（医）かわうち　かもな桜公園クリニック,770-0046,徳島県徳島市鮎喰町２－９５－１,134.50170122,34.07218221,geocoding,
A360041,おかがわ内科・小児科,770-0861,徳島県徳島市住吉１－１０－１９,134.56337568,34.07295254,geocoding,
A360002,若槻クリニック,770-0863,徳島県徳島市安宅２－７－３８,134.57670511,34.06947534,geocoding,
A360033,西新町二丁目クリニック,770-0902,徳島県徳島市西新町２－７－３,134.54604932,34.07249961,geocoding,
A360037,医療法人　小浜内科　徳島クリニック,770-0942,徳島県徳島市昭和町１－１６,134.55816794,34.06496453,geocoding,
A360004,美馬内科クリニック,770-8012,徳島県徳島市大原町千代ヶ丸１２７－１,134.56708098,34.02686342,geocoding,
A360012,医療法人　城南公園内科,770-8064,徳島県徳島市城南町３－５－２２,134.53708664,34.05390143,geocoding,
A360032,医療法人　文化の森内科,770-8079,徳島県徳島市八万町大坪１８０,134.52869876,34.04607993,geocoding,
A360022,医療法人　日下医院,771-0115,徳島県徳島市川内町宮島浜１０４,134.58628168,34.0940393,geocoding,
A360042,藍住たまき青空クリニック,771-1265,徳島県板野郡藍住町住吉字千鳥ヶ浜１１０－５,134.50256679,34.12038822,geocoding,
A360038,医療法人　御所診療所,771-1507,徳島県阿波市土成町吉田字原田市の四３１,134.34890986,34.10929375,geocoding,
A360027,桂医院,773-0003,徳島県小松島市松島町７－１,134.58470988,34.00727397,geocoding,
A360039,医療法人　雙立会　碩心館病院,773-0014,徳島県小松島市江田町字大江田４４－１,134.56357885,34.01433722,geocoding,
A360040,医療法人　メディカルケア　徳島ロイヤル病院,773-0015,徳島県小松島市中田町字新開４８,134.58355405,34.01321483,geocoding,
A360009,藤野医院,773-0023,徳島県小松島市坂野町字平田１８－２,134.63309577,33.98080542,geocoding,
A360005,医療法人　翠松会　岩城クリニック,774-0014,徳島県阿南市学原町上水田１１－１,134.66510072,33.91333168,geocoding,
A360024,石原内科循環器科,776-0033,徳島県吉野川市鴨島町飯尾１８７,134.35347047,34.06209364,geocoding,
A360031,高杉内科外科小児科脳外科,779-3112,徳島県徳島市国府町芝原字天満２５－１,134.46349608,34.09955827,geocoding,
A360043,医療法人明和会　たまき青空病院,779-3125,徳島県徳島市国府町早淵字北カシヤ５６－１,134.48779137,34.07171794,geocoding,
A390020,クリニック地球３３番地,780-0056,高知県高知市北本町４－４－６１,133.55478739,33.56366739,geocoding,
A390030,医療法人　南の風　みなみの風診療所,780-0061,高知県高知市栄田町３－７－１,133.54558551,33.5672084,geocoding,
A390012,医療法人　輝樹会　たかさきクリニック胃腸科・内科,780-0072,高知県高知市杉井流２－３２,133.55536224,33.567778,geocoding,
A390023,谷田内科クリニック,780-0870,高知県高知市本町４－１－５２本町ＭＬプラザ１階,133.53397303,33.55879782,geocoding,
A390048,医療法人　グリーンハウス　クリニック　グリーンハウス,780-0901,高知県高知市上町１－７－１,133.5263848,33.55711452,geocoding,
A390033,医療法人竜馬　藤田クリニック,780-0935,高知県高知市旭町２－２３－３５,133.5108694,33.55582548,geocoding,
A390043,高知医療生活協同組合　高知生協病院,780-0963,高知県高知市口細山２０６－９,133.48999147,33.5670621,geocoding,
A390038,たしま耳鼻咽喉科,780-8008,高知県高知市潮新町２－１１－５,133.55019103,33.54944121,geocoding,
A390022,塩見クリニック,780-8023,高知県高知市六泉寺町８７－５,133.5443752,33.53799802,geocoding,
A390010,医療法人　田中会　土佐整形外科,780-8061,高知県高知市朝倉甲５０－６,133.5006571,33.54371525,geocoding,
A390024,誠内科,781-0112,高知県高知市仁井田４３５０－２,133.57235709,33.51714556,geocoding,
A390026,伊与木クリニック,781-1105,高知県土佐市蓮池１２２７－５,133.41323733,33.49266356,geocoding,
A390037,江渕診療所,781-1134,高知県土佐市家俊１１７９,133.34645524,33.46085868,geocoding,
A390018,医療法人　裕香会　松本医院,781-6832,高知県室戸市吉良川町甲２２６３,134.09864677,33.33107413,geocoding,
A390050,医療法人清水会　領石蛍が丘クリニック,783-0056,高知県南国市領石１６－１,133.64017674,33.62178419,geocoding,
A390049,佐々木整形外科医院,787-0025,高知県四万十市中村一条通５－７９－２,132.94052627,32.99115344,geocoding,
A380044,医療法人　菅井内科,790-0001,愛媛県松山市一番町３－３－３,132.76937446,33.84143737,geocoding,
A380050,山田内科クリニック,790-0003,愛媛県松山市三番町５－９－４,132.76347223,33.83798206,geocoding,
A380047,喜多岡整形外科クリニック,790-0053,愛媛県松山市竹原２－３－９,132.75189558,33.83103249,geocoding,5
A380049,社会医療法人真泉会　松山まどんな病院,790-0802,愛媛県松山市喜与町１丁目７－１,132.77347409,33.84389828,geocoding,
A380043,医療法人社団　浦岡胃腸クリニック,790-0852,愛媛県松山市石手４－３－１０,132.79324438,33.84417115,geocoding,
A380034,桑原内科麻酔科,790-0911,愛媛県松山市桑原２－８－１８,132.79035832,33.83644435,geocoding,
A380026,医療法人　和泉クリニック,790-0941,愛媛県松山市和泉南５－４－２８,132.75925906,33.81230442,geocoding,
A380016,医療法人　うつのみや内科,791-1201,愛媛県上浮穴郡久万高原町久万２０６－５,132.90102898,33.65550223,geocoding,
A380008,かどた内科,791-2101,愛媛県伊予郡砥部町高尾田６３５－２,132.7970055,33.78080869,geocoding,
A380012,医療法人　誠志会砥部病院,791-2114,愛媛県伊予郡砥部町麻生４０－１,132.79029775,33.78133627,geocoding,
A380030,医療法人　松村内科クリニック,791-8021,愛媛県松山市六軒家町４－２１,132.75185387,33.85187437,geocoding,
A380038,医療法人　ふくだ循環器科内科クリニック,791-8044,愛媛県松山市西垣生町４７８－６,132.70387551,33.8106785,geocoding,
A380013,医療法人　束村内科医院,791-8053,愛媛県松山市若葉町７－２１,132.71685206,33.85710063,geocoding,
A380040,こんどう外科内科胃腸科クリニック,792-0804,愛媛県新居浜市田所町４－７０,133.28965581,33.96309418,geocoding,
A380022,かとうクリニック,792-0856,愛媛県新居浜市船木甲４３２２－２,133.3256929,33.93649821,geocoding,
A380015,医療法人社団銀杏会　井出内科,794-0015,愛媛県今治市常盤町７－３－６,132.98787864,34.05567514,geocoding,
A380029,眞鍋医院,799-0101,愛媛県四国中央市川之江町１２９７,133.57058422,34.01564115,geocoding,
A380001,川崎会中央クリニック,799-0405,愛媛県四国中央市三島中央４－１２－２３,133.53961515,33.98171817,geocoding,
A380004,黒田医院,799-1364,愛媛県西条市石田３１９－１,133.10022927,33.91994119,geocoding,
A400061,医療法人　社団桜会　さくら整形外科・内科・リハビリテーション科医院,800-0233,福岡県北九州市小倉南区朽網西１－１７－１３,130.95491105,33.80901913,geocoding,
A400136,医療法人　奥医院,800-0257,福岡県北九州市小倉南区湯川１－４－６,130.89980069,33.84712188,geocoding,
A400155,公益社団法人日本海員掖済会　門司掖済会病院,801-8550,福岡県北九州市門司区清滝１－３－１,130.96123705,33.94247089,geocoding,
A400006,医療法人　げんき会　丸岡内科医院,802-0006,福岡県北九州市小倉北区魚町２－１－１３,130.87954853,33.88387293,geocoding,
A400159,医療法人　要会　かなめクリニック,802-0841,福岡県北九州市小倉南区北方２－８－４,130.88052733,33.85063221,geocoding,
A400170,一般財団法人　西日本産業衛生会　北九州健診診療所,803-0812,福岡県北九州市小倉北区室町３－１－２,130.87692645,33.88730585,geocoding,
A400198,奥山整形外科医院,805-0015,福岡県北九州市八幡東区荒生田１－６－５,130.83225588,33.86526848,geocoding,6
A400165,一般財団法人　西日本産業衛生会　北九州産業衛生診療所,805-0071,福岡県北九州市八幡東区東田１－４－８,130.7967588,33.87041998,geocoding,
A400189,医療法人さんか　ルナクリニック,806-0027,福岡県北九州市八幡西区菅原町２－１３,130.76337592,33.86207863,geocoding,6
A400137,医療法人　俊英会　有吉クリニック,806-0027,福岡県北九州市八幡西区菅原町５－１,130.76298984,33.86225639,geocoding,
A400133,青葉台病院,808-0141,福岡県北九州市若松区青葉台東１－１－１,130.69006974,33.90130594,geocoding,
A400162,福岡天神頭痛と肺のクリニック,810-0001,福岡県福岡市中央区天神２－１４－１３天神三井ビル１Ｆ,130.39586279,33.59111823,geocoding,
A400177,ラピスクリニック天神,810-0001,福岡県福岡市中央区天神２－２－１２Ｔ＆Ｊビル５階,130.39940702,33.58726591,geocoding,
A400193,クリニックフォア天神,810-0001,福岡県福岡市中央区天神３－１６ー１７天神鍛冶町ビル３Ｆ,130.39735153,33.59372908,geocoding,6
A400003,社会医療法人　雪の聖母会　聖マリア福岡健診センター,810-0001,福岡県福岡市中央区天神４－１－３２,130.40110127,33.59415687,geocoding,
A400166,医療法人　クリスタルビルクリニック,810-0001,福岡県福岡市中央区天神４－６－７天神クリスタルビル８Ｆ,130.39936249,33.59425406,geocoding,
A400160,医療法人社団　広仁会　広瀬病院,810-0004,福岡県福岡市中央区渡辺通１－１２－１１,130.40493998,33.58449402,geocoding,
A400142,医療法人　佐田厚生会　佐田病院,810-0004,福岡県福岡市中央区渡辺通２－４－２８,130.40298179,33.58249422,geocoding,
A400099,医療法人　福岡桜十字　桜十字福岡病院,810-0004,福岡県福岡市中央区渡辺通３－５－１１,130.40457056,33.58534949,geocoding,
A400167,守永クリニック,810-0005,福岡県福岡市中央区清川３－１３－６,130.41429766,33.57659198,geocoding,
A400188,薬院天神南さくらクリニック,810-0011,福岡県福岡市中央区高砂１－８－８サンクス渡辺通２Ｆ,130.40688429,33.58117491,geocoding,6
A400090,天神総合クリニック,810-0021,福岡県福岡市中央区今泉１－２２－２０－７０１,130.40012364,33.58709372,geocoding,
A400194,とみた内科クリニック,810-0033,福岡県福岡市中央区小笹４－４－５,130.38806375,33.56916223,geocoding,6
A400027,栗林内科循環器科,810-0033,福岡県福岡市中央区小笹５－５－１８,130.39068021,33.56683202,geocoding,
A400197,ハートクロス健診プラザ赤坂駅前,810-0041,福岡県福岡市中央区大名２－１２－８大名町ビル５Ｆ,130.3910243,33.58946555,geocoding,6
A400148,公益財団法人　ふくおか公衆衛生推進機構　ガーデンシティ健診プラザ,810-0041,福岡県福岡市中央区大名２－６－５０,130.39475734,33.58958782,geocoding,
A400179,医療法人社団　ゆみの　わかばハートクリニック,810-0073,福岡県福岡市中央区舞鶴３－９－３９福岡舞鶴スクエア１Ｆ,130.38961604,33.59107091,geocoding,
A400022,医療法人　寛恵会　なた内科診療所,811-0205,福岡県福岡市東区奈多団地２７－３,130.41326896,33.686174,geocoding,
A400087,永野外科胃腸科医院,811-0215,福岡県福岡市東区高美台２－４－２７,130.44360004,33.6893551,geocoding,
A400035,医療法人　鎮寿会　前野クリニック,811-1253,福岡県筑紫郡那珂川町仲１－５６,130.42610135,33.50905752,geocoding,
A400023,医療法人　真祥会　吉永脳神経外科クリニック,811-1302,福岡県福岡市南区井尻２－２２－５,130.44435005,33.5535727,geocoding,
A400186,医療法人　府川医院,811-1302,福岡県福岡市南区井尻３－１４－２５,130.44648904,33.55195911,geocoding,6
A400081,野口内科クリニック,811-1351,福岡県福岡市南区屋形原４－１７－１５,130.40557492,33.53296608,geocoding,
A400110,中島医院,811-3101,福岡県古賀市天神１－１２－２１,130.46420661,33.73132178,geocoding,
A400112,秋山内科クリニック,811-3406,福岡県宗像市稲元３－１－５,130.55096404,33.80921453,geocoding,
A400124,（医）島村内科消化器科クリニック,811-3425,福岡県宗像市日の里２－６－７,130.5377323,33.79741812,geocoding,
A400147,一般財団法人　西日本産業衛生会　福岡健診診療所,812-0011,福岡県福岡市博多区博多駅前２－２０－１,130.41558372,33.59257391,geocoding,
A400084,一般財団法人　日本予防医学協会　附属診療所　ウェルビーイング博多,812-0011,福岡県福岡市博多区博多駅前３－１９－５　博多石川ビル,130.41520319,33.58878814,geocoding,
A400154,桜十字博多駅健診クリニック,812-0012,福岡県福岡市博多区博多駅中央街８－１ＪＲＪＰ博多ビル８Ｆ,130.41910853,33.58827434,geocoding,
A400074,医療法人　Ｆｕｖｅｎａｎｔ　青木優美クリニック,812-0013,福岡県福岡市博多区博多駅東２－５－３３　ゲートスクエア博多駅前３Ｆ,130.42258054,33.58817438,geocoding,
A400168,博多南ビル内科クリニック,812-0016,福岡県福岡市博多区博多駅南１－３－１１　博多南ビル４階,130.4232305,33.58661618,geocoding,
A400151,博多ひのきクリニック,812-0016,福岡県福岡市博多区博多駅南１－８－３４　博多駅ＦＲビル７階,130.42244999,33.58654951,geocoding,
A400002,一般財団法人　医療情報健康財団　健康財団クリニック,812-0026,福岡県福岡市博多区上川端町１４－３０－２０１,130.40829245,33.59527908,geocoding,
A400033,医療法人　牟田内科クリニック,812-0036,福岡県福岡市博多区上呉服町１０－１博多三井ビル地階,130.41059504,33.59755665,geocoding,
A400140,もとこクリニック祇園,812-0038,福岡県福岡市博多区祇園町２－８リアン祇園ビル２Ｆ,130.41473377,33.59262389,geocoding,
A400190,福嶋クリニック,812-0041,福岡県福岡市博多区吉塚１－１４－２３,130.42325527,33.60286459,geocoding,6
A400164,公益財団法人　ふくおか公衆衛生推進機構　県庁内クリニック,812-0045,福岡県福岡市博多区東公園７－７,130.41822214,33.60623357,geocoding,
A400031,医療法人　健誠会　ゆめタウン総合クリニック,812-0055,福岡県福岡市東区東浜１－１－１ゆめタウン２Ｆ,130.41171682,33.61156899,geocoding,
A400056,医療法人　荒巻医院,812-0061,福岡県福岡市東区筥松２－１４－４,130.42738503,33.61737127,geocoding,
A400169,船員保険　福岡健康管理センター,812-0063,福岡県福岡市東区原田３－４－１０,130.43632875,33.62025993,geocoding,
A400066,医療法人　亀田内科クリニック,812-0883,福岡県福岡市博多区南本町２－１－９,130.46240097,33.54694656,geocoding,
A400182,がんこクリニック,812-0888,福岡県福岡市博多区板付１－５－９,130.44860157,33.56979328,geocoding,
A400183,がんこクリニック　ららぽーと福岡,812-0893,福岡県福岡市博多区那珂６－２３－１ららぽーと福岡４Ｆ,130.44009389,33.564799,geocoding,
A400075,香住ヶ丘うちだクリニック,813-0003,福岡県福岡市東区香住ケ丘２－１５－１７,130.44088723,33.6733234,geocoding,
A400187,よしだ内科・外科・足クリニック,813-0044,福岡県福岡市東区千早３－６－３７ガーデンズ千早２Ｆ,130.43563039,33.6499705,geocoding,6
A400171,一般社団法人　日本健康倶楽部　福岡支部,813-0062,福岡県福岡市東区松島３－２９－１８,130.43848932,33.62846745,geocoding,6
A400077,ももち浜いけだクリニック,814-0001,福岡県福岡市早良区百道浜４－１３－２,130.3479195,33.58958725,geocoding,
A400149,医療法人　医王光徳会　フカガワクリニック,814-0002,福岡県福岡市早良区西新２－７－８ラクレイス西新２階,130.3607964,33.58481258,geocoding,
A400064,さかうえ内科循環器科,814-0013,福岡県福岡市早良区藤崎１－１－４７,130.34843636,33.58108801,geocoding,
A400036,医療法人　池田整形外科クリニック,814-0033,福岡県福岡市早良区有田７－１９－３３－１号,130.33187417,33.56217332,geocoding,
A400043,医療法人さかい内科循環器クリニック,814-0123,福岡県福岡市城南区長尾１－１３－２３－１,130.37874817,33.55972971,geocoding,6
A400085,瀬戸循環器内科クリニック,814-0144,福岡県福岡市城南区梅林２－２７－１３,130.35986133,33.54393383,geocoding,
A400046,やすなが内科クリニック,814-0161,福岡県福岡市早良区飯倉４－８－５－２,130.35307259,33.56161784,geocoding,
A400025,医療法人　菅原内科医院,815-0033,福岡県福岡市南区大橋２－３－２０,130.42939442,33.55804648,geocoding,
A400191,医療法人　よこやま内科,815-0041,福岡県福岡市南区野間２－２－２,130.4153643,33.56050168,geocoding,6
A400161,医療法人　陣の内脳神経外科クリニック,816-0802,福岡県春日市春日原北町３－６３,130.47272708,33.53680371,geocoding,
A400111,池田脳神経外科,816-0824,福岡県春日市小倉１－１,130.45689,33.53506171,geocoding,
A400196,つじファミリークリニック,816-0941,福岡県大野城市東大利３－１１－２８,130.48862548,33.52636353,geocoding,6
A400097,市川クリニック,816-0943,福岡県大野城市白木原１－１－５５,130.47975678,33.52848534,geocoding,
A400131,医療法人宝満会　うめづ医院,818-0024,福岡県筑紫野市原田２－６－１２,130.54524192,33.45486519,geocoding,
A400106,わかば耳鼻咽喉科アレルギー科クリニック,818-0024,福岡県筑紫野市原田７－９－２,130.54125336,33.4543319,geocoding,
A400135,山田小児科医院,818-0056,福岡県筑紫野市二日市北２－１－３,130.51842357,33.50210224,geocoding,
A400180,医療法人　二田哲博クリニック,819-0006,福岡県福岡市西区姪浜駅南１－２－１７,130.32592676,33.58326872,geocoding,
A400095,中村クリニック,819-0014,福岡県福岡市西区豊浜１－２－１２－１Ｆ,130.3382286,33.58764867,geocoding,
A400040,医療法人　真愛会　國崎真クリニック,819-0168,福岡県福岡市西区今宿駅前１－７－６,130.27593793,33.58041779,geocoding,
A400012,アカデミア　はらだ内科・消化器科,819-0387,福岡県福岡市西区富士見２－１４－１,130.23991582,33.5825214,geocoding,
A400013,医療法人　誠心会　井上病院,819-1104,福岡県糸島市波多江６９９－１,130.22633761,33.56095613,geocoding,
A400079,医療法人　フクヨ耳鼻咽喉科医院,819-1116,福岡県糸島市前原中央２－１３－２５,130.20312914,33.55917805,geocoding,
A400034,あい内科・消化器科クリニック,820-0017,福岡県飯塚市菰田西１－６－２４,130.68781775,33.62760925,geocoding,
A400116,医療法人　志成会　祷若宮医院,822-0152,福岡県宮若市沼口９６７－１,130.61144073,33.73678438,geocoding,
A400029,福井クリニック,826-0022,福岡県田川市本町１４－２９,130.79935948,33.62811347,geocoding,
A400082,医療法人　やまうちクリニック,830-0003,福岡県久留米市東櫛原町２３０３－２３,130.5180664,33.31926942,geocoding,
A400098,医療法人　内科・小児科　西村医院,830-0027,福岡県久留米市長門石４－４－６,130.48583703,33.32984315,geocoding,
A400063,医療法人　いむた小児科,830-0037,福岡県久留米市諏訪野町２２８４－８,130.52526866,33.30827333,geocoding,
A400060,医療法人　愛康内科医院,830-0051,福岡県久留米市南１－２７－２８,130.51867218,33.28822516,geocoding,
A400130,医療法人　幾嶋医院,832-0089,福岡県柳川市田脇７５４－３,130.37617496,33.17072844,geocoding,
A400129,医療法人　愛洋香　小林レディースクリニック,833-0027,福岡県筑後市水田９９３－１,130.48574121,33.19734255,geocoding,
A400113,医療法人　翔山会　やまもと内科循環器科医院,833-0033,福岡県筑後市上北島３１２－７,130.48780498,33.19673154,geocoding,
A400153,医療法人柳育会　新やなぎ健診クリニック,834-0006,福岡県八女市吉田１３４－１,130.55856575,33.2223104,geocoding,
A400086,医療法人　悠久会　大牟田共立病院,836-0012,福岡県大牟田市明治町３－７－５,130.4465092,33.04116056,geocoding,
A400091,医療法人　林田クリニック,836-0806,福岡県大牟田市東新町１－１－２,130.45149241,33.03783605,geocoding,
A400045,医療法人　吉岡クリニック,836-0852,福岡県大牟田市曙町７－２,130.44874012,33.02963679,geocoding,
A400092,医療法人　静光園　白川病院,837-0926,福岡県大牟田市上白川町１－１４６,130.46139129,33.04758806,geocoding,
A400139,医療法人社団　俊聖会　甘木中央病院,838-0068,福岡県朝倉市甘木６６７,130.65864582,33.41632375,geocoding,
A400150,山口整形外科クリニック,838-0103,福岡県小郡市三国が丘１－５０－２,130.56350222,33.43711946,geocoding,
A400103,松尾医院,838-0143,福岡県小郡市小板井２７９,130.55120794,33.39222455,geocoding,
A400070,医療法人　藤井整形外科内科医院,838-0228,福岡県朝倉郡筑前町二１３６－１,130.5634291,33.47473863,geocoding,
A410029,医療法人　純伸会　矢ヶ部医院,840-0015,佐賀県佐賀市木原３－２－１１,130.32321945,33.24733928,geocoding,
A410033,医療法人　同愛会　サンテ溝上病院,840-0811,佐賀県佐賀市大財１－６－６０,130.30388493,33.25679888,geocoding,
A410006,野下医院,841-0025,佐賀県鳥栖市曽根崎町１５５３－１,130.52638715,33.37842391,geocoding,
A410030,医療法人　かわらハートクリニック,841-0025,佐賀県鳥栖市曽根崎町２３７５,130.52400692,33.37781845,geocoding,
A410003,医療法人　せとじまクリニック,841-0046,佐賀県鳥栖市真木町１９７４－４,130.50669762,33.36081387,geocoding,
A410023,医療法人　藤戸医院,841-0047,佐賀県鳥栖市今泉町２４２５,130.51606096,33.36270005,geocoding,
A410002,医療法人社団　如水会　今村病院,841-0061,佐賀県鳥栖市轟木町１５２３－６,130.50541408,33.36774674,geocoding,
A410018,医療法人社団　武田内科医院,841-0072,佐賀県鳥栖市村田町７１５,130.48324306,33.35614688,geocoding,
A410001,中島医院,843-0024,佐賀県武雄市武雄町大字富岡８３０９,130.01939446,33.1963839,geocoding,
A410026,医療法人　太田医院,843-0304,佐賀県嬉野市嬉野町大字岩屋川内甲７７－１,129.9860924,33.09432747,geocoding,
A410027,医療法人　春陽会　上村病院,849-0913,佐賀県佐賀市兵庫町大字渕１９０３－１,130.31349469,33.28208594,geocoding,
A410007,医療法人まつもと内科・胃腸科クリニック,849-2204,佐賀県武雄市北方町大崎１３１８－１,130.05215535,33.22129325,geocoding,
A420015,ささの耳鼻咽喉科クリニック,850-0015,長崎県長崎市桜馬場１－４－１７,129.88777952,32.75318233,geocoding,
A420019,医療法人　赤司消化器クリニック,850-0031,長崎県長崎市桜町６－１０,129.87921091,32.75016027,geocoding,
A420026,医療法人　あおぞら内科クリニック,850-0035,長崎県長崎市元船町５－４メディカルモール元船２Ｆ,129.8719421,32.74893526,geocoding,
A420009,医療法人社団　博生会　大久保医院,850-0842,長崎県長崎市新地町４－１５,129.87365608,32.74112773,geocoding,
A420032,医療法人徳洲会　長崎北徳洲会病院,851-2131,長崎県西彼杵郡長与町北陽台１－５－１,129.87218682,32.8241609,geocoding,
A420024,医療法人社団　福江産婦人科医院,853-0032,長崎県五島市大荒町７３－２,128.83880406,32.69581206,geocoding,
A420008,医療法人　澤田胃腸科内科医院,856-0020,長崎県大村市小路口本町３３０－１,129.95462625,32.93826976,geocoding,
A420034,わたのべ内科医院,856-0021,長崎県大村市鬼橋町８５－２０,129.95202358,32.94769108,geocoding,6
A420030,医療法人　もとやまファミリークリニック,856-0817,長崎県大村市古賀島町１７７７－１,129.93738905,32.93102268,geocoding,
A420033,医療法人　愛和会　村上内科,857-0033,長崎県佐世保市城山町３－２１,129.71722635,33.18352037,geocoding,
A420001,えんどうファミリークリニック,857-0044,長崎県佐世保市相生町２－２７,129.7159738,33.17688478,geocoding,
A420022,医療法人　善陽会　やまぐち整形外科・リハビリテーション科,857-0862,長崎県佐世保市白南風町１－１６－２０３,129.72712851,33.16370849,geocoding,
A420003,すどう内科,858-0926,長崎県佐世保市大潟町６０－８,129.6621926,33.18417527,geocoding,
A420031,医療法人　山本整形外科,859-3615,長崎県東彼杵郡川棚町下組郷３７５－８,129.85777562,33.06799,geocoding,
A430039,医療法人　如水会　嶋田病院,860-0017,熊本県熊本市中央区練兵町２４,130.70219175,32.79820586,geocoding,
A430033,医療法人社団　トータルメディカルケア　きさぬきクリニック,860-0816,熊本県熊本市中央区本荘町７２０－３,130.70163386,32.78523211,geocoding,
A430041,医療法人　桜十字　メディメッセ桜十字クリニック,860-0833,熊本県熊本市中央区平成３－２３－３０サンリブシティくまなん３階,130.70466164,32.77767454,geocoding,
A430020,医療法人社団　小堀胃腸科外科,860-0862,熊本県熊本市中央区黒髪２－３２－３,130.72326218,32.81324898,geocoding,
A430029,医療法人ウッドメッド会　森永上野胃・腸・肛門科,860-0863,熊本県熊本市中央区坪井６－２２－１,130.71793752,32.81866793,geocoding,
A430001,医療法人　金澤会　青磁野リハビリテーション病院,860-8515,熊本県熊本市西区島崎２－２２－１５,130.69138692,32.80790499,geocoding,
A430035,医療法人春水会　山鹿中央病院,861-0501,熊本県山鹿市山鹿１０００,130.69066146,33.01516388,geocoding,
A430037,医療法人　川口会　川口病院,861-1331,熊本県菊池市隈府８２３－１,130.81244958,32.97613289,geocoding,
A430040,医療法人　如水会　嘉島クリニック,861-3101,熊本県上益城郡嘉島町鯰２６３９,130.73864083,32.74390841,geocoding,
A430014,医療法人　桜十字　桜十字病院,861-4173,熊本県熊本市南区御幸木部１－１－１,130.71448954,32.75034643,geocoding,
A430016,土井内科クリニック,861-5255,熊本県熊本市南区砂原町３４１,130.66054052,32.76469994,geocoding,
A430028,医療法人　清河会　河本内科小児科クリニック,861-5525,熊本県熊本市北区徳王１－７－６,130.70906307,32.84024664,geocoding,6
A430005,医療法人ヴィータ　清水新地中山クリニック,861-8075,熊本県熊本市北区清水新地７－９－２２,130.74923603,32.85662617,geocoding,
A430013,医療法人しみず会　しみず整形外科内科クリニック,862-0963,熊本県熊本市南区出仲間６－１１－１,130.71889125,32.77361948,geocoding,
A430022,医療法人　福永会　福永耳鼻咽喉科医院,862-0975,熊本県熊本市中央区新屋敷１－２１－７,130.72011804,32.80347486,geocoding,
A430030,岡医院,868-0055,熊本県人吉市南町２０,130.7628818,32.20546007,geocoding,
A430036,医療法人慧仁会　西山クリニック,869-0105,熊本県玉名郡長洲町清源寺２７９４－１,130.47403385,32.91874869,geocoding,
A430038,医療法人社団　金森会　かなもり地域ケアクリニック,869-0408,熊本県宇土市築籠町１３９－４,130.6597151,32.68895639,geocoding,
A440033,社会医療法人　関愛会　王子クリニック,870-0009,大分県大分市王子町１－１１,131.59072932,33.24268739,geocoding,
A440006,医療法人　畏敬会　井野辺府内クリニック,870-0021,大分県大分市府内町１－３－２３,131.61001635,33.23523895,geocoding,
A440010,医療法人　ストレスケア若草　深川内科クリニック,870-0035,大分県大分市中央町２－１－１７ブンゴヤ本社ビル３０１,131.60575566,33.23593314,geocoding,
A440036,社会医療法人　関愛会　よつばファミリークリニック,870-0126,大分県大分市大字横尾１８５９,131.66341284,33.20599942,geocoding,
A440023,三好医院,870-0127,大分県大分市大字森町５３４－１０,131.68108231,33.22864186,geocoding,
A440015,むねむら大腸肛門病院,870-0844,大分県大分市古国府５－１－２９,131.60613945,33.21545731,geocoding,
A440034,舞鶴内科クリニック,870-0931,大分県大分市西浜３－８,131.62547039,33.24742964,geocoding,
A440011,松本内科循環器科クリニック,870-0952,大分県大分市下郡北３－２１－２５,131.63461713,33.23031443,geocoding,
A440031,医療法人社団　親和会　えとう内科病院,870-1113,大分県大分市中判田１４２８－１,131.63202702,33.16737076,geocoding,
A440038,中津胃腸病院,871-0162,大分県中津市大字永添５１０,131.20538446,33.57970707,geocoding,6
A440002,中村たかクリニック,874-0923,大分県別府市新港町１－３０,131.50095485,33.29609842,geocoding,
A440035,高田中央病院,879-0627,大分県豊後高田市新地１１７６番地１,131.44058236,33.5551321,geocoding,
A440032,帰巖会　みえ病院,879-7111,大分県豊後大野市三重町赤嶺１２５０－１,131.6005979,32.98770458,geocoding,
A450024,清水中央クリニック,880-0021,宮崎県宮崎市清水１－３－４,131.42131861,31.91767418,geocoding,6
A450051,公益財団法人　宮崎県健康づくり協会,880-0032,宮崎県宮崎市霧島１－１－２総合保健センター内,131.41407984,31.92677574,geocoding,
A450018,ごとう整形外科,880-0835,宮崎県宮崎市阿波岐原町坂元２０１１－３,131.45190736,31.93130684,geocoding,
A450036,こまき内科,880-0841,宮崎県宮崎市吉村町江田原甲２６１－４,131.44488893,31.92514455,geocoding,
A450029,医療法人　ひらかわ整形外科クリニック,880-0841,宮崎県宮崎市吉村町長田甲２３７６,131.44706074,31.911234,geocoding,
A450030,医療法人　廣千会　福元医院,880-0841,宮崎県宮崎市吉村町北原甲１４４６,131.44087242,31.92157154,geocoding,
A450049,なかしま外科・内科,880-0904,宮崎県宮崎市中村東２－４－８,131.41873897,31.89869313,geocoding,
A450004,原田内科クリニック,880-0904,宮崎県宮崎市中村東２－７－１０,131.41961669,31.89852375,geocoding,
A450045,医療法人　将優会　クリニックうしたに,880-0916,宮崎県宮崎市大字恒久５０６５,131.41232307,31.89000772,geocoding,
A450016,医療法人　皓智会　山内ファミリークリニック,880-0921,宮崎県宮崎市本郷南方３９８８,131.43147794,31.86602164,geocoding,
A450020,医療法人　山笑会　はるやま医院,880-0925,宮崎県宮崎市本郷北方２１０７－１,131.42629458,31.87768217,geocoding,
A450013,医療法人　照葉会　井手医院,880-0929,宮崎県宮崎市まなび野２－３９－１,131.42008767,31.85989957,geocoding,
A450034,（医）社団　誠和会　藤木内科外科クリニック,880-2112,宮崎県宮崎市大字小松２９８０－１,131.38503721,31.92793602,geocoding,
A450038,医療法人　清和会　吉森医院,883-0014,宮崎県日向市原町４－１－８,131.63486941,32.42378557,geocoding,
A450043,はまだクリニック,885-0019,宮崎県都城市祝吉２－４－９,131.08222738,31.74502438,geocoding,
A450009,医療法人　杏明会　冨田医院,885-0023,宮崎県都城市栄町１４－２,131.07770291,31.73423914,geocoding,
A450007,医療法人　柊山医院,886-0007,宮崎県小林市真方１１８,130.97499252,31.99833632,geocoding,
A450031,医療法人　外山皮膚科,887-0001,宮崎県日南市油津２－６－７－２,131.4044072,31.58259735,geocoding,
A450041,北村内科胃腸科医院,889-1702,宮崎県宮崎市田野町乙９３５３－１,131.29887705,31.83847888,geocoding,
A450050,春光会記念病院,889-2533,宮崎県日南市大字星倉４６００－１,131.36855262,31.6148473,geocoding,
A460020,医療法人　愛樹会　外山内科クリニック,890-0008,鹿児島県鹿児島市伊敷５－１９－２５,130.52708577,31.6263527,geocoding,
A460021,医療法人　友邦　松村医院,890-0053,鹿児島県鹿児島市中央町１３－８,130.54531426,31.58297873,geocoding,
A460043,医療法人　浩仁会　内科・消化器内科　勝山クリニック,890-0053,鹿児島県鹿児島市中央町２２－１６アエールプラザ３Ｆ,130.5426507,31.58220085,geocoding,
A460049,たけのはし大山医院,890-0056,鹿児島県鹿児島市下荒田１－２０－３,130.55582423,31.57922711,geocoding,
A460051,医療法人恵山会　共立病院,890-0069,鹿児島県鹿児島市南郡元町１１－１１,130.54541193,31.55652642,geocoding,6
A460050,田村クリニック,890-0073,鹿児島県鹿児島市宇宿３－２９－１０,130.53717703,31.54304158,geocoding,6
A460025,つみのり内科クリニック,891-0105,鹿児島県鹿児島市中山町５１５７,130.50035881,31.53721169,geocoding,
A460005,医療法人　圭裕会　南記念クリニック,891-0401,鹿児島県指宿市大牟礼３－２４－１５,130.64461084,31.24675393,geocoding,
A460019,医療法人　友心会　福元クリニック,892-0816,鹿児島県鹿児島市山下町１２－８ｉｎｇ．ＢＬＤ２階,130.55720127,31.59738638,geocoding,
A460028,医療法人　孔生会　宮田内科消化器科,892-0877,鹿児島県鹿児島市吉野１－９－１２,130.56878479,31.64728724,geocoding,
A460026,かずや内科,894-0045,鹿児島県奄美市名瀬平松町５３２,129.46734226,28.39892772,geocoding,
A460039,医療法人　虹　虹クリニック,895-0006,鹿児島県薩摩川内市田崎町２１４－１,130.33282773,31.81128704,geocoding,
A460044,霧島杉安病院,899-4201,鹿児島県霧島市霧島田口２１４３,130.85579147,31.84741497,geocoding,
A460013,医療法人昭裕会　うえぞの内科クリニック,899-4322,鹿児島県霧島市国分福島３－５１－１１,130.76519694,31.73271261,geocoding,
A460015,医療法人サンライフ　国分外科胃腸科,899-4346,鹿児島県霧島市国分府中町１３－２３,130.75984695,31.74433675,geocoding,
A460048,医療法人　松城会　隼人温泉病院,899-5111,鹿児島県霧島市隼人町姫城１－２６４－２,130.75656838,31.76623213,geocoding,
A460038,医療法人　尚來会　いわつぼ耳鼻咽喉科・めまいクリニック,899-5431,鹿児島県姶良市西餅田１１８－２,130.6297433,31.73654096,geocoding,
A460047,医療法人　昭山会　佐藤医院,899-6401,鹿児島県霧島市溝辺町有川３２７－２,130.68046755,31.83045954,geocoding,
A460045,医療法人　桃蹊会　霧島桜ヶ丘病院,899-6603,鹿児島県霧島市牧園町高千穂３６１７－９８,130.81901235,31.87924202,geocoding,
A460040,医療法人　一斉会　陽春堂内科診療所,899-7103,鹿児島県志布志市志布志町志布志２８６－４,131.09365812,31.48320721,geocoding,
A470039,愛和ファミリークリニック,900-0006,沖縄県那覇市おもろまち３－６－３愛和ＢＬＤ２階,127.69465909,26.22991066,geocoding,
A470017,医療法人　げんき会　伊志嶺整形外科,900-0015,沖縄県那覇市久茂地３－２４－１４,127.68159163,26.2163396,geocoding,
A470042,いろのわクリニック,900-0021,沖縄県那覇市泉崎２－７－２,127.67937296,26.20975425,geocoding,
A470014,開邦クリニック,900-0024,沖縄県那覇市古波蔵２－４－１４,127.68692878,26.20168332,geocoding,
A470013,かなぐすくクリニック,901-0155,沖縄県那覇市金城５－１６－１３,127.66455553,26.19703021,geocoding,
A470033,バークレー内科,901-2104,沖縄県浦添市当山２－２－１１－３０１バークレーズメディカルモール３Ｆ,127.73839693,26.25268774,geocoding,
A470004,医療法人　太陽会　かりまた内科医院,901-2121,沖縄県浦添市内間４－２３－２１,127.70229983,26.2411849,geocoding,
A470009,浦添協同クリニック,901-2126,沖縄県浦添市宮城３－１－５,127.70750211,26.24628463,geocoding,
A470002,医療法人　愛知クリニック,901-2206,沖縄県宜野湾市愛知１－２－１２,127.76874654,26.27037852,geocoding,
A470010,医療法人　ヨシ惟　いきいき耳鼻咽喉科クリニック,901-2212,沖縄県宜野湾市長田１－１－３,127.76471932,26.26539552,geocoding,
A470037,クリニック　ぎのわん,901-2223,沖縄県宜野湾市大山７－７－２２,127.74539761,26.28749874,geocoding,
A470001,一般財団法人　琉球生命済生会　琉生病院,902-0066,沖縄県那覇市字大道５６,127.70106788,26.21783728,geocoding,
A470038,医療法人瑞愛翔　みのり内科クリニック,904-1106,沖縄県うるま市石川２４０８,127.82962221,26.43415915,geocoding,
A470041,医療法人社団明日望　アスボメディカルクリニック,904-1201,沖縄県国頭郡金武町字金武１０８９７,127.94483994,26.46027639,geocoding,
A470026,医療法人　明清会　美里ヒフ科,904-2154,沖縄県沖縄市東２－５－１４,127.82473949,26.34743128,geocoding,
A470031,医療法人　下地診療所,906-0304,沖縄県宮古島市下地字上地６３４－１,125.28323695,24.74923016,geocoding,
A180004,医療法人　慈豊会　田中病院,910-0005,福井県福井市大手２－３－１,136.22404893,36.06426668,geocoding,
A180028,多賀内科循環器科医院,910-0015,福井県福井市二の宮４－２－６,136.21296692,36.08335554,geocoding,
A180029,高橋クリニック,910-0017,福井県福井市文京３－２４－１２,136.20948966,36.07986418,geocoding,
A180032,中永医院,910-0023,福井県福井市順化１－１８－１７,136.21615521,36.06630505,geocoding,
A180022,公益財団法人　福井県労働衛生センター,910-0029,福井県福井市日光１－３－１０,136.20294022,36.07187064,geocoding,
A180040,医療法人社団　畑内科,910-0143,福井県福井市下森田新町５０１,136.22930158,36.10746186,geocoding,
A180035,医療法人彰永会　舟橋内科クリニック,910-0808,福井県福井市舟橋１－３０１－１,136.22602115,36.09858773,geocoding,6
A180047,福井県厚生農業協同組合連合会,910-8564,福井県福井市大手３－２－１８,136.22137694,36.06366112,geocoding,
A180020,医療法人　明峰会　明峰クリニック,914-0056,福井県敦賀市津内町３－６－３８,136.07028289,35.64764985,geocoding,
A180001,つきおか内科　内視鏡クリニック,915-0803,福井県越前市平出２－１３－２,136.16143319,35.91146374,geocoding,5
A180013,医療法人　至要会　広瀬病院,916-0025,福井県鯖江市旭町１－２－８,136.18735965,35.94389876,geocoding,
A180017,木村病院,916-0025,福井県鯖江市旭町４－４－９,136.18670394,35.94883135,geocoding,
A180046,医療法人　高野病院,916-0026,福井県鯖江市本町２－３－１０,136.18383498,35.94555675,geocoding,
A180039,津田クリニック,916-0061,福井県鯖江市平井町４３－１－３,136.16862232,35.95792412,geocoding,
A180041,吉井医院,917-0086,福井県小浜市小浜塩竈区８１－１,135.74143629,35.49870341,geocoding,
A180048,本馬医院,917-0093,福井県小浜市水取１－６－９,135.75252143,35.50483931,geocoding,
A180012,医療法人　貴昭会　大久保外科内科医院,918-8004,福井県福井市西木田２－１１－８,136.21274999,36.05278451,geocoding,
A180042,福井はやし整形外科,918-8057,福井県福井市加茂河原３－８－６,136.19208255,36.06254115,geocoding,
A180008,奥村病院,918-8104,福井県福井市板垣５－２０１,136.22802718,36.04413601,geocoding,
A180016,公益財団法人　福井県予防医学協会,918-8238,福井県福井市和田２－１００６,136.24165666,36.04849966,geocoding,
A170082,わせだ＠ホームクリニック,920-0025,石川県金沢市駅西本町２－５－２０,136.63611925,36.58173838,geocoding,
A170083,一般社団法人　スコール金沢,920-0031,石川県金沢市広岡３－３－７０,136.64676582,36.58191356,geocoding,6
A170015,医療法人社団　竹田内科クリニック,920-0043,石川県金沢市長田２－１－８,136.63959438,36.57507545,geocoding,
A170043,医療法人社団　健巧会　江守クリニック（あすなろファミリークリニック）,920-0062,石川県金沢市割出町７０９－１,136.63647642,36.60214107,geocoding,
A170001,あずきさわ内科クリニック,920-0342,石川県金沢市畝田西３－６２－１,136.60722363,36.59553045,geocoding,
A170063,ふじむらクリニック,920-0345,石川県金沢市藤江北３－４６－１,136.6198922,36.58895106,geocoding,
A170006,ティーズ内科クリニック,920-0348,石川県金沢市松村４－３０８,136.61178501,36.58292407,geocoding,
A170068,一般財団法人　石川県予防医学協会,920-0365,石川県金沢市神野町東１１５,136.60057334,36.56485685,geocoding,
A170030,医療法人社団　福音会　なるわクリニック,920-0804,石川県金沢市鳴和１－１６－６,136.67401644,36.58743541,geocoding,
A170025,坂戸医院,920-0816,石川県金沢市山の上町５－３,136.66987549,36.57820622,geocoding,
A170032,つなむらクリニック,920-0853,石川県金沢市本町１－３－３８,136.65259908,36.57499797,geocoding,
A170049,柴山クリニック,920-0901,石川県金沢市彦三町１－７－３４,136.66074862,36.57291235,geocoding,
A170019,小森耳鼻咽喉科医院,920-0911,石川県金沢市橋場町３－９,136.66438178,36.57070441,geocoding,
A170059,医療法人社団　加賀白山会　白鳥路クリニック,920-0912,石川県金沢市大手町９－１３,136.66399299,36.56895187,geocoding,
A170060,早川浩之の内科医院,920-0992,石川県金沢市上柿木畠２－４,136.65718277,36.55938627,geocoding,
A170045,土田整形外科クリニック,920-1156,石川県金沢市田上の里２－１２８,136.6910777,36.54812694,geocoding,
A170058,三宅医院,920-3126,石川県金沢市福久１－９５,136.67965382,36.61642569,geocoding,
A170080,医療法人社団　健巧会　なつこクリニック,920-8217,石川県金沢市近岡町４２８－１,136.63123466,36.61036758,geocoding,
A170081,社会福祉法人　聖霊病院　金沢聖霊総合病院,920-8551,石川県金沢市長町１－５－３０,136.65041076,36.56533532,geocoding,
A170042,佐伯ペインクリニック,921-8036,石川県金沢市弥生２－２１－１５,136.64450635,36.54706795,geocoding,
A170067,医療法人社団　永幸会　ながい内科クリニック,921-8052,石川県金沢市保古１－１７５,136.62020498,36.558169,geocoding,
A170018,公益社団法人　石川勤労者医療協会　健生クリニック,921-8105,石川県金沢市平和町３－５－２,136.66092196,36.54114115,geocoding,
A170044,中嶋医院,921-8111,石川県金沢市若草町２－３５,136.65640832,36.54478233,geocoding,
A170026,山下医院,921-8117,石川県金沢市緑が丘３－７,136.65516123,36.54329359,geocoding,
A170079,医療法人　いけだなおき内科医院,921-8147,石川県金沢市大額３－２６６,136.62541411,36.51483544,geocoding,
A170036,さかえ内科クリニック,921-8151,石川県金沢市窪３－１８５,136.64139062,36.52304026,geocoding,
A170075,医療法人社団　中央会　金沢有松病院,921-8161,石川県金沢市有松５－１－７,136.63901257,36.5392549,geocoding,
A170022,医療法人社団　大斉会　さいとう内科医院,921-8162,石川県金沢市三馬１－４００,136.62973027,36.52627579,geocoding,
A170076,医療法人社団　洋和会　池田病院,921-8824,石川県野々市市新庄２－１０,136.61055428,36.49715694,geocoding,
A170074,特定医療法人　扇翔会　南ヶ丘病院,921-8847,石川県野々市市西部中央土地区画整理事業施行地区５６街区１番,136.59293036,36.52625884,geocoding,
A170037,医療法人社団　昴生会　吉田医院,922-0112,石川県加賀市山中温泉西桂木町ト－４－２,136.37489201,36.2519956,geocoding,
A170050,医療法人社団　大有　のざきクリニック,922-0423,石川県加賀市作見町ヘ１７－１,136.35582208,36.31801491,geocoding,
A170010,加賀たちばな元気クリニック,922-0424,石川県加賀市小菅波町１－７０加賀温泉駅前ビル３階,136.34994498,36.31872577,geocoding,
A170038,医療法人社団　吉田耳鼻咽喉科医院,923-0831,石川県小松市打越町丁１４－１,136.47259432,36.39794081,geocoding,
A170046,よしだ小児科クリニック,923-1225,石川県能美市松が岡３－６７,136.52798895,36.43579983,geocoding,
A170084,医療法人社団和楽仁　芳珠記念病院,923-1226,石川県能美市緑が丘１１－７１,136.53601046,36.44199659,geocoding,6
A170004,医療法人社団　東野会東野病院,923-8510,石川県小松市今江町７－４６８,136.43280333,36.37737804,geocoding,
A170071,特定医療法人社団　勝木会　やわたメディカルセンター,923-8551,石川県小松市八幡イ１２－７,136.49104044,36.39190406,geocoding,
A170073,安原医院,924-0801,石川県白山市田中町２４２,136.58973056,36.53208035,geocoding,
A170005,やなぎ内科クリニック,924-0802,石川県白山市専福寺町１６１－１,136.58755588,36.52310364,geocoding,
A170023,社団法人　石川勤労者医療協会　羽咋診療所,925-0049,石川県羽咋市柳橋町堂田５３－１,136.78641733,36.89283206,geocoding,
A170069,うおぎし医院,926-0028,石川県七尾市藤野町ハ部１６,136.96677643,37.02815892,geocoding,
A170057,田中内科クリニック,926-0816,石川県七尾市藤橋町戌１５－１,136.95443282,37.03899891,geocoding,
A170078,医療法人社団　森クリニック,926-0821,石川県七尾市国分町セ３２－３,136.93366009,37.03552082,geocoding,
A170007,医療法人社団　あさもとクリニック,929-0112,石川県能美市福島町タ３８－３,136.46541254,36.45658887,geocoding,
A170039,医療法人社団　米島医院,929-0113,石川県能美市大成町ト１１８－６,136.46057948,36.45213605,geocoding,
A170064,医療法人社団　しおのやクリニック,929-0217,石川県白山市湊町レ３３－１,136.47716967,36.47719839,geocoding,
A160023,ミワ内科クリニック,930-0002,富山県富山市新富町１－４－３三羽ビル２階,137.21087398,36.69937012,geocoding,
A160017,医療法人社団　若葉会　髙重記念クリニック,930-0033,富山県富山市元町２－３－２０,137.2303473,36.68882205,geocoding,
A160021,一般財団法人　北陸予防医学協会　富山健康管理センター,930-0177,富山県富山市西二俣２７７－３,137.13279673,36.71916622,geocoding,
A160056,一般財団法人　北陸予防医学協会　とやま健診プラザ,930-0811,富山県富山市千代田町２－１,137.22444429,36.71800148,geocoding,
A160046,伊東耳鼻咽喉科クリニック,930-0816,富山県富山市上赤江町２－１－１２,137.23199094,36.71462987,geocoding,
A160026,高野耳鼻咽喉科医院,930-0966,富山県富山市石金３－１－３９,137.23681055,36.68727523,geocoding,
A160044,東岩瀬クリニック,931-8336,富山県富山市高畠町１－１１－１１,137.23084327,36.74943461,geocoding,
A160035,医療法人社団　竹越内科クリニック,933-0014,富山県高岡市野村３７７－７,137.03331639,36.74645503,geocoding,
A160038,キタノ整形外科クリニック,933-0802,富山県高岡市蓮花寺５６４－１,137.0326753,36.73796997,geocoding,
A160034,さのクリニック,933-0826,富山県高岡市佐野９１９－３,136.99181651,36.72705653,geocoding,
A160055,上野医院,933-0857,富山県高岡市木津６０３番地,136.99859812,36.73716689,geocoding,
A160020,一般財団法人　北陸予防医学協会　高岡総合健診センター,933-0945,富山県高岡市金屋本町１－３,137.00704607,36.75079895,geocoding,
A160027,藤田内科クリニック,933-0955,富山県高岡市瑞穂町４－２５,136.99576956,36.75034605,geocoding,
A160054,姫野病院,934-0022,富山県射水市放生津町１５－４,137.08807398,36.78146904,geocoding,
A160062,高嶋クリニック,935-0017,富山県氷見市丸の内１０－５,136.9861439,36.85671143,geocoding,6
A160013,医療法人社団　澤武医院,935-0021,富山県氷見市幸町１－１３,136.98448301,36.85636145,geocoding,
A160030,沢口胃腸科クリニック,937-0058,富山県魚津市火の宮町１－７,137.39755732,36.81907596,geocoding,
A160014,青山内科,937-0061,富山県魚津市仏田３３０３,137.40770318,36.83867177,geocoding,
A160053,医療法人社団　川瀬医院,939-0657,富山県下新川郡入善町東狐１０３１,137.47431545,36.91835901,geocoding,
A160059,さわだクリニック,939-1355,富山県砺波市杉木２－１２１,136.95328696,36.64795485,geocoding,
A160032,さかした医院,939-1363,富山県砺波市太郎丸１－８－６,136.95958005,36.6325079,geocoding,
A160041,吉山医院,939-2251,富山県富山市下大久保１０５５,137.2072661,36.61029511,geocoding,
A160058,医療法人社団　親和会　富山西リハビリテーション病院,939-2716,富山県富山市婦中町下轡田１０１０,137.17345171,36.65941096,geocoding,
A160001,公益財団法人　友愛健康医学センター,939-2741,富山県富山市婦中町中名１５５４－１７,137.16370849,36.64694565,geocoding,6
A160019,みずはし整形外科・予防医療クリニック,939-3515,富山県富山市水橋辻ケ堂１２７５－１７０,137.29741989,36.74477517,geocoding,
A160039,医療法人社団　堀川内科クリニック,939-8072,富山県富山市堀川町２１６－３,137.22023808,36.66598062,geocoding,
A160050,一般社団法人　日本健康倶楽部　北陸支部,939-8211,富山県富山市二口町４－３－１,137.20622563,36.66973266,geocoding,
A150047,じゅん脳外科・内科,940-0025,新潟県長岡市泉２－４－１,138.85242032,37.46453744,geocoding,
A150043,（医）山井医院,940-0033,新潟県長岡市今朝白２－８－８,138.85863673,37.4489586,geocoding,
A150078,医療法人社団　青柳医院,940-0046,新潟県長岡市四郎丸２－４－１２,138.85581809,37.44074011,geocoding,
A150020,みつまクリニック,940-0071,新潟県長岡市表町４丁目１－７,138.84820184,37.45176377,geocoding,
A150035,医療法人社団　おおじま内科医院,940-2104,新潟県長岡市大島新町４－１２１－１４,138.81902529,37.44626425,geocoding,
A150002,一般財団法人　新潟県けんこう財団　長岡健康管理センター,940-2108,新潟県長岡市千秋２－２２９－１,138.82685134,37.45583243,geocoding,
A150018,一般社団法人　新潟県労働衛生医学協会　附属アクアーレ長岡健康増進センター,940-2147,新潟県長岡市新陽２－５－１アクアーレ長岡２Ｆ,138.75328763,37.42912874,geocoding,
A150069,医療法人社団　長明会　しまだ医院,941-0024,新潟県糸魚川市大字西谷内５３－５,137.92089229,37.04189249,geocoding,
A150064,なかむらこどもクリニック,941-0067,新潟県糸魚川市横町２－３－６,137.85283613,37.04376287,geocoding,
A150033,川端内科消化器科医院,942-0061,新潟県上越市春日新田１－２０－１３,138.25549408,37.1704563,geocoding,
A150028,医療法人社団　揚石医院,944-0011,新潟県妙高市石塚町１－１４－８,138.25090264,37.03330026,geocoding,
A150075,稲田医院,945-0074,新潟県柏崎市春日１－６－２３－１０,138.56909789,37.37971523,geocoding,
A150015,一般社団法人　新潟県労働衛生医学協会　附属柏崎検診センター,945-0851,新潟県柏崎市大久保１－３－７,138.54932066,37.36518323,geocoding,
A150016,一般社団法人　新潟県労働衛生医学協会　附属小出検診センター,946-0011,新潟県魚沼市小出島１２４０－１３,138.96631897,37.22965034,geocoding,
A150017,一般社団法人　新潟県労働衛生医学協会　附属十日町検診センター,948-0057,新潟県十日町市春日１１３,138.7503214,37.13078369,geocoding,
A150068,医療法人社団　本町クリニック,948-0082,新潟県十日町市本町３－３６２プラザコアビル,138.76109811,37.13293888,geocoding,
A150032,医療法人社団　内山医院,949-3443,新潟県上越市吉川区下町１１６１－１,138.40730967,37.22258542,geocoding,
A150042,医療法人社団　卓志会　空港前クリニック,950-0005,新潟県新潟市東区太平３－７－１,139.10857725,37.9457749,geocoding,
A150001,一般財団法人　新潟県けんこう財団　新潟健診プラザ,950-0914,新潟県新潟市中央区紫竹山２－６－１０,139.06885772,37.90160858,geocoding,
A150007,一般社団法人　新潟県労働衛生医学協会　附属プラーカ健康増進センター,950-0917,新潟県新潟市中央区天神１－１プラーカ３ー５Ｆ,139.06195214,37.91034915,geocoding,
A150055,一般社団法人　新潟縣健康管理協会,950-0965,新潟県新潟市中央区新光町１１－１,139.02143942,37.8993326,geocoding,
A150024,うえの内科・外科　クリニック,950-1141,新潟県新潟市江南区鐘木５７９－２,139.03895342,37.86848959,geocoding,
A150004,一般社団法人　新潟県労働衛生医学協会,950-1187,新潟県新潟市西区北場１１８５－３,139.00308713,37.86582755,geocoding,
A150046,医療法人社団　石崎医院,950-1217,新潟県新潟市南区白根１３０６,139.01634366,37.76363394,geocoding,
A150077,一般財団法人　新潟県けんこう財団　西新潟健診プラザ,950-2028,新潟県新潟市西区小新南２－１－６０,138.99294342,37.86768232,geocoding,
A150041,医療法人社団　前田内科クリニック,950-2041,新潟県新潟市西区坂井東２－２－２９,138.98186308,37.87696672,geocoding,
A150054,みうらクリニック,950-2041,新潟県新潟市西区坂井東４－３－２４,138.97647532,37.87041452,geocoding,5
A150059,いぬかい耳鼻科クリニック,950-3327,新潟県新潟市北区石動１－１６－８,139.21276071,37.92181437,geocoding,
A150056,すこやか医院,950-3373,新潟県新潟市北区須戸６９５－１,139.18698333,37.91686192,geocoding,
A150037,医療法人社団　祥慶会　渡辺記念クリニック,951-8068,新潟県新潟市中央区上大川前通８－１２９１,139.04818327,37.92321681,geocoding,
A150006,一般社団法人　新潟県労働衛生医学協会　附属集団検診センター,951-8133,新潟県新潟市中央区川岸町１－３９－５,139.03199391,37.912976,geocoding,
A150003,公益財団法人　新潟県保健衛生センター,951-8680,新潟県新潟市中央区白山浦２－１８０－５,139.02938015,37.91412576,geocoding,
A150019,一般社団法人　新潟県労働衛生医学協会　附属佐渡検診センター,952-0313,新潟県佐渡市真野７０３－１,138.34476167,37.95978542,geocoding,
A150011,一般社団法人　新潟県労働衛生医学協会　附属岩室成人病検診センター,953-0103,新潟県新潟市西蒲区橋本１４３－１,138.84041135,37.73349061,geocoding,
A150049,医療法人社団　桂杏会　石黒内科医院,955-0082,新潟県三条市西裏館１－１０－４６,138.95326727,37.6343567,geocoding,
A150010,一般社団法人　新潟県労働衛生医学協会　附属県央健診スクエア,955-0091,新潟県三条市上須頃４－１,138.93546672,37.63516156,geocoding,
A150036,医療法人社団　ほしの医院,956-0021,新潟県新潟市秋葉区北上新田８０４－１,139.11539694,37.81477797,geocoding,
A150008,一般社団法人　新潟県労働衛生医学協会　附属新津成人病検診センター,956-0035,新潟県新潟市秋葉区程島２００９,139.11375135,37.7880198,geocoding,
A150051,医療法人社団　せき内科消化器科医院,957-0054,新潟県新発田市本町３－５－１５,139.33676608,37.95170178,geocoding,
A150072,医療法人社団　葵会　新潟聖籠病院,957-0124,新潟県北蒲原郡聖籠町蓮野５９６８－２,139.25363722,37.97292397,geocoding,
A150012,一般社団法人　新潟県労働衛生医学協会　附属燕検診センター,959-1200,新潟県燕市東太田字杉名田６８５７産業安全衛生会館内,138.91445375,37.67022247,geocoding,
A150062,医療法人社団　石曽根医院,959-1701,新潟県五泉市石曽根７９９０,139.1837689,37.69657966,geocoding,
A150058,たけだ内科クリニック,959-1707,新潟県五泉市村松１２８８－１,139.17725814,37.69879045,geocoding,
A070001,奥野胃腸科内科医院,960-0101,福島県福島市瀬上町字寺前７,140.49287763,37.80276862,geocoding,
A070013,公益財団法人　福島県労働保健センター,960-0114,福島県福島市沖高字北貴船１－２,140.4660575,37.80668955,geocoding,
A070028,医療法人　かしの木内科クリニック,960-0418,福島県伊達市岡前２０－６,140.50530121,37.82191688,geocoding,
A070102,医療法人　桑名医院,960-0461,福島県伊達市片町４１,140.50165713,37.81986979,geocoding,
A070094,あづま脳神経外科病院附属　ほばらクリニック,960-0634,福島県伊達市保原町大泉字小作逢１５－１,140.56878991,37.83205614,geocoding,
A070032,（医）天藤会　阪内医院,960-0756,福島県伊達市梁川町青葉町９７,140.59973983,37.84662229,geocoding,
A070107,ゆう愛クリニック,960-0801,福島県伊達市霊山町掛田字西裏４９－１,140.59338412,37.78457569,geocoding,6
A070096,医療法人　創仁会　あらいクリニック,960-2156,福島県福島市荒井字弁天前１７－１,140.38423882,37.72389073,geocoding,
A070035,クリニック２１,960-8031,福島県福島市栄町６－６ＮＢＦユニックスビル２Ｆ,140.461507,37.75480595,geocoding,
A070060,医療法人　菊池クリニック,960-8112,福島県福島市花園町７－３１,140.47411658,37.76275549,geocoding,
A070086,医療法人白寿会　福島中央病院,960-8165,福島県福島市吉倉字谷地５２,140.44629511,37.74251238,geocoding,
A070067,かんの消化器科外科医院,960-8202,福島県福島市山口字雷２０,140.51113014,37.77087507,geocoding,
A070045,敦記念　田口医院,961-0074,福島県白河市郭内１１,140.21681429,37.12793385,geocoding,
A070014,みやのもりクリニック,962-0001,福島県須賀川市森宿字横見根１３－３,140.37190833,37.31682101,geocoding,
A070008,医療法人　秀和会　折笠クリニック,962-0822,福島県須賀川市東作１４６－７,140.38497891,37.27876713,geocoding,
A070075,医療法人　慈慧会　安積整形外科,963-0107,福島県郡山市安積３－３４７,140.36245692,37.35686698,geocoding,
A070058,山口内科クリニック,963-0111,福島県郡山市安積町字荒井萬海８３－１,140.34157488,37.37649485,geocoding,
A070043,医療法人　慈圭会　すがのクリニック,963-0209,福島県郡山市御前南６－１６,140.33077844,37.38637656,geocoding,
A070106,公益財団法人　福島県労働保健センター　こおりやま健診プラザ,963-0547,福島県郡山市喜久田町卸２－１５－１,140.34178437,37.43597168,geocoding,
A070023,さとう耳鼻咽喉科クリニック,963-4312,福島県田村市船引町船引字堰田８２－１８,140.58463172,37.4475349,geocoding,
A070095,医療法人　聖友会　東舘診療所,963-5118,福島県東白川郡矢祭町東舘反田１３－１,140.42398838,36.86776961,geocoding,
A070100,医療法人　味原医院,963-6313,福島県石川郡玉川村大字川辺字和尚平２７９,140.41152208,37.19194141,geocoding,
A070061,石橋医院,963-8002,福島県郡山市駅前１－１４－１６,140.38656412,37.39472988,geocoding,
A070053,医療法人　中町耳鼻咽喉科クリニック,963-8004,福島県郡山市中町１４－１７,140.38493921,37.39525199,geocoding,
A070090,医療法人　郡山病院,963-8005,福島県郡山市清水台２－７－４,140.38195038,37.39966528,geocoding,
A070050,医療法人　海野医院,963-8046,福島県郡山市町東３－１００,140.34742553,37.42010104,geocoding,
A070089,さがわ内科・消化器科クリニック,963-8047,福島県郡山市富田東５－２０,140.36967831,37.42104563,geocoding,
A070093,ひらた中央病院,963-8202,福島県石川郡平田村上蓬田字清水内４,140.56814798,37.24394029,geocoding,
A070042,斎藤クリニック,963-8813,福島県郡山市芳賀３－３－２０,140.393875,37.38818915,geocoding,
A070040,せいの内科クリニック,963-8851,福島県郡山市開成６－１９２－２,140.35369797,37.38660785,geocoding,
A070085,医療法人　たかはし内科・眼科クリニック,963-8861,福島県郡山市鶴見坦１－９－１３,140.36269394,37.39338777,geocoding,
A070020,医療法人社団　慈水会　みずのクリニック,964-0903,福島県二本松市根崎１－５５,140.44822127,37.59875364,geocoding,
A070051,医療法人　長谷川内科　消化器科医院,965-0033,福島県会津若松市行仁町３－３１,139.93630608,37.49739925,geocoding,
A070088,あらい内科循環器科クリニック,965-0864,福島県会津若松市城西町５－５５,139.91570573,37.48225076,geocoding,
A070066,医療法人　吉田内科,965-0878,福島県会津若松市中町１－２６,139.92746528,37.4968048,geocoding,
A070092,きたむら整形外科,969-0222,福島県西白河郡矢吹町八幡町２６１－１,140.33103405,37.19782156,geocoding,
A070105,公益財団法人　福島県労働保健センター　いわき健診プラザ,970-1144,福島県いわき市好間工業団地２７－７,140.84315607,37.0764949,geocoding,
A070063,医療法人　昭栄会　佐藤クリニック,970-8026,福島県いわき市平字小太郎町３－７,140.89383609,37.05195733,geocoding,
A070108,中央台遠藤内科クリニック,970-8047,福島県いわき市中央台高久２－２２－１,140.9273493,37.00870365,geocoding,6
A070054,医療法人　門屋整形・内科,971-8101,福島県いわき市小名浜字鳥居北５５－２,140.888723,36.95073488,geocoding,
A070091,社団医療法人　養生会　かしま病院,971-8143,福島県いわき市鹿島町下蔵持字中沢目２２－１,140.91049702,36.99289708,geocoding,
A070034,小名浜生協病院,971-8151,福島県いわき市小名浜岡小名字山ノ神３２,140.90975583,36.97063898,geocoding,
A070062,花田内科クリニック,974-8232,福島県いわき市錦町綾の内１１９,140.78411803,36.91019247,geocoding,
A070031,阿部クリニック,976-0042,福島県相馬市中村１－１４－２,140.92466033,37.80137614,geocoding,
A040062,公益財団法人　宮城県結核予防会　健康相談所興生館,980-0004,宮城県仙台市青葉区宮町１－１－５,140.88269537,38.26602636,geocoding,
A040050,一般財団法人　周行会上杉クリニック　健診センター,980-0011,宮城県仙台市青葉区上杉２－３－３ノースフォー１階,140.86975479,38.27275291,geocoding,
A040019,朴澤耳鼻咽喉科,980-0803,宮城県仙台市青葉区国分町２－１４－１８　定禅寺パークビル３０３,140.86784162,38.26515353,geocoding,
A040013,棚橋よしかつ泌尿器科,980-0803,宮城県仙台市青葉区国分町２－２－１１,140.86858617,38.26219828,geocoding,
A040038,東二番丁診療所,980-0811,宮城県仙台市青葉区一番町１－９－１仙台トラストタワー３Ｆ,140.87629402,38.25656296,geocoding,
A040001,医療法人社団　進興会　せんだい総合健診クリニック,980-0811,宮城県仙台市青葉区一番町１－９－１仙台トラストタワー４階,140.87629402,38.25656296,geocoding,
A040064,シリウス外科・内科クリニック,980-0811,宮城県仙台市青葉区一番町２－４－１９シリウス一番町３Ｆ,140.87257202,38.25936811,geocoding,
A040004,一般財団法人　杜の都産業保健会　一番町健診クリニック,980-0811,宮城県仙台市青葉区一番町４－９－１８ＴＩＣビル５Ｆ,140.87016636,38.26497309,geocoding,
A040020,広瀬耳鼻咽喉科クリニック,980-0873,宮城県仙台市青葉区広瀬町４－８－１０９,140.85645108,38.26984426,geocoding,
A040068,ＬＣクリニック仙台,980-6111,宮城県仙台市青葉区中央１－３－１アエル１１Ｆ,140.88126248,38.26268213,geocoding,6
A040009,一般財団法人　宮城県成人病予防協会　中央診療所,980-6112,宮城県仙台市青葉区中央１－３－１アエル１２階,140.88126526,38.26267658,geocoding,
A040060,医療法人東北国際医療会　ゆりあげクリニック,981-1217,宮城県名取市美田園７－１７－３,140.91087905,38.15992764,geocoding,
A040035,医療法人社団祐人会　館腰クリニック,981-1226,宮城県名取市植松４－１７－１６,140.87963231,38.14383629,geocoding,
A040052,医療法人イルソーレ　時計台クリニック,981-1227,宮城県名取市杜せきのした２－６－７,140.89804079,38.16514318,geocoding,
A040022,医療法人　仙台胃腸クリニック,981-3121,宮城県仙台市泉区上谷刈２－４－３０,140.87216009,38.3166113,geocoding,
A040007,一般財団法人　宮城県成人病予防協会　附属仙台循環器病センター,981-3133,宮城県仙台市泉区泉中央１－６－１２,140.88106165,38.32495229,geocoding,
A040014,高森クリニック,981-3203,宮城県仙台市泉区高森４－６－６,140.8492616,38.33306986,geocoding,
A040069,寺岡よつばクリニック,981-3204,宮城県仙台市泉区寺岡５－１－２５,140.83094919,38.34179911,geocoding,6
A040041,新井川内科クリニック,982-0031,宮城県仙台市太白区泉崎１－２９－１５,140.86933713,38.21963111,geocoding,
A040036,山田医院,982-0803,宮城県仙台市太白区金剛沢３－１４－３３,140.8414312,38.23305122,geocoding,
A040070,高砂内科・消化器内科クリニック,983-0014,宮城県仙台市宮城野区高砂１－２９－４,140.97179278,38.26875689,geocoding,6
A040061,医療法人財団　明理会　ＩＭＳ　Ｍｅ－Ｌｉｆｅクリニック仙台,983-8477,宮城県仙台市宮城野区榴岡１－１－１ＪＲ仙台イーストゲートビル４Ｆ,140.88339296,38.26066018,geocoding,
A040051,一般社団法人　仙台産業医科診療所,984-0011,宮城県仙台市若林区六丁の目西町１－４３,140.93226951,38.25242651,geocoding,
A040049,医療法人　仁泉会　みやぎ健診プラザ,984-0015,宮城県仙台市若林区卸町１－６－９,140.92015096,38.25652077,geocoding,
A040066,一般社団法人喜清会　サンピア仙台健診クリニック,984-0016,宮城県仙台市若林区蒲町東４－２,140.93170891,38.24660755,geocoding,
A040071,卸町えきまえクリニック,984-0042,宮城県仙台市若林区大和町４－１９－２２サンデー仙台卸町店２Ｆ,140.9194653,38.2505378,geocoding,6
A040012,医療法人社団桜信会　さくらい循環器・内科クリニック,984-0816,宮城県仙台市若林区河原町１－１－５リライアンス河原町２階,140.88838542,38.24047889,geocoding,
A040042,医療法人　平樹会　平澤内科医院,985-0031,宮城県塩竈市石堂１－３３,141.01219506,38.3114587,geocoding,
A040056,公益財団法人　宮城厚生協会　坂総合クリニック,985-0835,宮城県多賀城市下馬２－１３－７,141.01583112,38.30599586,geocoding,
A040055,公益財団法人宮城厚生協会　坂総合病院,985-8506,宮城県塩竈市錦町１６－５,141.0155339,38.30649855,geocoding,
A040048,医療法人社団　緑水会　米川診療所,987-0901,宮城県登米市東和町米川字町下５９－１,141.32652728,38.76673764,geocoding,
A040059,医療法人　ひろせ会　広瀬病院,989-3121,宮城県仙台市青葉区郷六字大森４－２,140.8112174,38.25416781,geocoding,
A040063,公益財団法人　宮城県結核予防会　複十字健診センター,989-3203,宮城県仙台市青葉区中山吉成２－３－１,140.82112517,38.29636525,geocoding,
A060032,医療法人社団　芳優会　芳賀胃腸科内科クリニック,990-0025,山形県山形市あこや町２－１５－１,140.35286452,38.24275687,geocoding,
A060002,一般財団法人　日本健康管理協会　山形健康管理センター,990-0813,山形県山形市桧町４－８－３０,140.3272138,38.27723873,geocoding,
A060054,しろにし診療所,990-0832,山形県山形市城西町４－２７－２５,140.31838944,38.26145126,geocoding,
A060058,一般財団法人　全日本労働福祉協会東北支部,990-0853,山形県山形市西崎４９－６,140.30524402,38.2618981,geocoding,
A060010,杉山内科クリニック,990-0885,山形県山形市嶋北１－１４－３,140.3216781,38.28680718,geocoding,
A060076,大江町あかざクリニック,990-1101,山形県西村山郡大江町大字左沢字前田８７６－２９,140.20918157,38.38246969,geocoding,4
A060038,いそだ医院,990-2161,山形県山形市大字漆山２５７３－１,140.3428642,38.31146886,geocoding,
A060065,小田消化器科内科クリニック,990-2316,山形県山形市大字片谷地１２１－１２,140.3069006,38.20950293,geocoding,
A060073,医療法人　和田内科クリニック,990-2323,山形県山形市桜田東２－１０－３７,140.32224315,38.22006344,geocoding,
A060047,林内科・レディースクリニック,990-2339,山形県山形市成沢西２－１－２１,140.3139248,38.21198899,geocoding,
A060064,べにばな内科クリニック,990-2339,山形県山形市成沢西４－１１－３２,140.31606097,38.204762,geocoding,
A060041,小松胃腸科内科クリニック,990-2451,山形県山形市吉原２－４－１９,140.30929694,38.23040095,geocoding,
A060026,医療法人社団　大道寺内科医院,990-2483,山形県山形市上町３－１１－４,140.31994547,38.24138085,geocoding,
A060057,医療法人　よこやまクリニック,992-0026,山形県米沢市東１－３－２１,140.12812548,37.90416139,geocoding,
A060012,大辻外科胃腸科,992-0045,山形県米沢市中央１－２－１０,140.11276536,37.91284617,geocoding,
A060033,医療法人社団　根際会　もり医院,992-0057,山形県米沢市成島町２－１－３５,140.08763942,37.92210284,geocoding,
A060049,田中クリニック,992-0117,山形県米沢市大字川井２３５６－１,140.14569442,37.92383996,geocoding,
A060063,公立高畠病院,992-0351,山形県東置賜郡高畠町大字高畠３８６,140.18986802,38.00116648,geocoding,
A060003,さいとう内科胃腸科クリニック,994-0049,山形県天童市南町２－１０－５,140.37137785,38.34286335,geocoding,
A060004,栄町耳鼻咽喉科クリニック,996-0073,山形県新庄市栄町６－６,140.29575315,38.75945754,geocoding,
A060066,医療法人　千仁会　中目内科胃腸科医院,997-0027,山形県鶴岡市昭和町１０－５,139.83469918,38.72520815,geocoding,
A060059,医療法人社団久医会　池田内科医院,997-0034,山形県鶴岡市本町３－１７－１７,139.82169489,38.72249988,geocoding,
A060072,佐藤医院,997-0126,山形県鶴岡市羽黒町野荒町字街道上６－２,139.91710368,38.7180606,geocoding,
A060061,医療法人　菊地内科クリニック,997-0801,山形県鶴岡市東原町２５－５１,139.84441801,38.71867865,geocoding,
A060067,庄南クリニック,997-0857,山形県鶴岡市美咲町２４－８,139.80149911,38.73738932,geocoding,
A060060,おかべ内科胃腸科医院,997-1156,山形県鶴岡市平成町１１－１８,139.76906818,38.74548765,geocoding,
A060045,池田外科胃腸科医院,998-0011,山形県酒田市上安町１－８０－２８,139.86184029,38.92607696,geocoding,
A060078,健生ふれあいクリニック,998-0018,山形県酒田市泉町１－１６,139.84716912,38.93396183,geocoding,6
A060025,近藤内科循環器クリニック,998-0032,山形県酒田市相生町１－６－２５,139.84323388,38.9168161,geocoding,
A060062,医療法人本間病院,998-0044,山形県酒田市中町３－５－２３,139.83432907,38.91687685,geocoding,
A060018,医療法人社団健好会　サイトー内科,998-0046,山形県酒田市一番町９－９,139.84235625,38.91418021,geocoding,
A060035,いくま内科胃腸科クリニック,998-0103,山形県酒田市錦町５－３２－６９８,139.83395538,38.87788972,geocoding,
A060020,医療法人社団　池田内科医院,998-0125,山形県酒田市広野字末広１０５－４,139.84729664,38.8478659,geocoding,
A060029,医療法人　外科内科　渡邊クリニック,998-0842,山形県酒田市亀ケ崎３－２－１,139.8422704,38.90549775,geocoding,
A060048,医療法人かめがさき整形外科,998-0842,山形県酒田市亀ケ崎３－２－１３,139.84331478,38.90484508,geocoding,
A060043,松浦内科医院,998-0878,山形県酒田市こあら２－３－９,139.86123788,38.91535578,geocoding,
A060075,社会福祉法人　いいでめざみの里福祉会　さゆりクリニック,999-0602,山形県飯豊町萩生４３６２,139.9891081,38.061655,geocoding,3
A060044,医療法人社団　後藤医院,999-2211,山形県南陽市赤湯３４２,140.16237395,38.04882509,geocoding,
A060077,南陽矢吹クリニック,999-2262,山形県南陽市若狭郷屋９１７－１１,140.14455573,38.04839708,geocoding,6
A060056,医療法人　長清会　長岡医院,999-3142,山形県上山市沢丁９－１３,140.27398367,38.15558591,geocoding,
A060055,医療法人社団　真和会　宮崎外科胃腸科クリニック,999-3705,山形県東根市宮崎１－３－３０,140.38755996,38.44535264,geocoding,
A060074,医療法人財団明理会　山形ロイヤル病院,999-3712,山形県東根市大森２－３－６,140.38517351,38.42998766,geocoding,
A060050,すずき整形外科,999-7601,山形県鶴岡市藤島字笹花４２－３４,139.90450522,38.76670166,geocoding,
